{
  "per_city": {
    "london": {
      "models": {
        "MeteoFrance": {
          "n": 2,
          "mae": 0.5499999999999998,
          "bias": 0.14999999999999947,
          "hit_1c": 1.0,
          "bucket_hit": 0.5,
          "rank_avg": 2.5
        },
        "ICON": {
          "n": 2,
          "mae": 0.6500000000000004,
          "bias": 0.6500000000000004,
          "hit_1c": 0.5,
          "bucket_hit": 0.5,
          "rank_avg": 3.0
        },
        "GFS": {
          "n": 2,
          "mae": 0.6999999999999993,
          "bias": 0.5,
          "hit_1c": 0.5,
          "bucket_hit": 0.5,
          "rank_avg": 2.0
        },
        "UKMO": {
          "n": 2,
          "mae": 0.6999999999999993,
          "bias": 0.6999999999999993,
          "hit_1c": 0.5,
          "bucket_hit": 0.5,
          "rank_avg": 3.0
        },
        "ECMWF": {
          "n": 2,
          "mae": 0.9500000000000002,
          "bias": 0.9500000000000002,
          "hit_1c": 0.5,
          "bucket_hit": 0.0,
          "rank_avg": 4.5
        }
      },
      "consensus": {
        "n": 2,
        "mae": 0.5900000000000007,
        "bias": 0.5900000000000007,
        "hit_1c": 0.5,
        "bucket_hit": 0.5,
        "rank_avg": null
      },
      "days_measured": 2
    },
    "paris": {
      "models": {
        "MeteoFrance": {
          "n": 2,
          "mae": 0.5999999999999996,
          "bias": -0.20000000000000107,
          "hit_1c": 1.0,
          "bucket_hit": 0.5,
          "rank_avg": 3.0
        },
        "ICON": {
          "n": 2,
          "mae": 0.4499999999999993,
          "bias": -0.05000000000000071,
          "hit_1c": 1.0,
          "bucket_hit": 1.0,
          "rank_avg": 2.0
        },
        "GFS": {
          "n": 2,
          "mae": 1.5999999999999996,
          "bias": -1.5999999999999996,
          "hit_1c": 0.5,
          "bucket_hit": 0.5,
          "rank_avg": 3.0
        },
        "UKMO": {
          "n": 2,
          "mae": 0.5500000000000007,
          "bias": -0.5500000000000007,
          "hit_1c": 1.0,
          "bucket_hit": 0.5,
          "rank_avg": 2.5
        },
        "ECMWF": {
          "n": 2,
          "mae": 1.0999999999999996,
          "bias": -1.0999999999999996,
          "hit_1c": 0.5,
          "bucket_hit": 0.0,
          "rank_avg": 4.5
        }
      },
      "consensus": {
        "n": 2,
        "mae": 0.4875000000000007,
        "bias": -0.4875000000000007,
        "hit_1c": 1.0,
        "bucket_hit": 0.5,
        "rank_avg": null
      },
      "days_measured": 2
    }
  },
  "global": {
    "models": {
      "MeteoFrance": {
        "n": 4,
        "mae": 0.5749999999999997,
        "bias": -0.0250000000000008,
        "hit_1c": 1.0,
        "bucket_hit": 0.5,
        "rank_avg": 2.75
      },
      "ICON": {
        "n": 4,
        "mae": 0.5499999999999998,
        "bias": 0.2999999999999998,
        "hit_1c": 0.75,
        "bucket_hit": 0.75,
        "rank_avg": 2.5
      },
      "GFS": {
        "n": 4,
        "mae": 1.1499999999999995,
        "bias": -0.5499999999999998,
        "hit_1c": 0.5,
        "bucket_hit": 0.5,
        "rank_avg": 2.5
      },
      "UKMO": {
        "n": 4,
        "mae": 0.625,
        "bias": 0.07499999999999929,
        "hit_1c": 0.75,
        "bucket_hit": 0.5,
        "rank_avg": 2.75
      },
      "ECMWF": {
        "n": 4,
        "mae": 1.025,
        "bias": -0.07499999999999973,
        "hit_1c": 0.5,
        "bucket_hit": 0.0,
        "rank_avg": 4.5
      }
    },
    "consensus": {
      "n": 4,
      "mae": 0.5387500000000007,
      "bias": 0.05125000000000002,
      "hit_1c": 0.75,
      "bucket_hit": 0.5,
      "rank_avg": null
    },
    "days_measured": 4
  },
  "last_update": "2026-04-20T17:21:47.131586+03:00",
  "hit_window_c": 1.0
}