{
  "per_city": {
    "london": {
      "models": {
        "MeteoFrance": {
          "n": 11,
          "mae": 0.5763347763347763,
          "bias": -0.21818181818181837,
          "hit_1c": 0.8181818181818182,
          "bucket_hit": 0.5454545454545454,
          "rank_avg": 2.8181818181818183
        },
        "ICON": {
          "n": 11,
          "mae": 0.5707792207792213,
          "bias": -0.031818181818182106,
          "hit_1c": 0.8181818181818182,
          "bucket_hit": 0.45454545454545453,
          "rank_avg": 3.4545454545454546
        },
        "GFS": {
          "n": 11,
          "mae": 0.5682467532467537,
          "bias": -0.12636363636363657,
          "hit_1c": 0.7272727272727273,
          "bucket_hit": 0.6363636363636364,
          "rank_avg": 2.727272727272727
        },
        "UKMO": {
          "n": 11,
          "mae": 0.5074170274170264,
          "bias": 0.2527272727272725,
          "hit_1c": 0.8181818181818182,
          "bucket_hit": 0.7272727272727273,
          "rank_avg": 3.090909090909091
        },
        "ECMWF": {
          "n": 11,
          "mae": 0.5046248196248198,
          "bias": 0.44181818181818194,
          "hit_1c": 0.7272727272727273,
          "bucket_hit": 0.6363636363636364,
          "rank_avg": 2.909090909090909
        }
      },
      "consensus": {
        "n": 11,
        "mae": 0.4688744588744591,
        "bias": 0.06363636363636292,
        "hit_1c": 0.9090909090909091,
        "bucket_hit": 0.6363636363636364,
        "rank_avg": null
      },
      "days_measured": 11
    },
    "paris": {
      "models": {
        "MeteoFrance": {
          "n": 10,
          "mae": 0.5959523809523807,
          "bias": 0.485,
          "hit_1c": 0.9,
          "bucket_hit": 0.5,
          "rank_avg": 3.1
        },
        "ICON": {
          "n": 10,
          "mae": 0.3558968253968251,
          "bias": -0.016999999999999994,
          "hit_1c": 1.0,
          "bucket_hit": 0.8,
          "rank_avg": 2.3
        },
        "GFS": {
          "n": 10,
          "mae": 0.8415000000000001,
          "bias": -0.526,
          "hit_1c": 0.6,
          "bucket_hit": 0.3,
          "rank_avg": 3.5
        },
        "UKMO": {
          "n": 10,
          "mae": 0.5028095238095247,
          "bias": -0.010999999999999944,
          "hit_1c": 1.0,
          "bucket_hit": 0.5,
          "rank_avg": 2.9
        },
        "ECMWF": {
          "n": 10,
          "mae": 0.730357142857143,
          "bias": -0.45,
          "hit_1c": 0.8,
          "bucket_hit": 0.4,
          "rank_avg": 3.2
        }
      },
      "consensus": {
        "n": 10,
        "mae": 0.39996984126984075,
        "bias": -0.10379999999999967,
        "hit_1c": 1.0,
        "bucket_hit": 0.5,
        "rank_avg": null
      },
      "days_measured": 10
    }
  },
  "global": {
    "models": {
      "MeteoFrance": {
        "n": 21,
        "mae": 0.5856764928193497,
        "bias": 0.11666666666666654,
        "hit_1c": 0.8571428571428571,
        "bucket_hit": 0.5238095238095238,
        "rank_avg": 2.9523809523809526
      },
      "ICON": {
        "n": 21,
        "mae": 0.46845427059712785,
        "bias": -0.024761904761904912,
        "hit_1c": 0.9047619047619048,
        "bucket_hit": 0.6190476190476191,
        "rank_avg": 2.9047619047619047
      },
      "GFS": {
        "n": 21,
        "mae": 0.6983673469387758,
        "bias": -0.31666666666666676,
        "hit_1c": 0.6666666666666666,
        "bucket_hit": 0.47619047619047616,
        "rank_avg": 3.0952380952380953
      },
      "UKMO": {
        "n": 21,
        "mae": 0.5052229780801208,
        "bias": 0.12714285714285706,
        "hit_1c": 0.9047619047619048,
        "bucket_hit": 0.6190476190476191,
        "rank_avg": 3.0
      },
      "ECMWF": {
        "n": 21,
        "mae": 0.6121164021164023,
        "bias": 0.0171428571428572,
        "hit_1c": 0.7619047619047619,
        "bucket_hit": 0.5238095238095238,
        "rank_avg": 3.0476190476190474
      }
    },
    "consensus": {
      "n": 21,
      "mae": 0.4360627362055932,
      "bias": -0.01609523809523831,
      "hit_1c": 0.9523809523809523,
      "bucket_hit": 0.5714285714285714,
      "rank_avg": null
    },
    "days_measured": 21
  },
  "last_update": "2026-04-29T12:27:52.305442+03:00",
  "hit_window_c": 1.0
}