{
  "per_city": {
    "london": {
      "models": {
        "MeteoFrance": {
          "n": 12,
          "mae": 1.0664766768948386,
          "bias": 0.22776244942775273,
          "hit_1c": 0.5,
          "bucket_hit": 0.4166666666666667,
          "rank_avg": 3.5833333333333335
        },
        "ICON": {
          "n": 12,
          "mae": 0.5792297690146176,
          "bias": -0.27024494952619094,
          "hit_1c": 0.8333333333333334,
          "bucket_hit": 0.4166666666666667,
          "rank_avg": 2.5
        },
        "GFS": {
          "n": 12,
          "mae": 0.9961017922579091,
          "bias": -0.0767982030668944,
          "hit_1c": 0.5,
          "bucket_hit": 0.4166666666666667,
          "rank_avg": 3.25
        },
        "UKMO": {
          "n": 12,
          "mae": 0.3656852919055904,
          "bias": 0.06388204675129276,
          "hit_1c": 0.8333333333333334,
          "bucket_hit": 0.75,
          "rank_avg": 2.0
        },
        "ECMWF": {
          "n": 12,
          "mae": 0.9779664179254036,
          "bias": 0.30546915748875253,
          "hit_1c": 0.5,
          "bucket_hit": 0.3333333333333333,
          "rank_avg": 3.6666666666666665
        }
      },
      "consensus": {
        "n": 12,
        "mae": 0.6744372989523487,
        "bias": 0.05001410021494331,
        "hit_1c": 0.6666666666666666,
        "bucket_hit": 0.4166666666666667,
        "rank_avg": null
      },
      "days_measured": 12
    },
    "paris": {
      "models": {
        "MeteoFrance": {
          "n": 11,
          "mae": 0.8710441117404474,
          "bias": 0.5570290389589068,
          "hit_1c": 0.6363636363636364,
          "bucket_hit": 0.2727272727272727,
          "rank_avg": 3.6363636363636362
        },
        "ICON": {
          "n": 11,
          "mae": 0.31069660451448394,
          "bias": 0.0481292357012409,
          "hit_1c": 1.0,
          "bucket_hit": 0.8181818181818182,
          "rank_avg": 1.5454545454545454
        },
        "GFS": {
          "n": 11,
          "mae": 0.8736010818329525,
          "bias": -0.6331242566731664,
          "hit_1c": 0.7272727272727273,
          "bucket_hit": 0.2727272727272727,
          "rank_avg": 3.727272727272727
        },
        "UKMO": {
          "n": 11,
          "mae": 0.5514610583609205,
          "bias": 0.37579798817995813,
          "hit_1c": 0.8181818181818182,
          "bucket_hit": 0.6363636363636364,
          "rank_avg": 2.4545454545454546
        },
        "ECMWF": {
          "n": 11,
          "mae": 0.9264086356532512,
          "bias": -0.8021600501314261,
          "hit_1c": 0.6363636363636364,
          "bucket_hit": 0.36363636363636365,
          "rank_avg": 3.6363636363636362
        }
      },
      "consensus": {
        "n": 11,
        "mae": 0.4081123642272137,
        "bias": -0.13277812236692943,
        "hit_1c": 0.9090909090909091,
        "bucket_hit": 0.7272727272727273,
        "rank_avg": null
      },
      "days_measured": 11
    }
  },
  "global": {
    "models": {
      "MeteoFrance": {
        "n": 23,
        "mae": 0.9730089283427384,
        "bias": 0.38523777485569594,
        "hit_1c": 0.5652173913043478,
        "bucket_hit": 0.34782608695652173,
        "rank_avg": 3.608695652173913
      },
      "ICON": {
        "n": 23,
        "mae": 0.45080086425368415,
        "bias": -0.1179790348522018,
        "hit_1c": 0.9130434782608695,
        "bucket_hit": 0.6086956521739131,
        "rank_avg": 2.0434782608695654
      },
      "GFS": {
        "n": 23,
        "mae": 0.9375144959677124,
        "bias": -0.3428671852264158,
        "hit_1c": 0.6086956521739131,
        "bucket_hit": 0.34782608695652173,
        "rank_avg": 3.4782608695652173
      },
      "UKMO": {
        "n": 23,
        "mae": 0.4545345715146613,
        "bias": 0.21305923613021968,
        "hit_1c": 0.8260869565217391,
        "bucket_hit": 0.6956521739130435,
        "rank_avg": 2.217391304347826
      },
      "ECMWF": {
        "n": 23,
        "mae": 0.9533083481430699,
        "bias": -0.22426655050350683,
        "hit_1c": 0.5652173913043478,
        "bucket_hit": 0.34782608695652173,
        "rank_avg": 3.652173913043478
      }
    },
    "consensus": {
      "n": 23,
      "mae": 0.5470645040838058,
      "bias": -0.03740826710682191,
      "hit_1c": 0.782608695652174,
      "bucket_hit": 0.5652173913043478,
      "rank_avg": null
    },
    "days_measured": 23
  },
  "last_update": "2026-06-02T02:37:52.122496+03:00",
  "hit_window_c": 1.0
}