{
  "per_city": {
    "london": {
      "models": {
        "MeteoFrance": {
          "n": 11,
          "mae": 1.068582289402251,
          "bias": 0.3433149393133031,
          "hit_1c": 0.5454545454545454,
          "bucket_hit": 0.45454545454545453,
          "rank_avg": 3.5454545454545454
        },
        "ICON": {
          "n": 11,
          "mae": 0.6013682879642581,
          "bias": -0.264293939431429,
          "hit_1c": 0.8181818181818182,
          "bucket_hit": 0.36363636363636365,
          "rank_avg": 2.5454545454545454
        },
        "GFS": {
          "n": 11,
          "mae": 1.0250344864341074,
          "bias": -0.02215784368027326,
          "hit_1c": 0.45454545454545453,
          "bucket_hit": 0.45454545454545453,
          "rank_avg": 3.272727272727273
        },
        "UKMO": {
          "n": 11,
          "mae": 0.3919604587968667,
          "bias": 0.07665845610155131,
          "hit_1c": 0.8181818181818182,
          "bucket_hit": 0.7272727272727273,
          "rank_avg": 2.090909090909091
        },
        "ECMWF": {
          "n": 11,
          "mae": 0.9635485478289403,
          "bias": 0.43656298898650286,
          "hit_1c": 0.5454545454545454,
          "bucket_hit": 0.36363636363636365,
          "rank_avg": 3.5454545454545454
        }
      },
      "consensus": {
        "n": 11,
        "mae": 0.6762936970154776,
        "bias": 0.11401692025793185,
        "hit_1c": 0.6363636363636364,
        "bucket_hit": 0.45454545454545453,
        "rank_avg": null
      },
      "days_measured": 11
    },
    "paris": {
      "models": {
        "MeteoFrance": {
          "n": 11,
          "mae": 0.9328577466622586,
          "bias": 0.6896966014097665,
          "hit_1c": 0.5454545454545454,
          "bucket_hit": 0.18181818181818182,
          "rank_avg": 3.727272727272727
        },
        "ICON": {
          "n": 11,
          "mae": 0.3325741041719868,
          "bias": 0.08556378766068659,
          "hit_1c": 1.0,
          "bucket_hit": 0.8181818181818182,
          "rank_avg": 1.7272727272727273
        },
        "GFS": {
          "n": 11,
          "mae": 0.8817180639106955,
          "bias": -0.586120002283295,
          "hit_1c": 0.7272727272727273,
          "bucket_hit": 0.2727272727272727,
          "rank_avg": 3.727272727272727
        },
        "UKMO": {
          "n": 11,
          "mae": 0.6073511512455899,
          "bias": 0.48317432130121124,
          "hit_1c": 0.8181818181818182,
          "bucket_hit": 0.5454545454545454,
          "rank_avg": 2.5454545454545454
        },
        "ECMWF": {
          "n": 11,
          "mae": 0.8670625131352878,
          "bias": -0.7418408776825874,
          "hit_1c": 0.6363636363636364,
          "bucket_hit": 0.45454545454545453,
          "rank_avg": 3.272727272727273
        }
      },
      "consensus": {
        "n": 11,
        "mae": 0.4257827816319665,
        "bias": -0.055817747492875665,
        "hit_1c": 0.9090909090909091,
        "bucket_hit": 0.6363636363636364,
        "rank_avg": null
      },
      "days_measured": 11
    }
  },
  "global": {
    "models": {
      "MeteoFrance": {
        "n": 22,
        "mae": 1.0007200180322549,
        "bias": 0.5165057703615349,
        "hit_1c": 0.5454545454545454,
        "bucket_hit": 0.3181818181818182,
        "rank_avg": 3.6363636363636362
      },
      "ICON": {
        "n": 22,
        "mae": 0.4669711960681225,
        "bias": -0.0893650758853712,
        "hit_1c": 0.9090909090909091,
        "bucket_hit": 0.5909090909090909,
        "rank_avg": 2.1363636363636362
      },
      "GFS": {
        "n": 22,
        "mae": 0.9533762751724015,
        "bias": -0.30413892298178413,
        "hit_1c": 0.5909090909090909,
        "bucket_hit": 0.36363636363636365,
        "rank_avg": 3.5
      },
      "UKMO": {
        "n": 22,
        "mae": 0.4996558050212283,
        "bias": 0.2799163887013813,
        "hit_1c": 0.8181818181818182,
        "bucket_hit": 0.6363636363636364,
        "rank_avg": 2.3181818181818183
      },
      "ECMWF": {
        "n": 22,
        "mae": 0.915305530482114,
        "bias": -0.1526389443480423,
        "hit_1c": 0.5909090909090909,
        "bucket_hit": 0.4090909090909091,
        "rank_avg": 3.409090909090909
      }
    },
    "consensus": {
      "n": 22,
      "mae": 0.551038239323722,
      "bias": 0.029099586382528096,
      "hit_1c": 0.7727272727272727,
      "bucket_hit": 0.5454545454545454,
      "rank_avg": null
    },
    "days_measured": 22
  },
  "last_update": "2026-06-01T04:07:53.052931+03:00",
  "hit_window_c": 1.0
}