{
  "per_city": {
    "london": {
      "models": {
        "MeteoFrance": {
          "n": 10,
          "mae": 0.9802425691855694,
          "bias": -0.9354802506354181,
          "hit_1c": 0.5,
          "bucket_hit": 0.3,
          "rank_avg": 3.7
        },
        "ICON": {
          "n": 10,
          "mae": 0.5040487549951965,
          "bias": -0.4211546498994913,
          "hit_1c": 0.9,
          "bucket_hit": 0.6,
          "rank_avg": 2.7
        },
        "GFS": {
          "n": 10,
          "mae": 0.7499621695309735,
          "bias": -0.6054001602106964,
          "hit_1c": 0.6,
          "bucket_hit": 0.3,
          "rank_avg": 3.0
        },
        "UKMO": {
          "n": 10,
          "mae": 0.6031042705749001,
          "bias": -0.5785279986531282,
          "hit_1c": 0.6,
          "bucket_hit": 0.6,
          "rank_avg": 2.6
        },
        "ECMWF": {
          "n": 10,
          "mae": 0.7278473050577409,
          "bias": -0.39144197552753734,
          "hit_1c": 0.8,
          "bucket_hit": 0.5,
          "rank_avg": 3.0
        }
      },
      "consensus": {
        "n": 10,
        "mae": 0.6242407769606556,
        "bias": -0.5864010069852534,
        "hit_1c": 0.8,
        "bucket_hit": 0.5,
        "rank_avg": null
      },
      "days_measured": 10
    },
    "paris": {
      "models": {
        "MeteoFrance": {
          "n": 10,
          "mae": 0.5196371407755063,
          "bias": -0.009450509638485016,
          "hit_1c": 0.8,
          "bucket_hit": 0.6,
          "rank_avg": 3.1
        },
        "ICON": {
          "n": 10,
          "mae": 0.35567019757501406,
          "bias": -0.22598282107669085,
          "hit_1c": 0.9,
          "bucket_hit": 0.9,
          "rank_avg": 2.0
        },
        "GFS": {
          "n": 10,
          "mae": 0.6044872851657107,
          "bias": -0.49139885761567825,
          "hit_1c": 0.7,
          "bucket_hit": 0.6,
          "rank_avg": 3.6
        },
        "UKMO": {
          "n": 10,
          "mae": 0.5461272755108973,
          "bias": -0.16716514361612003,
          "hit_1c": 0.8,
          "bucket_hit": 0.7,
          "rank_avg": 2.7
        },
        "ECMWF": {
          "n": 10,
          "mae": 0.8197379563538378,
          "bias": -0.6274217275911285,
          "hit_1c": 0.7,
          "bucket_hit": 0.3,
          "rank_avg": 3.6
        }
      },
      "consensus": {
        "n": 10,
        "mae": 0.4083776834143077,
        "bias": -0.30428381190762044,
        "hit_1c": 0.9,
        "bucket_hit": 0.7,
        "rank_avg": null
      },
      "days_measured": 10
    }
  },
  "global": {
    "models": {
      "MeteoFrance": {
        "n": 20,
        "mae": 0.7499398549805378,
        "bias": -0.47246538013695155,
        "hit_1c": 0.65,
        "bucket_hit": 0.45,
        "rank_avg": 3.4
      },
      "ICON": {
        "n": 20,
        "mae": 0.4298594762851053,
        "bias": -0.32356873548809106,
        "hit_1c": 0.9,
        "bucket_hit": 0.75,
        "rank_avg": 2.35
      },
      "GFS": {
        "n": 20,
        "mae": 0.677224727348342,
        "bias": -0.5483995089131873,
        "hit_1c": 0.65,
        "bucket_hit": 0.45,
        "rank_avg": 3.3
      },
      "UKMO": {
        "n": 20,
        "mae": 0.5746157730428988,
        "bias": -0.37284657113462416,
        "hit_1c": 0.7,
        "bucket_hit": 0.65,
        "rank_avg": 2.65
      },
      "ECMWF": {
        "n": 20,
        "mae": 0.7737926307057894,
        "bias": -0.5094318515593329,
        "hit_1c": 0.75,
        "bucket_hit": 0.4,
        "rank_avg": 3.3
      }
    },
    "consensus": {
      "n": 20,
      "mae": 0.5163092301874816,
      "bias": -0.445342409446437,
      "hit_1c": 0.85,
      "bucket_hit": 0.6,
      "rank_avg": null
    },
    "days_measured": 20
  },
  "last_update": "2026-05-23T17:50:33.370217+03:00",
  "hit_window_c": 1.0
}