{
  "per_city": {
    "london": {
      "models": {
        "MeteoFrance": {
          "n": 10,
          "mae": 0.9599893621307263,
          "bias": 0.03936642382688156,
          "hit_1c": 0.6,
          "bucket_hit": 0.4,
          "rank_avg": 3.8
        },
        "ICON": {
          "n": 10,
          "mae": 0.47654694262931657,
          "bias": -0.23648856596381976,
          "hit_1c": 0.9,
          "bucket_hit": 0.6,
          "rank_avg": 2.5
        },
        "GFS": {
          "n": 10,
          "mae": 0.9590492706300413,
          "bias": -0.11046350702177143,
          "hit_1c": 0.5,
          "bucket_hit": 0.4,
          "rank_avg": 3.5
        },
        "UKMO": {
          "n": 10,
          "mae": 0.29203958755845394,
          "bias": 0.19779431757629312,
          "hit_1c": 0.9,
          "bucket_hit": 0.9,
          "rank_avg": 2.1
        },
        "ECMWF": {
          "n": 10,
          "mae": 0.7360772205436262,
          "bias": 0.3219845918345797,
          "hit_1c": 0.7,
          "bucket_hit": 0.6,
          "rank_avg": 3.1
        }
      },
      "consensus": {
        "n": 10,
        "mae": 0.5491220632680538,
        "bias": 0.04243865205043349,
        "hit_1c": 0.8,
        "bucket_hit": 0.6,
        "rank_avg": null
      },
      "days_measured": 10
    },
    "paris": {
      "models": {
        "MeteoFrance": {
          "n": 10,
          "mae": 0.8109164218831785,
          "bias": 0.7096011452711652,
          "hit_1c": 0.6,
          "bucket_hit": 0.4,
          "rank_avg": 3.6
        },
        "ICON": {
          "n": 10,
          "mae": 0.31286443765584127,
          "bias": 0.14534996531402128,
          "hit_1c": 1.0,
          "bucket_hit": 0.9,
          "rank_avg": 1.7
        },
        "GFS": {
          "n": 10,
          "mae": 0.7998109760424816,
          "bias": -0.7391776159281056,
          "hit_1c": 0.7,
          "bucket_hit": 0.2,
          "rank_avg": 3.8
        },
        "UKMO": {
          "n": 10,
          "mae": 0.5057131574158189,
          "bias": 0.3170923740160008,
          "hit_1c": 0.9,
          "bucket_hit": 0.7,
          "rank_avg": 2.4
        },
        "ECMWF": {
          "n": 10,
          "mae": 0.8595500621577958,
          "bias": -0.6672338333950865,
          "hit_1c": 0.7,
          "bucket_hit": 0.3,
          "rank_avg": 3.5
        }
      },
      "consensus": {
        "n": 10,
        "mae": 0.2598738819763048,
        "bias": -0.046873592944400674,
        "hit_1c": 1.0,
        "bucket_hit": 0.8,
        "rank_avg": null
      },
      "days_measured": 10
    }
  },
  "global": {
    "models": {
      "MeteoFrance": {
        "n": 20,
        "mae": 0.8854528920069523,
        "bias": 0.37448378454902337,
        "hit_1c": 0.6,
        "bucket_hit": 0.4,
        "rank_avg": 3.7
      },
      "ICON": {
        "n": 20,
        "mae": 0.3947056901425789,
        "bias": -0.04556930032489923,
        "hit_1c": 0.95,
        "bucket_hit": 0.75,
        "rank_avg": 2.1
      },
      "GFS": {
        "n": 20,
        "mae": 0.8794301233362616,
        "bias": -0.4248205614749385,
        "hit_1c": 0.6,
        "bucket_hit": 0.3,
        "rank_avg": 3.65
      },
      "UKMO": {
        "n": 20,
        "mae": 0.3988763724871364,
        "bias": 0.25744334579614697,
        "hit_1c": 0.9,
        "bucket_hit": 0.8,
        "rank_avg": 2.25
      },
      "ECMWF": {
        "n": 20,
        "mae": 0.7978136413507111,
        "bias": -0.1726246207802534,
        "hit_1c": 0.7,
        "bucket_hit": 0.45,
        "rank_avg": 3.3
      }
    },
    "consensus": {
      "n": 20,
      "mae": 0.40449797262217924,
      "bias": -0.002217470446983594,
      "hit_1c": 0.9,
      "bucket_hit": 0.7,
      "rank_avg": null
    },
    "days_measured": 20
  },
  "last_update": "2026-05-29T18:30:56.001611+03:00",
  "hit_window_c": 1.0
}