{
  "per_city": {
    "london": {
      "models": {
        "MeteoFrance": {
          "n": 12,
          "mae": 1.0139193074707862,
          "bias": 0.09685661660823304,
          "hit_1c": 0.5,
          "bucket_hit": 0.3333333333333333,
          "rank_avg": 3.4166666666666665
        },
        "ICON": {
          "n": 12,
          "mae": 0.7224805162364011,
          "bias": 0.02263034608634973,
          "hit_1c": 0.75,
          "bucket_hit": 0.4166666666666667,
          "rank_avg": 3.0
        },
        "GFS": {
          "n": 12,
          "mae": 0.8572844159163661,
          "bias": -0.10755381443714122,
          "hit_1c": 0.75,
          "bucket_hit": 0.25,
          "rank_avg": 3.0833333333333335
        },
        "UKMO": {
          "n": 12,
          "mae": 0.7272128525292403,
          "bias": -0.1468225017666168,
          "hit_1c": 0.5833333333333334,
          "bucket_hit": 0.4166666666666667,
          "rank_avg": 1.9166666666666667
        },
        "ECMWF": {
          "n": 12,
          "mae": 1.0486953241465016,
          "bias": -0.011939747987336732,
          "hit_1c": 0.5833333333333334,
          "bucket_hit": 0.25,
          "rank_avg": 3.5833333333333335
        }
      },
      "consensus": {
        "n": 12,
        "mae": 0.7965420739853935,
        "bias": -0.029365820299301976,
        "hit_1c": 0.75,
        "bucket_hit": 0.4166666666666667,
        "rank_avg": null
      },
      "days_measured": 12
    },
    "paris": {
      "models": {
        "MeteoFrance": {
          "n": 12,
          "mae": 0.6325464822456587,
          "bias": 0.253630126283151,
          "hit_1c": 0.75,
          "bucket_hit": 0.5,
          "rank_avg": 3.1666666666666665
        },
        "ICON": {
          "n": 12,
          "mae": 0.49948011048070223,
          "bias": -0.31052876816619895,
          "hit_1c": 0.8333333333333334,
          "bucket_hit": 0.75,
          "rank_avg": 2.5833333333333335
        },
        "GFS": {
          "n": 12,
          "mae": 0.5967934417641333,
          "bias": -0.3622753371782827,
          "hit_1c": 0.8333333333333334,
          "bucket_hit": 0.6666666666666666,
          "rank_avg": 3.1666666666666665
        },
        "UKMO": {
          "n": 12,
          "mae": 0.4085100119174645,
          "bias": -0.32168362618841134,
          "hit_1c": 0.8333333333333334,
          "bucket_hit": 0.75,
          "rank_avg": 2.0833333333333335
        },
        "ECMWF": {
          "n": 12,
          "mae": 0.9732882253441205,
          "bias": -0.6973463254475756,
          "hit_1c": 0.5833333333333334,
          "bucket_hit": 0.25,
          "rank_avg": 4.0
        }
      },
      "consensus": {
        "n": 12,
        "mae": 0.5145733309068862,
        "bias": -0.287640786139463,
        "hit_1c": 0.9166666666666666,
        "bucket_hit": 0.5833333333333334,
        "rank_avg": null
      },
      "days_measured": 12
    }
  },
  "global": {
    "models": {
      "MeteoFrance": {
        "n": 24,
        "mae": 0.8232328948582226,
        "bias": 0.17524337144569202,
        "hit_1c": 0.625,
        "bucket_hit": 0.4166666666666667,
        "rank_avg": 3.2916666666666665
      },
      "ICON": {
        "n": 24,
        "mae": 0.6109803133585516,
        "bias": -0.1439492110399246,
        "hit_1c": 0.7916666666666666,
        "bucket_hit": 0.5833333333333334,
        "rank_avg": 2.7916666666666665
      },
      "GFS": {
        "n": 24,
        "mae": 0.7270389288402498,
        "bias": -0.23491457580771194,
        "hit_1c": 0.7916666666666666,
        "bucket_hit": 0.4583333333333333,
        "rank_avg": 3.125
      },
      "UKMO": {
        "n": 24,
        "mae": 0.5678614322233524,
        "bias": -0.23425306397751408,
        "hit_1c": 0.7083333333333334,
        "bucket_hit": 0.5833333333333334,
        "rank_avg": 2.0
      },
      "ECMWF": {
        "n": 24,
        "mae": 1.0109917747453112,
        "bias": -0.3546430367174562,
        "hit_1c": 0.5833333333333334,
        "bucket_hit": 0.25,
        "rank_avg": 3.7916666666666665
      }
    },
    "consensus": {
      "n": 24,
      "mae": 0.6555577024461398,
      "bias": -0.15850330321938247,
      "hit_1c": 0.8333333333333334,
      "bucket_hit": 0.5,
      "rank_avg": null
    },
    "days_measured": 24
  },
  "last_update": "2026-05-18T21:55:54.682125+03:00",
  "hit_window_c": 1.0
}