{
  "per_city": {
    "london": {
      "models": {
        "MeteoFrance": {
          "n": 12,
          "mae": 0.668476638235935,
          "bias": 0.31667245105519876,
          "hit_1c": 0.75,
          "bucket_hit": 0.4166666666666667,
          "rank_avg": 3.25
        },
        "ICON": {
          "n": 12,
          "mae": 0.6586406110078121,
          "bias": 0.12518364420184014,
          "hit_1c": 0.9166666666666666,
          "bucket_hit": 0.4166666666666667,
          "rank_avg": 3.4166666666666665
        },
        "GFS": {
          "n": 12,
          "mae": 0.6386271926119186,
          "bias": 0.1017078107538237,
          "hit_1c": 0.9166666666666666,
          "bucket_hit": 0.5,
          "rank_avg": 3.25
        },
        "UKMO": {
          "n": 12,
          "mae": 0.48113682988105627,
          "bias": 0.19379767323349414,
          "hit_1c": 0.9166666666666666,
          "bucket_hit": 0.5833333333333334,
          "rank_avg": 2.3333333333333335
        },
        "ECMWF": {
          "n": 12,
          "mae": 0.5705415630821463,
          "bias": 0.16263440705850693,
          "hit_1c": 0.8333333333333334,
          "bucket_hit": 0.5,
          "rank_avg": 2.75
        }
      },
      "consensus": {
        "n": 12,
        "mae": 0.49267466359945217,
        "bias": 0.1799991972605731,
        "hit_1c": 0.9166666666666666,
        "bucket_hit": 0.6666666666666666,
        "rank_avg": null
      },
      "days_measured": 12
    },
    "paris": {
      "models": {
        "MeteoFrance": {
          "n": 12,
          "mae": 0.4738926653761184,
          "bias": 0.2869578971453506,
          "hit_1c": 0.9166666666666666,
          "bucket_hit": 0.6666666666666666,
          "rank_avg": 2.75
        },
        "ICON": {
          "n": 12,
          "mae": 0.33861410033071754,
          "bias": -0.12662680116689287,
          "hit_1c": 1.0,
          "bucket_hit": 0.8333333333333334,
          "rank_avg": 2.3333333333333335
        },
        "GFS": {
          "n": 12,
          "mae": 1.1031862081321153,
          "bias": -0.1824048114763356,
          "hit_1c": 0.4166666666666667,
          "bucket_hit": 0.3333333333333333,
          "rank_avg": 4.166666666666667
        },
        "UKMO": {
          "n": 12,
          "mae": 0.39221857134023824,
          "bias": -0.12740997094864306,
          "hit_1c": 0.8333333333333334,
          "bucket_hit": 0.75,
          "rank_avg": 2.3333333333333335
        },
        "ECMWF": {
          "n": 12,
          "mae": 0.5202152222632277,
          "bias": -0.37782569968963325,
          "hit_1c": 0.8333333333333334,
          "bucket_hit": 0.6666666666666666,
          "rank_avg": 3.4166666666666665
        }
      },
      "consensus": {
        "n": 12,
        "mae": 0.378437881633985,
        "bias": -0.10546187722723104,
        "hit_1c": 0.9166666666666666,
        "bucket_hit": 0.5833333333333334,
        "rank_avg": null
      },
      "days_measured": 12
    }
  },
  "global": {
    "models": {
      "MeteoFrance": {
        "n": 24,
        "mae": 0.5711846518060267,
        "bias": 0.30181517410027464,
        "hit_1c": 0.8333333333333334,
        "bucket_hit": 0.5416666666666666,
        "rank_avg": 3.0
      },
      "ICON": {
        "n": 24,
        "mae": 0.49862735566926486,
        "bias": -0.0007215784825263712,
        "hit_1c": 0.9583333333333334,
        "bucket_hit": 0.625,
        "rank_avg": 2.875
      },
      "GFS": {
        "n": 24,
        "mae": 0.8709067003720169,
        "bias": -0.04034850036125596,
        "hit_1c": 0.6666666666666666,
        "bucket_hit": 0.4166666666666667,
        "rank_avg": 3.7083333333333335
      },
      "UKMO": {
        "n": 24,
        "mae": 0.43667770061064726,
        "bias": 0.03319385114242553,
        "hit_1c": 0.875,
        "bucket_hit": 0.6666666666666666,
        "rank_avg": 2.3333333333333335
      },
      "ECMWF": {
        "n": 24,
        "mae": 0.5453783926726871,
        "bias": -0.10759564631556318,
        "hit_1c": 0.8333333333333334,
        "bucket_hit": 0.5833333333333334,
        "rank_avg": 3.0833333333333335
      }
    },
    "consensus": {
      "n": 24,
      "mae": 0.4355562726167186,
      "bias": 0.03726866001667103,
      "hit_1c": 0.9166666666666666,
      "bucket_hit": 0.625,
      "rank_avg": null
    },
    "days_measured": 24
  },
  "last_update": "2026-05-10T08:52:12.120101+03:00",
  "hit_window_c": 1.0
}