{
  "per_city": {
    "london": {
      "models": {
        "MeteoFrance": {
          "n": 13,
          "mae": 1.1269000907039348,
          "bias": -0.22151720584955867,
          "hit_1c": 0.38461538461538464,
          "bucket_hit": 0.3076923076923077,
          "rank_avg": 3.5384615384615383
        },
        "ICON": {
          "n": 13,
          "mae": 0.8032623525646072,
          "bias": -0.13734658968619953,
          "hit_1c": 0.6923076923076923,
          "bucket_hit": 0.38461538461538464,
          "rank_avg": 3.0
        },
        "GFS": {
          "n": 13,
          "mae": 0.8880161207887245,
          "bias": -0.20144165885495285,
          "hit_1c": 0.6923076923076923,
          "bucket_hit": 0.23076923076923078,
          "rank_avg": 3.0
        },
        "UKMO": {
          "n": 13,
          "mae": 0.804009026048971,
          "bias": -0.2682640868834723,
          "hit_1c": 0.5384615384615384,
          "bucket_hit": 0.38461538461538464,
          "rank_avg": 2.1538461538461537
        },
        "ECMWF": {
          "n": 13,
          "mae": 1.0483926067131537,
          "bias": -0.0672798063354146,
          "hit_1c": 0.6153846153846154,
          "bucket_hit": 0.23076923076923078,
          "rank_avg": 3.3076923076923075
        }
      },
      "consensus": {
        "n": 13,
        "mae": 0.8347838185300056,
        "bias": -0.179169869521919,
        "hit_1c": 0.6923076923076923,
        "bucket_hit": 0.38461538461538464,
        "rank_avg": null
      },
      "days_measured": 13
    },
    "paris": {
      "models": {
        "MeteoFrance": {
          "n": 12,
          "mae": 0.5313892574600586,
          "bias": 0.0598899893186533,
          "hit_1c": 0.8333333333333334,
          "bucket_hit": 0.5833333333333334,
          "rank_avg": 3.0
        },
        "ICON": {
          "n": 12,
          "mae": 0.46877439304287094,
          "bias": -0.2650129521475213,
          "hit_1c": 0.8333333333333334,
          "bucket_hit": 0.75,
          "rank_avg": 2.5
        },
        "GFS": {
          "n": 12,
          "mae": 0.6417744398806047,
          "bias": -0.4464070232467077,
          "hit_1c": 0.75,
          "bucket_hit": 0.5833333333333334,
          "rank_avg": 3.3333333333333335
        },
        "UKMO": {
          "n": 12,
          "mae": 0.42459029070529475,
          "bias": -0.3377639049762416,
          "hit_1c": 0.8333333333333334,
          "bucket_hit": 0.75,
          "rank_avg": 2.4166666666666665
        },
        "ECMWF": {
          "n": 12,
          "mae": 0.9817444952331504,
          "bias": -0.5464310338043168,
          "hit_1c": 0.5833333333333334,
          "bucket_hit": 0.25,
          "rank_avg": 3.75
        }
      },
      "consensus": {
        "n": 12,
        "mae": 0.5201385199999242,
        "bias": -0.30714498497122644,
        "hit_1c": 0.9166666666666666,
        "bucket_hit": 0.5833333333333334,
        "rank_avg": null
      },
      "days_measured": 12
    }
  },
  "global": {
    "models": {
      "MeteoFrance": {
        "n": 25,
        "mae": 0.8410548907468742,
        "bias": -0.08644175216881692,
        "hit_1c": 0.6,
        "bucket_hit": 0.44,
        "rank_avg": 3.28
      },
      "ICON": {
        "n": 25,
        "mae": 0.6427081319941738,
        "bias": -0.198626443667634,
        "hit_1c": 0.76,
        "bucket_hit": 0.56,
        "rank_avg": 2.76
      },
      "GFS": {
        "n": 25,
        "mae": 0.769820113952827,
        "bias": -0.3190250337629952,
        "hit_1c": 0.72,
        "bucket_hit": 0.4,
        "rank_avg": 3.16
      },
      "UKMO": {
        "n": 25,
        "mae": 0.6218880330840064,
        "bias": -0.30162399956800157,
        "hit_1c": 0.68,
        "bucket_hit": 0.56,
        "rank_avg": 2.28
      },
      "ECMWF": {
        "n": 25,
        "mae": 1.0164015132027522,
        "bias": -0.2972723955204877,
        "hit_1c": 0.6,
        "bucket_hit": 0.24,
        "rank_avg": 3.52
      }
    },
    "consensus": {
      "n": 25,
      "mae": 0.6837540752355664,
      "bias": -0.24059792493758658,
      "hit_1c": 0.8,
      "bucket_hit": 0.48,
      "rank_avg": null
    },
    "days_measured": 25
  },
  "last_update": "2026-05-20T12:55:34.994585+03:00",
  "hit_window_c": 1.0
}