{
  "per_city": {
    "london": {
      "models": {
        "MeteoFrance": {
          "n": 11,
          "mae": 0.9307187220446466,
          "bias": -0.8108474777926148,
          "hit_1c": 0.5454545454545454,
          "bucket_hit": 0.36363636363636365,
          "rank_avg": 3.6363636363636362
        },
        "ICON": {
          "n": 11,
          "mae": 0.519939354550225,
          "bias": -0.44458107719049295,
          "hit_1c": 0.9090909090909091,
          "bucket_hit": 0.5454545454545454,
          "rank_avg": 2.8181818181818183
        },
        "GFS": {
          "n": 11,
          "mae": 0.6994746850090036,
          "bias": -0.5680546765360245,
          "hit_1c": 0.6363636363636364,
          "bucket_hit": 0.36363636363636365,
          "rank_avg": 2.909090909090909
        },
        "UKMO": {
          "n": 11,
          "mae": 0.5645064276729211,
          "bias": -0.509704726170741,
          "hit_1c": 0.6363636363636364,
          "bucket_hit": 0.6363636363636364,
          "rank_avg": 2.4545454545454546
        },
        "ECMWF": {
          "n": 11,
          "mae": 0.7427195478277224,
          "bias": -0.27481616179525775,
          "hit_1c": 0.8181818181818182,
          "bucket_hit": 0.45454545454545453,
          "rank_avg": 3.1818181818181817
        }
      },
      "consensus": {
        "n": 11,
        "mae": 0.578982616053801,
        "bias": -0.5216008238970254,
        "hit_1c": 0.8181818181818182,
        "bucket_hit": 0.5454545454545454,
        "rank_avg": null
      },
      "days_measured": 11
    },
    "paris": {
      "models": {
        "MeteoFrance": {
          "n": 11,
          "mae": 0.591438356126686,
          "bias": 0.11044958302305764,
          "hit_1c": 0.7272727272727273,
          "bucket_hit": 0.5454545454545454,
          "rank_avg": 3.1818181818181817
        },
        "ICON": {
          "n": 11,
          "mae": 0.35297134516607576,
          "bias": -0.17580412633547418,
          "hit_1c": 0.9090909090909091,
          "bucket_hit": 0.9090909090909091,
          "rank_avg": 2.0
        },
        "GFS": {
          "n": 11,
          "mae": 0.6412249085492209,
          "bias": -0.5384172471401004,
          "hit_1c": 0.6363636363636364,
          "bucket_hit": 0.5454545454545454,
          "rank_avg": 3.5454545454545454
        },
        "UKMO": {
          "n": 11,
          "mae": 0.5207670817022815,
          "bias": -0.12768057204955258,
          "hit_1c": 0.8181818181818182,
          "bucket_hit": 0.7272727272727273,
          "rank_avg": 2.5454545454545454
        },
        "ECMWF": {
          "n": 11,
          "mae": 0.8699961669042956,
          "bias": -0.6951632316654689,
          "hit_1c": 0.6363636363636364,
          "bucket_hit": 0.2727272727272727,
          "rank_avg": 3.727272727272727
        }
      },
      "consensus": {
        "n": 11,
        "mae": 0.3799539111123138,
        "bias": -0.28532311883350725,
        "hit_1c": 0.9090909090909091,
        "bucket_hit": 0.7272727272727273,
        "rank_avg": null
      },
      "days_measured": 11
    }
  },
  "global": {
    "models": {
      "MeteoFrance": {
        "n": 22,
        "mae": 0.7610785390856664,
        "bias": -0.3501989473847786,
        "hit_1c": 0.6363636363636364,
        "bucket_hit": 0.45454545454545453,
        "rank_avg": 3.409090909090909
      },
      "ICON": {
        "n": 22,
        "mae": 0.4364553498581504,
        "bias": -0.3101926017629836,
        "hit_1c": 0.9090909090909091,
        "bucket_hit": 0.7272727272727273,
        "rank_avg": 2.409090909090909
      },
      "GFS": {
        "n": 22,
        "mae": 0.6703497967791122,
        "bias": -0.5532359618380625,
        "hit_1c": 0.6363636363636364,
        "bucket_hit": 0.45454545454545453,
        "rank_avg": 3.227272727272727
      },
      "UKMO": {
        "n": 22,
        "mae": 0.5426367546876013,
        "bias": -0.31869264911014683,
        "hit_1c": 0.7272727272727273,
        "bucket_hit": 0.6818181818181818,
        "rank_avg": 2.5
      },
      "ECMWF": {
        "n": 22,
        "mae": 0.8063578573660091,
        "bias": -0.48498969673036335,
        "hit_1c": 0.7272727272727273,
        "bucket_hit": 0.36363636363636365,
        "rank_avg": 3.4545454545454546
      }
    },
    "consensus": {
      "n": 22,
      "mae": 0.4794682635830574,
      "bias": -0.40346197136526635,
      "hit_1c": 0.8636363636363636,
      "bucket_hit": 0.6363636363636364,
      "rank_avg": null
    },
    "days_measured": 22
  },
  "last_update": "2026-05-24T08:47:53.500553+03:00",
  "hit_window_c": 1.0
}