{
  "per_city": {
    "london": {
      "models": {
        "MeteoFrance": {
          "n": 10,
          "mae": 1.1108216057730989,
          "bias": -0.11146581981549097,
          "hit_1c": 0.5,
          "bucket_hit": 0.3,
          "rank_avg": 3.9
        },
        "ICON": {
          "n": 10,
          "mae": 0.6100597993965678,
          "bias": -0.3875017784138386,
          "hit_1c": 0.8,
          "bucket_hit": 0.5,
          "rank_avg": 2.7
        },
        "GFS": {
          "n": 10,
          "mae": 1.0482614586949999,
          "bias": -0.19967569508673008,
          "hit_1c": 0.4,
          "bucket_hit": 0.3,
          "rank_avg": 3.4
        },
        "UKMO": {
          "n": 10,
          "mae": 0.42096584490989847,
          "bias": 0.03608507528106095,
          "hit_1c": 0.8,
          "bucket_hit": 0.8,
          "rank_avg": 2.3
        },
        "ECMWF": {
          "n": 10,
          "mae": 0.71008562723008,
          "bias": 0.34797618514812606,
          "hit_1c": 0.8,
          "bucket_hit": 0.6,
          "rank_avg": 2.7
        }
      },
      "consensus": {
        "n": 10,
        "mae": 0.6544771218958607,
        "bias": -0.06291640657737343,
        "hit_1c": 0.7,
        "bucket_hit": 0.5,
        "rank_avg": null
      },
      "days_measured": 10
    },
    "paris": {
      "models": {
        "MeteoFrance": {
          "n": 10,
          "mae": 0.8158085308845104,
          "bias": 0.7047090362698333,
          "hit_1c": 0.6,
          "bucket_hit": 0.4,
          "rank_avg": 3.8
        },
        "ICON": {
          "n": 10,
          "mae": 0.27542810979127896,
          "bias": 0.1848920468118232,
          "hit_1c": 1.0,
          "bucket_hit": 0.9,
          "rank_avg": 1.6
        },
        "GFS": {
          "n": 10,
          "mae": 0.7274774077836739,
          "bias": -0.6143889802336414,
          "hit_1c": 0.7,
          "bucket_hit": 0.3,
          "rank_avg": 3.7
        },
        "UKMO": {
          "n": 10,
          "mae": 0.4879070988675155,
          "bias": 0.2436230407053797,
          "hit_1c": 0.9,
          "bucket_hit": 0.7,
          "rank_avg": 2.6
        },
        "ECMWF": {
          "n": 10,
          "mae": 0.7784264519297416,
          "bias": -0.5861102231670323,
          "hit_1c": 0.7,
          "bucket_hit": 0.4,
          "rank_avg": 3.3
        }
      },
      "consensus": {
        "n": 10,
        "mae": 0.22645530495463131,
        "bias": -0.01345501592272722,
        "hit_1c": 1.0,
        "bucket_hit": 0.8,
        "rank_avg": null
      },
      "days_measured": 10
    }
  },
  "global": {
    "models": {
      "MeteoFrance": {
        "n": 20,
        "mae": 0.9633150683288045,
        "bias": 0.29662160822717115,
        "hit_1c": 0.55,
        "bucket_hit": 0.35,
        "rank_avg": 3.85
      },
      "ICON": {
        "n": 20,
        "mae": 0.4427439545939234,
        "bias": -0.1013048658010077,
        "hit_1c": 0.9,
        "bucket_hit": 0.7,
        "rank_avg": 2.15
      },
      "GFS": {
        "n": 20,
        "mae": 0.8878694332393369,
        "bias": -0.40703233766018576,
        "hit_1c": 0.55,
        "bucket_hit": 0.3,
        "rank_avg": 3.55
      },
      "UKMO": {
        "n": 20,
        "mae": 0.45443647188870695,
        "bias": 0.13985405799322032,
        "hit_1c": 0.85,
        "bucket_hit": 0.75,
        "rank_avg": 2.45
      },
      "ECMWF": {
        "n": 20,
        "mae": 0.7442560395799107,
        "bias": -0.11906701900945312,
        "hit_1c": 0.75,
        "bucket_hit": 0.5,
        "rank_avg": 3.0
      }
    },
    "consensus": {
      "n": 20,
      "mae": 0.440466213425246,
      "bias": -0.038185711250050325,
      "hit_1c": 0.85,
      "bucket_hit": 0.65,
      "rank_avg": null
    },
    "days_measured": 20
  },
  "last_update": "2026-05-28T23:18:04.924299+03:00",
  "hit_window_c": 1.0
}