{
  "per_city": {
    "london": {
      "models": {
        "MeteoFrance": {
          "n": 11,
          "mae": 0.6933665387721063,
          "bias": 0.29402585924960806,
          "hit_1c": 0.7272727272727273,
          "bucket_hit": 0.36363636363636365,
          "rank_avg": 3.272727272727273
        },
        "ICON": {
          "n": 11,
          "mae": 0.6244691855778203,
          "bias": 0.2356507783651984,
          "hit_1c": 0.9090909090909091,
          "bucket_hit": 0.5454545454545454,
          "rank_avg": 3.272727272727273
        },
        "GFS": {
          "n": 11,
          "mae": 0.6472200206000726,
          "bias": 0.15836823327804436,
          "hit_1c": 0.9090909090909091,
          "bucket_hit": 0.5454545454545454,
          "rank_avg": 3.0
        },
        "UKMO": {
          "n": 11,
          "mae": 0.593817692271625,
          "bias": 0.26937358661439814,
          "hit_1c": 0.8181818181818182,
          "bucket_hit": 0.5454545454545454,
          "rank_avg": 2.727272727272727
        },
        "ECMWF": {
          "n": 11,
          "mae": 0.6076989546793996,
          "bias": 0.28113047650926926,
          "hit_1c": 0.7272727272727273,
          "bucket_hit": 0.5454545454545454,
          "rank_avg": 2.727272727272727
        }
      },
      "consensus": {
        "n": 11,
        "mae": 0.5242712693978433,
        "bias": 0.24770978680330363,
        "hit_1c": 0.9090909090909091,
        "bucket_hit": 0.6363636363636364,
        "rank_avg": null
      },
      "days_measured": 11
    },
    "paris": {
      "models": {
        "MeteoFrance": {
          "n": 11,
          "mae": 0.45358304671631944,
          "bias": 0.19813905713123975,
          "hit_1c": 0.9090909090909091,
          "bucket_hit": 0.7272727272727273,
          "rank_avg": 2.4545454545454546
        },
        "ICON": {
          "n": 11,
          "mae": 0.40603253895633934,
          "bias": -0.11850536926258264,
          "hit_1c": 1.0,
          "bucket_hit": 0.7272727272727273,
          "rank_avg": 2.5454545454545454
        },
        "GFS": {
          "n": 11,
          "mae": 1.117374791497442,
          "bias": -0.056526786263639425,
          "hit_1c": 0.45454545454545453,
          "bucket_hit": 0.2727272727272727,
          "rank_avg": 4.090909090909091
        },
        "UKMO": {
          "n": 11,
          "mae": 0.4889125561667026,
          "bias": -0.1026278492460009,
          "hit_1c": 0.8181818181818182,
          "bucket_hit": 0.5454545454545454,
          "rank_avg": 2.4545454545454546
        },
        "ECMWF": {
          "n": 11,
          "mae": 0.557944408107555,
          "bias": -0.23864934452077644,
          "hit_1c": 0.9090909090909091,
          "bucket_hit": 0.6363636363636364,
          "rank_avg": 3.4545454545454546
        }
      },
      "consensus": {
        "n": 11,
        "mae": 0.4469533204072388,
        "bias": -0.06363405843235205,
        "hit_1c": 0.9090909090909091,
        "bucket_hit": 0.45454545454545453,
        "rank_avg": null
      },
      "days_measured": 11
    }
  },
  "global": {
    "models": {
      "MeteoFrance": {
        "n": 22,
        "mae": 0.5734747927442129,
        "bias": 0.2460824581904239,
        "hit_1c": 0.8181818181818182,
        "bucket_hit": 0.5454545454545454,
        "rank_avg": 2.8636363636363638
      },
      "ICON": {
        "n": 22,
        "mae": 0.5152508622670798,
        "bias": 0.05857270455130789,
        "hit_1c": 0.9545454545454546,
        "bucket_hit": 0.6363636363636364,
        "rank_avg": 2.909090909090909
      },
      "GFS": {
        "n": 22,
        "mae": 0.8822974060487574,
        "bias": 0.05092072350720247,
        "hit_1c": 0.6818181818181818,
        "bucket_hit": 0.4090909090909091,
        "rank_avg": 3.5454545454545454
      },
      "UKMO": {
        "n": 22,
        "mae": 0.5413651242191638,
        "bias": 0.08337286868419862,
        "hit_1c": 0.8181818181818182,
        "bucket_hit": 0.5454545454545454,
        "rank_avg": 2.590909090909091
      },
      "ECMWF": {
        "n": 22,
        "mae": 0.5828216813934772,
        "bias": 0.021240565994246407,
        "hit_1c": 0.8181818181818182,
        "bucket_hit": 0.5909090909090909,
        "rank_avg": 3.090909090909091
      }
    },
    "consensus": {
      "n": 22,
      "mae": 0.48561229490254104,
      "bias": 0.09203786418547578,
      "hit_1c": 0.9090909090909091,
      "bucket_hit": 0.5454545454545454,
      "rank_avg": null
    },
    "days_measured": 22
  },
  "last_update": "2026-05-07T21:05:35.934473+03:00",
  "hit_window_c": 1.0
}