{
  "per_city": {
    "london": {
      "models": {
        "MeteoFrance": {
          "n": 13,
          "mae": 1.0842245297693236,
          "bias": -0.37976074349193073,
          "hit_1c": 0.46153846153846156,
          "bucket_hit": 0.3076923076923077,
          "rank_avg": 3.5384615384615383
        },
        "ICON": {
          "n": 13,
          "mae": 0.7601723170058057,
          "bias": -0.18107951130198308,
          "hit_1c": 0.6923076923076923,
          "bucket_hit": 0.46153846153846156,
          "rank_avg": 2.923076923076923
        },
        "GFS": {
          "n": 13,
          "mae": 0.8158369250675719,
          "bias": -0.27412888878333175,
          "hit_1c": 0.6923076923076923,
          "bucket_hit": 0.3076923076923077,
          "rank_avg": 2.769230769230769
        },
        "UKMO": {
          "n": 13,
          "mae": 0.7682040484624453,
          "bias": -0.3140939421255009,
          "hit_1c": 0.5384615384615384,
          "bucket_hit": 0.46153846153846156,
          "rank_avg": 2.230769230769231
        },
        "ECMWF": {
          "n": 13,
          "mae": 1.0380083676891798,
          "bias": -0.13672164784847646,
          "hit_1c": 0.6153846153846154,
          "bucket_hit": 0.3076923076923077,
          "rank_avg": 3.5384615384615383
        }
      },
      "consensus": {
        "n": 13,
        "mae": 0.7939570167649925,
        "bias": -0.257156946710244,
        "hit_1c": 0.6923076923076923,
        "bucket_hit": 0.46153846153846156,
        "rank_avg": null
      },
      "days_measured": 13
    },
    "paris": {
      "models": {
        "MeteoFrance": {
          "n": 12,
          "mae": 0.501852682591715,
          "bias": 0.03035341445030963,
          "hit_1c": 0.8333333333333334,
          "bucket_hit": 0.6666666666666666,
          "rank_avg": 2.8333333333333335
        },
        "ICON": {
          "n": 12,
          "mae": 0.4467355692725894,
          "bias": -0.32621628389321583,
          "hit_1c": 0.8333333333333334,
          "bucket_hit": 0.75,
          "rank_avg": 2.25
        },
        "GFS": {
          "n": 12,
          "mae": 0.6772801586809821,
          "bias": -0.5031668005718792,
          "hit_1c": 0.75,
          "bucket_hit": 0.5,
          "rank_avg": 3.5
        },
        "UKMO": {
          "n": 12,
          "mae": 0.4410857129243322,
          "bias": -0.297965343032572,
          "hit_1c": 0.8333333333333334,
          "bucket_hit": 0.75,
          "rank_avg": 2.3333333333333335
        },
        "ECMWF": {
          "n": 12,
          "mae": 1.0406652360486506,
          "bias": -0.6053517746198169,
          "hit_1c": 0.5833333333333334,
          "bucket_hit": 0.16666666666666666,
          "rank_avg": 4.083333333333333
        }
      },
      "consensus": {
        "n": 12,
        "mae": 0.5156233166091783,
        "bias": -0.34046935753343455,
        "hit_1c": 0.9166666666666666,
        "bucket_hit": 0.5833333333333334,
        "rank_avg": null
      },
      "days_measured": 12
    }
  },
  "global": {
    "models": {
      "MeteoFrance": {
        "n": 25,
        "mae": 0.8046860431240713,
        "bias": -0.18290594767965537,
        "hit_1c": 0.64,
        "bucket_hit": 0.48,
        "rank_avg": 3.2
      },
      "ICON": {
        "n": 25,
        "mae": 0.6097226780938619,
        "bias": -0.2507451621457748,
        "hit_1c": 0.76,
        "bucket_hit": 0.6,
        "rank_avg": 2.6
      },
      "GFS": {
        "n": 25,
        "mae": 0.7493296772020088,
        "bias": -0.3840670864418345,
        "hit_1c": 0.72,
        "bucket_hit": 0.4,
        "rank_avg": 3.12
      },
      "UKMO": {
        "n": 25,
        "mae": 0.611187247404151,
        "bias": -0.306352214560895,
        "hit_1c": 0.68,
        "bucket_hit": 0.6,
        "rank_avg": 2.28
      },
      "ECMWF": {
        "n": 25,
        "mae": 1.0392836645017258,
        "bias": -0.3616641086987199,
        "hit_1c": 0.6,
        "bucket_hit": 0.24,
        "rank_avg": 3.8
      }
    },
    "consensus": {
      "n": 25,
      "mae": 0.6603568406902017,
      "bias": -0.29714690390537546,
      "hit_1c": 0.8,
      "bucket_hit": 0.52,
      "rank_avg": null
    },
    "days_measured": 25
  },
  "last_update": "2026-05-21T12:40:37.084413+03:00",
  "hit_window_c": 1.0
}