{
  "per_city": {
    "london": {
      "models": {
        "MeteoFrance": {
          "n": 13,
          "mae": 0.9627681572197925,
          "bias": 0.4698463163311076,
          "hit_1c": 0.5384615384615384,
          "bucket_hit": 0.3076923076923077,
          "rank_avg": 3.4615384615384617
        },
        "ICON": {
          "n": 13,
          "mae": 0.8738987331294565,
          "bias": 0.17461757773700695,
          "hit_1c": 0.6923076923076923,
          "bucket_hit": 0.3076923076923077,
          "rank_avg": 3.3076923076923075
        },
        "GFS": {
          "n": 13,
          "mae": 0.9232500206410111,
          "bias": 0.16618108850370136,
          "hit_1c": 0.7692307692307693,
          "bucket_hit": 0.3076923076923077,
          "rank_avg": 3.3076923076923075
        },
        "UKMO": {
          "n": 13,
          "mae": 0.6416931257116241,
          "bias": 0.22771037941628786,
          "hit_1c": 0.7692307692307693,
          "bucket_hit": 0.46153846153846156,
          "rank_avg": 1.8461538461538463
        },
        "ECMWF": {
          "n": 13,
          "mae": 0.8704884943792959,
          "bias": 0.2701624981086047,
          "hit_1c": 0.6153846153846154,
          "bucket_hit": 0.38461538461538464,
          "rank_avg": 3.076923076923077
        }
      },
      "consensus": {
        "n": 13,
        "mae": 0.7391238285917873,
        "bias": 0.26170357201934197,
        "hit_1c": 0.7692307692307693,
        "bucket_hit": 0.5384615384615384,
        "rank_avg": null
      },
      "days_measured": 13
    },
    "paris": {
      "models": {
        "MeteoFrance": {
          "n": 14,
          "mae": 0.5453953354891425,
          "bias": 0.2678695570115405,
          "hit_1c": 0.8571428571428571,
          "bucket_hit": 0.5714285714285714,
          "rank_avg": 2.7857142857142856
        },
        "ICON": {
          "n": 14,
          "mae": 0.41016938976990847,
          "bias": -0.19265198380402623,
          "hit_1c": 0.9285714285714286,
          "bucket_hit": 0.7857142857142857,
          "rank_avg": 2.357142857142857
        },
        "GFS": {
          "n": 14,
          "mae": 0.9306662836952011,
          "bias": -0.19251011349362784,
          "hit_1c": 0.6428571428571429,
          "bucket_hit": 0.42857142857142855,
          "rank_avg": 3.5714285714285716
        },
        "UKMO": {
          "n": 14,
          "mae": 0.42810852491159856,
          "bias": -0.31164258586899685,
          "hit_1c": 0.7857142857142857,
          "bucket_hit": 0.7142857142857143,
          "rank_avg": 2.357142857142857
        },
        "ECMWF": {
          "n": 14,
          "mae": 0.8409320085893974,
          "bias": -0.5466479321864207,
          "hit_1c": 0.7142857142857143,
          "bucket_hit": 0.42857142857142855,
          "rank_avg": 3.9285714285714284
        }
      },
      "consensus": {
        "n": 14,
        "mae": 0.4849740406850505,
        "bias": -0.19511661166830624,
        "hit_1c": 0.9285714285714286,
        "bucket_hit": 0.5,
        "rank_avg": null
      },
      "days_measured": 14
    }
  },
  "global": {
    "models": {
      "MeteoFrance": {
        "n": 27,
        "mae": 0.746352620026122,
        "bias": 0.3651176263135543,
        "hit_1c": 0.7037037037037037,
        "bucket_hit": 0.4444444444444444,
        "rank_avg": 3.111111111111111
      },
      "ICON": {
        "n": 27,
        "mae": 0.6334464810170983,
        "bias": -0.015818491210195452,
        "hit_1c": 0.8148148148148148,
        "bucket_hit": 0.5555555555555556,
        "rank_avg": 2.814814814814815
      },
      "GFS": {
        "n": 27,
        "mae": 0.9270954903728132,
        "bias": -0.019806942161580448,
        "hit_1c": 0.7037037037037037,
        "bucket_hit": 0.37037037037037035,
        "rank_avg": 3.4444444444444446
      },
      "UKMO": {
        "n": 27,
        "mae": 0.5309455549264256,
        "bias": -0.05195412110200791,
        "hit_1c": 0.7777777777777778,
        "bucket_hit": 0.5925925925925926,
        "rank_avg": 2.111111111111111
      },
      "ECMWF": {
        "n": 27,
        "mae": 0.855162909154904,
        "bias": -0.1533688361184455,
        "hit_1c": 0.6666666666666666,
        "bucket_hit": 0.4074074074074074,
        "rank_avg": 3.5185185185185186
      }
    },
    "consensus": {
      "n": 27,
      "mae": 0.6073424570845906,
      "bias": 0.02483384714426513,
      "hit_1c": 0.8518518518518519,
      "bucket_hit": 0.5185185185185185,
      "rank_avg": null
    },
    "days_measured": 27
  },
  "last_update": "2026-05-14T01:52:53.669071+03:00",
  "hit_window_c": 1.0
}