{
  "per_city": {
    "london": {
      "models": {
        "MeteoFrance": {
          "n": 10,
          "mae": 0.8768059626160005,
          "bias": -0.7449475939387655,
          "hit_1c": 0.6,
          "bucket_hit": 0.4,
          "rank_avg": 3.5
        },
        "ICON": {
          "n": 10,
          "mae": 0.5544715322315469,
          "bias": -0.4715774271358416,
          "hit_1c": 0.9,
          "bucket_hit": 0.5,
          "rank_avg": 3.0
        },
        "GFS": {
          "n": 10,
          "mae": 0.6728040446595337,
          "bias": -0.5282420353392567,
          "hit_1c": 0.6,
          "bucket_hit": 0.4,
          "rank_avg": 3.0
        },
        "UKMO": {
          "n": 10,
          "mae": 0.5081860324985843,
          "bias": -0.4479041608461863,
          "hit_1c": 0.7,
          "bucket_hit": 0.7,
          "rank_avg": 2.4
        },
        "ECMWF": {
          "n": 10,
          "mae": 0.6999752527996342,
          "bias": -0.18528152816392307,
          "hit_1c": 0.9,
          "bucket_hit": 0.5,
          "rank_avg": 3.1
        }
      },
      "consensus": {
        "n": 10,
        "mae": 0.5387105204572471,
        "bias": -0.47559054908479403,
        "hit_1c": 0.8,
        "bucket_hit": 0.6,
        "rank_avg": null
      },
      "days_measured": 10
    },
    "paris": {
      "models": {
        "MeteoFrance": {
          "n": 10,
          "mae": 0.5868307434213416,
          "bias": 0.1852459896433766,
          "hit_1c": 0.7,
          "bucket_hit": 0.6,
          "rank_avg": 3.2
        },
        "ICON": {
          "n": 10,
          "mae": 0.3565778777931531,
          "bias": -0.16169393707949134,
          "hit_1c": 0.9,
          "bucket_hit": 0.9,
          "rank_avg": 2.1
        },
        "GFS": {
          "n": 10,
          "mae": 0.6628069126450662,
          "bias": -0.5497184850950336,
          "hit_1c": 0.6,
          "bucket_hit": 0.5,
          "rank_avg": 3.7
        },
        "UKMO": {
          "n": 10,
          "mae": 0.43586875822389254,
          "bias": -0.003473597605890788,
          "hit_1c": 0.9,
          "bucket_hit": 0.8,
          "rank_avg": 2.4
        },
        "ECMWF": {
          "n": 10,
          "mae": 0.7716047090164742,
          "bias": -0.5792884802537648,
          "hit_1c": 0.7,
          "bucket_hit": 0.3,
          "rank_avg": 3.6
        }
      },
      "consensus": {
        "n": 10,
        "mae": 0.3258795735848475,
        "bias": -0.22178570207816026,
        "hit_1c": 0.9,
        "bucket_hit": 0.8,
        "rank_avg": null
      },
      "days_measured": 10
    }
  },
  "global": {
    "models": {
      "MeteoFrance": {
        "n": 20,
        "mae": 0.731818353018671,
        "bias": -0.2798508021476945,
        "hit_1c": 0.65,
        "bucket_hit": 0.5,
        "rank_avg": 3.35
      },
      "ICON": {
        "n": 20,
        "mae": 0.45552470501235,
        "bias": -0.31663568210766646,
        "hit_1c": 0.9,
        "bucket_hit": 0.7,
        "rank_avg": 2.55
      },
      "GFS": {
        "n": 20,
        "mae": 0.6678054786522999,
        "bias": -0.5389802602171452,
        "hit_1c": 0.6,
        "bucket_hit": 0.45,
        "rank_avg": 3.35
      },
      "UKMO": {
        "n": 20,
        "mae": 0.47202739536123844,
        "bias": -0.22568887922603853,
        "hit_1c": 0.8,
        "bucket_hit": 0.75,
        "rank_avg": 2.4
      },
      "ECMWF": {
        "n": 20,
        "mae": 0.7357899809080541,
        "bias": -0.3822850042088439,
        "hit_1c": 0.8,
        "bucket_hit": 0.4,
        "rank_avg": 3.35
      }
    },
    "consensus": {
      "n": 20,
      "mae": 0.43229504702104726,
      "bias": -0.34868812558147716,
      "hit_1c": 0.85,
      "bucket_hit": 0.7,
      "rank_avg": null
    },
    "days_measured": 20
  },
  "last_update": "2026-05-24T14:40:48.701317+03:00",
  "hit_window_c": 1.0
}