{
  "per_city": {
    "london": {
      "models": {
        "MeteoFrance": {
          "n": 11,
          "mae": 0.9739097472817062,
          "bias": -0.500411667768081,
          "hit_1c": 0.5454545454545454,
          "bucket_hit": 0.36363636363636365,
          "rank_avg": 3.5454545454545454
        },
        "ICON": {
          "n": 11,
          "mae": 0.5105720681319373,
          "bias": -0.42219971311114307,
          "hit_1c": 0.9090909090909091,
          "bucket_hit": 0.5454545454545454,
          "rank_avg": 2.8181818181818183
        },
        "GFS": {
          "n": 11,
          "mae": 0.786934771084963,
          "bias": -0.30492530164121007,
          "hit_1c": 0.5454545454545454,
          "bucket_hit": 0.36363636363636365,
          "rank_avg": 3.0
        },
        "UKMO": {
          "n": 11,
          "mae": 0.47543313507563895,
          "bias": -0.3937397679650616,
          "hit_1c": 0.7272727272727273,
          "bucket_hit": 0.7272727272727273,
          "rank_avg": 2.3636363636363638
        },
        "ECMWF": {
          "n": 11,
          "mae": 0.8350030960145699,
          "bias": 0.030224204229517812,
          "hit_1c": 0.8181818181818182,
          "bucket_hit": 0.45454545454545453,
          "rank_avg": 3.272727272727273
        }
      },
      "consensus": {
        "n": 11,
        "mae": 0.6038814321506607,
        "bias": -0.31821044925119485,
        "hit_1c": 0.7272727272727273,
        "bucket_hit": 0.5454545454545454,
        "rank_avg": null
      },
      "days_measured": 11
    },
    "paris": {
      "models": {
        "MeteoFrance": {
          "n": 10,
          "mae": 0.6103317306249917,
          "bias": 0.42469580451105104,
          "hit_1c": 0.7,
          "bucket_hit": 0.6,
          "rank_avg": 3.5
        },
        "ICON": {
          "n": 10,
          "mae": 0.22153517744922818,
          "bias": 0.06568755068033187,
          "hit_1c": 1.0,
          "bucket_hit": 1.0,
          "rank_avg": 1.8
        },
        "GFS": {
          "n": 10,
          "mae": 0.6526699994348766,
          "bias": -0.5395815718848441,
          "hit_1c": 0.7,
          "bucket_hit": 0.5,
          "rank_avg": 3.9
        },
        "UKMO": {
          "n": 10,
          "mae": 0.29877685800114284,
          "bias": 0.13431302213803686,
          "hit_1c": 1.0,
          "bucket_hit": 0.9,
          "rank_avg": 2.2
        },
        "ECMWF": {
          "n": 10,
          "mae": 0.7205071767650197,
          "bias": -0.5281909480023105,
          "hit_1c": 0.7,
          "bucket_hit": 0.3,
          "rank_avg": 3.6
        }
      },
      "consensus": {
        "n": 10,
        "mae": 0.19270910001823366,
        "bias": -0.08861522851154646,
        "hit_1c": 1.0,
        "bucket_hit": 0.9,
        "rank_avg": null
      },
      "days_measured": 10
    }
  },
  "global": {
    "models": {
      "MeteoFrance": {
        "n": 21,
        "mae": 0.8007773583975565,
        "bias": -0.05988430001611339,
        "hit_1c": 0.6190476190476191,
        "bucket_hit": 0.47619047619047616,
        "rank_avg": 3.5238095238095237
      },
      "ICON": {
        "n": 21,
        "mae": 0.3729354535211235,
        "bias": -0.18987244463901215,
        "hit_1c": 0.9523809523809523,
        "bucket_hit": 0.7619047619047619,
        "rank_avg": 2.3333333333333335
      },
      "GFS": {
        "n": 21,
        "mae": 0.7229991655373028,
        "bias": -0.4166663827096072,
        "hit_1c": 0.6190476190476191,
        "bucket_hit": 0.42857142857142855,
        "rank_avg": 3.4285714285714284
      },
      "UKMO": {
        "n": 21,
        "mae": 0.3913110983734979,
        "bias": -0.14228605839215758,
        "hit_1c": 0.8571428571428571,
        "bucket_hit": 0.8095238095238095,
        "rank_avg": 2.2857142857142856
      },
      "ECMWF": {
        "n": 21,
        "mae": 0.7804812297052602,
        "bias": -0.23568777302373375,
        "hit_1c": 0.7619047619047619,
        "bucket_hit": 0.38095238095238093,
        "rank_avg": 3.4285714285714284
      }
    },
    "consensus": {
      "n": 21,
      "mae": 0.4080850835161717,
      "bias": -0.2088793917561242,
      "hit_1c": 0.8571428571428571,
      "bucket_hit": 0.7142857142857143,
      "rank_avg": null
    },
    "days_measured": 21
  },
  "last_update": "2026-05-25T09:35:32.513557+03:00",
  "hit_window_c": 1.0
}