{
  "per_city": {
    "london": {
      "models": {
        "MeteoFrance": {
          "n": 11,
          "mae": 1.1134539114321462,
          "bias": -0.20955063933829426,
          "hit_1c": 0.45454545454545453,
          "bucket_hit": 0.36363636363636365,
          "rank_avg": 3.727272727272727
        },
        "ICON": {
          "n": 11,
          "mae": 0.5667178994001951,
          "bias": -0.3252579247401709,
          "hit_1c": 0.9090909090909091,
          "bucket_hit": 0.45454545454545453,
          "rank_avg": 2.727272727272727
        },
        "GFS": {
          "n": 11,
          "mae": 0.9316508380032092,
          "bias": -0.16020923472296386,
          "hit_1c": 0.45454545454545453,
          "bucket_hit": 0.2727272727272727,
          "rank_avg": 3.1818181818181817
        },
        "UKMO": {
          "n": 11,
          "mae": 0.4900504894365158,
          "bias": -0.18535004223361878,
          "hit_1c": 0.7272727272727273,
          "bucket_hit": 0.7272727272727273,
          "rank_avg": 2.1818181818181817
        },
        "ECMWF": {
          "n": 11,
          "mae": 0.7906129484934813,
          "bias": 0.3750976927546287,
          "hit_1c": 0.8181818181818182,
          "bucket_hit": 0.45454545454545453,
          "rank_avg": 3.1818181818181817
        }
      },
      "consensus": {
        "n": 11,
        "mae": 0.6677673221760929,
        "bias": -0.10105402965608286,
        "hit_1c": 0.6363636363636364,
        "bucket_hit": 0.5454545454545454,
        "rank_avg": null
      },
      "days_measured": 11
    },
    "paris": {
      "models": {
        "MeteoFrance": {
          "n": 10,
          "mae": 0.7260527629418971,
          "bias": 0.5404168368279565,
          "hit_1c": 0.6,
          "bucket_hit": 0.5,
          "rank_avg": 3.6
        },
        "ICON": {
          "n": 10,
          "mae": 0.23639195094869586,
          "bias": 0.11769326704479788,
          "hit_1c": 1.0,
          "bucket_hit": 1.0,
          "rank_avg": 1.6
        },
        "GFS": {
          "n": 10,
          "mae": 0.66017532098422,
          "bias": -0.5470868934341876,
          "hit_1c": 0.7,
          "bucket_hit": 0.5,
          "rank_avg": 3.6
        },
        "UKMO": {
          "n": 10,
          "mae": 0.4203470850334877,
          "bias": 0.2658801906780841,
          "hit_1c": 0.9,
          "bucket_hit": 0.8,
          "rank_avg": 2.5
        },
        "ECMWF": {
          "n": 10,
          "mae": 0.7545439119099475,
          "bias": -0.5622276831472381,
          "hit_1c": 0.7,
          "bucket_hit": 0.3,
          "rank_avg": 3.7
        }
      },
      "consensus": {
        "n": 10,
        "mae": 0.22288177361511358,
        "bias": -0.03706485640611703,
        "hit_1c": 1.0,
        "bucket_hit": 0.9,
        "rank_avg": null
      },
      "days_measured": 10
    }
  },
  "global": {
    "models": {
      "MeteoFrance": {
        "n": 21,
        "mae": 0.9289771740558372,
        "bias": 0.1475767302646823,
        "hit_1c": 0.5238095238095238,
        "bucket_hit": 0.42857142857142855,
        "rank_avg": 3.6666666666666665
      },
      "ICON": {
        "n": 21,
        "mae": 0.409419828709005,
        "bias": -0.11432878579494768,
        "hit_1c": 0.9523809523809523,
        "bucket_hit": 0.7142857142857143,
        "rank_avg": 2.1904761904761907
      },
      "GFS": {
        "n": 21,
        "mae": 0.8023767822798811,
        "bias": -0.344436691252118,
        "hit_1c": 0.5714285714285714,
        "bucket_hit": 0.38095238095238093,
        "rank_avg": 3.380952380952381
      },
      "UKMO": {
        "n": 21,
        "mae": 0.45685839210174056,
        "bias": 0.029521497248144495,
        "hit_1c": 0.8095238095238095,
        "bucket_hit": 0.7619047619047619,
        "rank_avg": 2.3333333333333335
      },
      "ECMWF": {
        "n": 21,
        "mae": 0.7734372167870366,
        "bias": -0.0712477243414984,
        "hit_1c": 0.7619047619047619,
        "bucket_hit": 0.38095238095238093,
        "rank_avg": 3.4285714285714284
      }
    },
    "consensus": {
      "n": 21,
      "mae": 0.4559170609565789,
      "bias": -0.07058299477514675,
      "hit_1c": 0.8095238095238095,
      "bucket_hit": 0.7142857142857143,
      "rank_avg": null
    },
    "days_measured": 21
  },
  "last_update": "2026-05-26T09:06:39.495738+03:00",
  "hit_window_c": 1.0
}