{
  "per_city": {
    "london": {
      "models": {
        "MeteoFrance": {
          "n": 13,
          "mae": 1.1669936795929767,
          "bias": -0.5069218810329216,
          "hit_1c": 0.38461538461538464,
          "bucket_hit": 0.23076923076923078,
          "rank_avg": 3.6923076923076925
        },
        "ICON": {
          "n": 13,
          "mae": 0.7733373444654722,
          "bias": -0.19424453876164954,
          "hit_1c": 0.6923076923076923,
          "bucket_hit": 0.38461538461538464,
          "rank_avg": 2.8461538461538463
        },
        "GFS": {
          "n": 13,
          "mae": 0.8971382023489398,
          "bias": -0.3554301660646996,
          "hit_1c": 0.6153846153846154,
          "bucket_hit": 0.23076923076923078,
          "rank_avg": 2.923076923076923
        },
        "UKMO": {
          "n": 13,
          "mae": 0.7653297812495988,
          "bias": -0.31121967491265445,
          "hit_1c": 0.5384615384615384,
          "bucket_hit": 0.46153846153846156,
          "rank_avg": 2.230769230769231
        },
        "ECMWF": {
          "n": 13,
          "mae": 0.9930373939622015,
          "bias": -0.09175067412149805,
          "hit_1c": 0.6153846153846154,
          "bucket_hit": 0.38461538461538464,
          "rank_avg": 3.3076923076923075
        }
      },
      "consensus": {
        "n": 13,
        "mae": 0.8287134570334326,
        "bias": -0.2919133869786841,
        "hit_1c": 0.6923076923076923,
        "bucket_hit": 0.38461538461538464,
        "rank_avg": null
      },
      "days_measured": 13
    },
    "paris": {
      "models": {
        "MeteoFrance": {
          "n": 13,
          "mae": 0.5455291366654055,
          "bias": 0.1102990429964159,
          "hit_1c": 0.7692307692307693,
          "bucket_hit": 0.6153846153846154,
          "rank_avg": 3.0
        },
        "ICON": {
          "n": 13,
          "mae": 0.43746485501263765,
          "bias": -0.2760291632942594,
          "hit_1c": 0.8461538461538461,
          "bucket_hit": 0.7692307692307693,
          "rank_avg": 2.3076923076923075
        },
        "GFS": {
          "n": 13,
          "mae": 0.648502208057205,
          "bias": -0.4411411389454362,
          "hit_1c": 0.7692307692307693,
          "bucket_hit": 0.5384615384615384,
          "rank_avg": 3.3846153846153846
        },
        "UKMO": {
          "n": 13,
          "mae": 0.4762302998557354,
          "bias": -0.20597067487371462,
          "hit_1c": 0.8461538461538461,
          "bucket_hit": 0.6923076923076923,
          "rank_avg": 2.4615384615384617
        },
        "ECMWF": {
          "n": 13,
          "mae": 0.9610257390156632,
          "bias": -0.5583745785244607,
          "hit_1c": 0.6153846153846154,
          "bucket_hit": 0.23076923076923078,
          "rank_avg": 3.8461538461538463
        }
      },
      "consensus": {
        "n": 13,
        "mae": 0.5159960889879673,
        "bias": -0.27424330252829066,
        "hit_1c": 0.9230769230769231,
        "bucket_hit": 0.5384615384615384,
        "rank_avg": null
      },
      "days_measured": 13
    }
  },
  "global": {
    "models": {
      "MeteoFrance": {
        "n": 26,
        "mae": 0.856261408129191,
        "bias": -0.19831141901825286,
        "hit_1c": 0.5769230769230769,
        "bucket_hit": 0.4230769230769231,
        "rank_avg": 3.3461538461538463
      },
      "ICON": {
        "n": 26,
        "mae": 0.605401099739055,
        "bias": -0.2351368510279545,
        "hit_1c": 0.7692307692307693,
        "bucket_hit": 0.5769230769230769,
        "rank_avg": 2.576923076923077
      },
      "GFS": {
        "n": 26,
        "mae": 0.7728202052030724,
        "bias": -0.3982856525050679,
        "hit_1c": 0.6923076923076923,
        "bucket_hit": 0.38461538461538464,
        "rank_avg": 3.1538461538461537
      },
      "UKMO": {
        "n": 26,
        "mae": 0.620780040552667,
        "bias": -0.25859517489318457,
        "hit_1c": 0.6923076923076923,
        "bucket_hit": 0.5769230769230769,
        "rank_avg": 2.3461538461538463
      },
      "ECMWF": {
        "n": 26,
        "mae": 0.9770315664889323,
        "bias": -0.32506262632297933,
        "hit_1c": 0.6153846153846154,
        "bucket_hit": 0.3076923076923077,
        "rank_avg": 3.576923076923077
      }
    },
    "consensus": {
      "n": 26,
      "mae": 0.6723547730107,
      "bias": -0.28307834475348737,
      "hit_1c": 0.8076923076923077,
      "bucket_hit": 0.46153846153846156,
      "rank_avg": null
    },
    "days_measured": 26
  },
  "last_update": "2026-05-22T06:50:36.223468+03:00",
  "hit_window_c": 1.0
}