{
  "per_city": {
    "london": {
      "models": {
        "MeteoFrance": {
          "n": 11,
          "mae": 0.6118802308802305,
          "bias": -0.2882727272727274,
          "hit_1c": 0.8181818181818182,
          "bucket_hit": 0.45454545454545453,
          "rank_avg": 3.0
        },
        "ICON": {
          "n": 11,
          "mae": 0.6059155844155844,
          "bias": -0.14604545454545476,
          "hit_1c": 0.9090909090909091,
          "bucket_hit": 0.36363636363636365,
          "rank_avg": 3.6363636363636362
        },
        "GFS": {
          "n": 11,
          "mae": 0.5029831168831173,
          "bias": -0.15526363636363671,
          "hit_1c": 0.8181818181818182,
          "bucket_hit": 0.6363636363636364,
          "rank_avg": 2.727272727272727
        },
        "UKMO": {
          "n": 11,
          "mae": 0.485980663780663,
          "bias": 0.1727090909090905,
          "hit_1c": 0.9090909090909091,
          "bucket_hit": 0.7272727272727273,
          "rank_avg": 2.909090909090909
        },
        "ECMWF": {
          "n": 11,
          "mae": 0.4640430014430014,
          "bias": 0.40123636363636356,
          "hit_1c": 0.8181818181818182,
          "bucket_hit": 0.6363636363636364,
          "rank_avg": 2.727272727272727
        }
      },
      "consensus": {
        "n": 11,
        "mae": 0.4418199134199133,
        "bias": -0.0031272727272730286,
        "hit_1c": 1.0,
        "bucket_hit": 0.6363636363636364,
        "rank_avg": null
      },
      "days_measured": 11
    },
    "paris": {
      "models": {
        "MeteoFrance": {
          "n": 11,
          "mae": 0.5534567099567099,
          "bias": 0.45259090909090927,
          "hit_1c": 0.9090909090909091,
          "bucket_hit": 0.5454545454545454,
          "rank_avg": 2.909090909090909
        },
        "ICON": {
          "n": 11,
          "mae": 0.3209698412698412,
          "bias": -0.0643363636363634,
          "hit_1c": 1.0,
          "bucket_hit": 0.8181818181818182,
          "rank_avg": 2.272727272727273
        },
        "GFS": {
          "n": 11,
          "mae": 1.0505090909090908,
          "bias": -0.763690909090909,
          "hit_1c": 0.45454545454545453,
          "bucket_hit": 0.18181818181818182,
          "rank_avg": 4.0
        },
        "UKMO": {
          "n": 11,
          "mae": 0.45174502164502267,
          "bias": 0.0155363636363636,
          "hit_1c": 1.0,
          "bucket_hit": 0.5454545454545454,
          "rank_avg": 2.727272727272727
        },
        "ECMWF": {
          "n": 11,
          "mae": 0.6471428571428571,
          "bias": -0.32863636363636384,
          "hit_1c": 0.8181818181818182,
          "bucket_hit": 0.5454545454545454,
          "rank_avg": 3.090909090909091
        }
      },
      "consensus": {
        "n": 11,
        "mae": 0.4069525829725823,
        "bias": -0.13770727272727223,
        "hit_1c": 1.0,
        "bucket_hit": 0.45454545454545453,
        "rank_avg": null
      },
      "days_measured": 11
    }
  },
  "global": {
    "models": {
      "MeteoFrance": {
        "n": 22,
        "mae": 0.5826684704184703,
        "bias": 0.08215909090909096,
        "hit_1c": 0.8636363636363636,
        "bucket_hit": 0.5,
        "rank_avg": 2.9545454545454546
      },
      "ICON": {
        "n": 22,
        "mae": 0.46344271284271277,
        "bias": -0.10519090909090907,
        "hit_1c": 0.9545454545454546,
        "bucket_hit": 0.5909090909090909,
        "rank_avg": 2.9545454545454546
      },
      "GFS": {
        "n": 22,
        "mae": 0.7767461038961041,
        "bias": -0.45947727272727285,
        "hit_1c": 0.6363636363636364,
        "bucket_hit": 0.4090909090909091,
        "rank_avg": 3.3636363636363638
      },
      "UKMO": {
        "n": 22,
        "mae": 0.46886284271284284,
        "bias": 0.09412272727272705,
        "hit_1c": 0.9545454545454546,
        "bucket_hit": 0.6363636363636364,
        "rank_avg": 2.8181818181818183
      },
      "ECMWF": {
        "n": 22,
        "mae": 0.5555929292929292,
        "bias": 0.03629999999999986,
        "hit_1c": 0.8181818181818182,
        "bucket_hit": 0.5909090909090909,
        "rank_avg": 2.909090909090909
      }
    },
    "consensus": {
      "n": 22,
      "mae": 0.42438624819624776,
      "bias": -0.07041727272727263,
      "hit_1c": 1.0,
      "bucket_hit": 0.5454545454545454,
      "rank_avg": null
    },
    "days_measured": 22
  },
  "last_update": "2026-05-01T10:51:43.795978+03:00",
  "hit_window_c": 1.0
}