{
  "per_city": {
    "london": {
      "models": {
        "MeteoFrance": {
          "n": 12,
          "mae": 0.7444171722702967,
          "bias": 0.3783548827080067,
          "hit_1c": 0.6666666666666666,
          "bucket_hit": 0.3333333333333333,
          "rank_avg": 3.4166666666666665
        },
        "ICON": {
          "n": 12,
          "mae": 0.6194591885825688,
          "bias": 0.26304231530433214,
          "hit_1c": 0.9166666666666666,
          "bucket_hit": 0.5,
          "rank_avg": 3.25
        },
        "GFS": {
          "n": 12,
          "mae": 0.6717543327768961,
          "bias": 0.2236401943983702,
          "hit_1c": 0.9166666666666666,
          "bucket_hit": 0.5,
          "rank_avg": 3.0833333333333335
        },
        "UKMO": {
          "n": 12,
          "mae": 0.5885517523644564,
          "bias": 0.29114465551199853,
          "hit_1c": 0.8333333333333334,
          "bucket_hit": 0.5,
          "rank_avg": 2.6666666666666665
        },
        "ECMWF": {
          "n": 12,
          "mae": 0.600296502080344,
          "bias": 0.3009420637577245,
          "hit_1c": 0.75,
          "bucket_hit": 0.5,
          "rank_avg": 2.5833333333333335
        }
      },
      "consensus": {
        "n": 12,
        "mae": 0.5449395147144145,
        "bias": 0.29142482233608646,
        "hit_1c": 0.9166666666666666,
        "bucket_hit": 0.5833333333333334,
        "rank_avg": null
      },
      "days_measured": 12
    },
    "paris": {
      "models": {
        "MeteoFrance": {
          "n": 12,
          "mae": 0.5242728713956896,
          "bias": 0.2901158809426998,
          "hit_1c": 0.8333333333333334,
          "bucket_hit": 0.6666666666666666,
          "rank_avg": 2.6666666666666665
        },
        "ICON": {
          "n": 12,
          "mae": 0.37898771327142916,
          "bias": -0.11542114105215218,
          "hit_1c": 1.0,
          "bucket_hit": 0.75,
          "rank_avg": 2.4166666666666665
        },
        "GFS": {
          "n": 12,
          "mae": 1.0528829933506854,
          "bias": -0.08043898855303293,
          "hit_1c": 0.5,
          "bucket_hit": 0.3333333333333333,
          "rank_avg": 4.0
        },
        "UKMO": {
          "n": 12,
          "mae": 0.4562841890489772,
          "bias": -0.10218987437166731,
          "hit_1c": 0.8333333333333334,
          "bucket_hit": 0.5833333333333334,
          "rank_avg": 2.4166666666666665
        },
        "ECMWF": {
          "n": 12,
          "mae": 0.5415615953885272,
          "bias": -0.24887445376731362,
          "hit_1c": 0.9166666666666666,
          "bucket_hit": 0.6666666666666666,
          "rank_avg": 3.5
        }
      },
      "consensus": {
        "n": 12,
        "mae": 0.4166767152426649,
        "bias": -0.05136171536029336,
        "hit_1c": 0.9166666666666666,
        "bucket_hit": 0.5,
        "rank_avg": null
      },
      "days_measured": 12
    }
  },
  "global": {
    "models": {
      "MeteoFrance": {
        "n": 24,
        "mae": 0.6343450218329931,
        "bias": 0.33423538182535323,
        "hit_1c": 0.75,
        "bucket_hit": 0.5,
        "rank_avg": 3.0416666666666665
      },
      "ICON": {
        "n": 24,
        "mae": 0.499223450926999,
        "bias": 0.07381058712608997,
        "hit_1c": 0.9583333333333334,
        "bucket_hit": 0.625,
        "rank_avg": 2.8333333333333335
      },
      "GFS": {
        "n": 24,
        "mae": 0.8623186630637907,
        "bias": 0.07160060292266864,
        "hit_1c": 0.7083333333333334,
        "bucket_hit": 0.4166666666666667,
        "rank_avg": 3.5416666666666665
      },
      "UKMO": {
        "n": 24,
        "mae": 0.5224179707067168,
        "bias": 0.09447739057016562,
        "hit_1c": 0.8333333333333334,
        "bucket_hit": 0.5416666666666666,
        "rank_avg": 2.5416666666666665
      },
      "ECMWF": {
        "n": 24,
        "mae": 0.5709290487344356,
        "bias": 0.02603380499520543,
        "hit_1c": 0.8333333333333334,
        "bucket_hit": 0.5833333333333334,
        "rank_avg": 3.0416666666666665
      }
    },
    "consensus": {
      "n": 24,
      "mae": 0.4808081149785397,
      "bias": 0.12003155348789656,
      "hit_1c": 0.9166666666666666,
      "bucket_hit": 0.5416666666666666,
      "rank_avg": null
    },
    "days_measured": 24
  },
  "last_update": "2026-05-08T09:01:55.543294+03:00",
  "hit_window_c": 1.0
}