{
  "per_city": {
    "london": {
      "models": {
        "MeteoFrance": {
          "n": 6,
          "mae": 0.6499999999999998,
          "bias": -0.4166666666666667,
          "hit_1c": 0.8333333333333334,
          "bucket_hit": 0.5,
          "rank_avg": 2.6666666666666665
        },
        "ICON": {
          "n": 6,
          "mae": 0.666666666666667,
          "bias": -2.9605947323337506e-16,
          "hit_1c": 0.6666666666666666,
          "bucket_hit": 0.3333333333333333,
          "rank_avg": 3.1666666666666665
        },
        "GFS": {
          "n": 6,
          "mae": 0.8000000000000002,
          "bias": -0.3000000000000001,
          "hit_1c": 0.5,
          "bucket_hit": 0.5,
          "rank_avg": 3.1666666666666665
        },
        "UKMO": {
          "n": 6,
          "mae": 0.5499999999999995,
          "bias": 0.21666666666666679,
          "hit_1c": 0.8333333333333334,
          "bucket_hit": 0.6666666666666666,
          "rank_avg": 2.6666666666666665
        },
        "ECMWF": {
          "n": 6,
          "mae": 0.65,
          "bias": 0.5833333333333336,
          "hit_1c": 0.6666666666666666,
          "bucket_hit": 0.5,
          "rank_avg": 3.3333333333333335
        }
      },
      "consensus": {
        "n": 6,
        "mae": 0.5766666666666674,
        "bias": 0.016666666666666902,
        "hit_1c": 0.8333333333333334,
        "bucket_hit": 0.5,
        "rank_avg": null
      },
      "days_measured": 6
    },
    "paris": {
      "models": {
        "MeteoFrance": {
          "n": 7,
          "mae": 0.5880952380952384,
          "bias": 0.3547619047619041,
          "hit_1c": 1.0,
          "bucket_hit": 0.42857142857142855,
          "rank_avg": 3.142857142857143
        },
        "ICON": {
          "n": 7,
          "mae": 0.261904761904762,
          "bias": -0.06190476190476219,
          "hit_1c": 1.0,
          "bucket_hit": 1.0,
          "rank_avg": 1.5714285714285714
        },
        "GFS": {
          "n": 7,
          "mae": 1.15,
          "bias": -1.15,
          "hit_1c": 0.5714285714285714,
          "bucket_hit": 0.2857142857142857,
          "rank_avg": 3.5714285714285716
        },
        "UKMO": {
          "n": 7,
          "mae": 0.4476190476190481,
          "bias": -0.18095238095238134,
          "hit_1c": 1.0,
          "bucket_hit": 0.7142857142857143,
          "rank_avg": 2.7142857142857144
        },
        "ECMWF": {
          "n": 7,
          "mae": 0.9999999999999994,
          "bias": -0.8857142857142856,
          "hit_1c": 0.5714285714285714,
          "bucket_hit": 0.14285714285714285,
          "rank_avg": 4.0
        }
      },
      "consensus": {
        "n": 7,
        "mae": 0.3354761904761899,
        "bias": -0.3240476190476187,
        "hit_1c": 1.0,
        "bucket_hit": 0.7142857142857143,
        "rank_avg": null
      },
      "days_measured": 7
    }
  },
  "global": {
    "models": {
      "MeteoFrance": {
        "n": 13,
        "mae": 0.6166666666666667,
        "bias": -0.001282051282051619,
        "hit_1c": 0.9230769230769231,
        "bucket_hit": 0.46153846153846156,
        "rank_avg": 2.923076923076923
      },
      "ICON": {
        "n": 13,
        "mae": 0.4487179487179489,
        "bias": -0.033333333333333624,
        "hit_1c": 0.8461538461538461,
        "bucket_hit": 0.6923076923076923,
        "rank_avg": 2.3076923076923075
      },
      "GFS": {
        "n": 13,
        "mae": 0.9884615384615384,
        "bias": -0.7576923076923077,
        "hit_1c": 0.5384615384615384,
        "bucket_hit": 0.38461538461538464,
        "rank_avg": 3.3846153846153846
      },
      "UKMO": {
        "n": 13,
        "mae": 0.4948717948717949,
        "bias": 0.0025641025641024184,
        "hit_1c": 0.9230769230769231,
        "bucket_hit": 0.6923076923076923,
        "rank_avg": 2.6923076923076925
      },
      "ECMWF": {
        "n": 13,
        "mae": 0.8384615384615383,
        "bias": -0.2076923076923075,
        "hit_1c": 0.6153846153846154,
        "bucket_hit": 0.3076923076923077,
        "rank_avg": 3.6923076923076925
      }
    },
    "consensus": {
      "n": 13,
      "mae": 0.4467948717948718,
      "bias": -0.16679487179487149,
      "hit_1c": 0.9230769230769231,
      "bucket_hit": 0.6153846153846154,
      "rank_avg": null
    },
    "days_measured": 13
  },
  "last_update": "2026-04-25T01:30:56.020630+03:00",
  "hit_window_c": 1.0
}