{
  "per_city": {
    "london": {
      "models": {
        "MeteoFrance": {
          "n": 12,
          "mae": 0.7588643701770746,
          "bias": 0.40706018299633834,
          "hit_1c": 0.6666666666666666,
          "bucket_hit": 0.4166666666666667,
          "rank_avg": 3.5833333333333335
        },
        "ICON": {
          "n": 12,
          "mae": 0.5927187786654664,
          "bias": 0.05926181185949438,
          "hit_1c": 0.9166666666666666,
          "bucket_hit": 0.5,
          "rank_avg": 3.0833333333333335
        },
        "GFS": {
          "n": 12,
          "mae": 0.7870893564042807,
          "bias": 0.17220954668972288,
          "hit_1c": 0.8333333333333334,
          "bucket_hit": 0.3333333333333333,
          "rank_avg": 3.75
        },
        "UKMO": {
          "n": 12,
          "mae": 0.37490686945149054,
          "bias": 0.08756771280392843,
          "hit_1c": 0.9166666666666666,
          "bucket_hit": 0.6666666666666666,
          "rank_avg": 1.8333333333333333
        },
        "ECMWF": {
          "n": 12,
          "mae": 0.5349127625930657,
          "bias": 0.03833728162166198,
          "hit_1c": 0.8333333333333334,
          "bucket_hit": 0.5833333333333334,
          "rank_avg": 2.75
        }
      },
      "consensus": {
        "n": 12,
        "mae": 0.4778069016386211,
        "bias": 0.15288730719422924,
        "hit_1c": 0.9166666666666666,
        "bucket_hit": 0.6666666666666666,
        "rank_avg": null
      },
      "days_measured": 12
    },
    "paris": {
      "models": {
        "MeteoFrance": {
          "n": 12,
          "mae": 0.41211806247394084,
          "bias": 0.225183294243173,
          "hit_1c": 0.9166666666666666,
          "bucket_hit": 0.75,
          "rank_avg": 2.6666666666666665
        },
        "ICON": {
          "n": 12,
          "mae": 0.3553557359693785,
          "bias": -0.1679598601624154,
          "hit_1c": 1.0,
          "bucket_hit": 0.8333333333333334,
          "rank_avg": 2.3333333333333335
        },
        "GFS": {
          "n": 12,
          "mae": 0.9920278145315895,
          "bias": -0.08122987174352803,
          "hit_1c": 0.5833333333333334,
          "bucket_hit": 0.4166666666666667,
          "rank_avg": 3.8333333333333335
        },
        "UKMO": {
          "n": 12,
          "mae": 0.4028776069128163,
          "bias": -0.2500702239244987,
          "hit_1c": 0.8333333333333334,
          "bucket_hit": 0.75,
          "rank_avg": 2.6666666666666665
        },
        "ECMWF": {
          "n": 12,
          "mae": 0.5476490434727839,
          "bias": -0.4600487876222865,
          "hit_1c": 0.8333333333333334,
          "bucket_hit": 0.5833333333333334,
          "rank_avg": 3.5
        }
      },
      "consensus": {
        "n": 12,
        "mae": 0.342342984384256,
        "bias": -0.14682508984191114,
        "hit_1c": 0.9166666666666666,
        "bucket_hit": 0.6666666666666666,
        "rank_avg": null
      },
      "days_measured": 12
    }
  },
  "global": {
    "models": {
      "MeteoFrance": {
        "n": 24,
        "mae": 0.5854912163255077,
        "bias": 0.3161217386197557,
        "hit_1c": 0.7916666666666666,
        "bucket_hit": 0.5833333333333334,
        "rank_avg": 3.125
      },
      "ICON": {
        "n": 24,
        "mae": 0.47403725731742247,
        "bias": -0.054349024151460514,
        "hit_1c": 0.9583333333333334,
        "bucket_hit": 0.6666666666666666,
        "rank_avg": 2.7083333333333335
      },
      "GFS": {
        "n": 24,
        "mae": 0.889558585467935,
        "bias": 0.04548983747309743,
        "hit_1c": 0.7083333333333334,
        "bucket_hit": 0.375,
        "rank_avg": 3.7916666666666665
      },
      "UKMO": {
        "n": 24,
        "mae": 0.3888922381821534,
        "bias": -0.08125125556028512,
        "hit_1c": 0.875,
        "bucket_hit": 0.7083333333333334,
        "rank_avg": 2.25
      },
      "ECMWF": {
        "n": 24,
        "mae": 0.5412809030329248,
        "bias": -0.21085575300031226,
        "hit_1c": 0.8333333333333334,
        "bucket_hit": 0.5833333333333334,
        "rank_avg": 3.125
      }
    },
    "consensus": {
      "n": 24,
      "mae": 0.41007494301143854,
      "bias": 0.003031108676159041,
      "hit_1c": 0.9166666666666666,
      "bucket_hit": 0.6666666666666666,
      "rank_avg": null
    },
    "days_measured": 24
  },
  "last_update": "2026-05-12T04:20:37.838395+03:00",
  "hit_window_c": 1.0
}