{
  "per_city": {
    "london": {
      "models": {
        "MeteoFrance": {
          "n": 10,
          "mae": 0.6630682539682535,
          "bias": -0.30710000000000015,
          "hit_1c": 0.8,
          "bucket_hit": 0.4,
          "rank_avg": 3.2
        },
        "ICON": {
          "n": 10,
          "mae": 0.646507142857143,
          "bias": -0.18065000000000014,
          "hit_1c": 0.9,
          "bucket_hit": 0.3,
          "rank_avg": 3.7
        },
        "GFS": {
          "n": 10,
          "mae": 0.5232814285714289,
          "bias": -0.20079000000000047,
          "hit_1c": 0.8,
          "bucket_hit": 0.6,
          "rank_avg": 2.5
        },
        "UKMO": {
          "n": 10,
          "mae": 0.5245787301587294,
          "bias": 0.19997999999999952,
          "hit_1c": 0.9,
          "bucket_hit": 0.7,
          "rank_avg": 3.0
        },
        "ECMWF": {
          "n": 10,
          "mae": 0.4804473015873015,
          "bias": 0.41135999999999984,
          "hit_1c": 0.8,
          "bucket_hit": 0.6,
          "rank_avg": 2.6
        }
      },
      "consensus": {
        "n": 10,
        "mae": 0.4740019047619045,
        "bias": -0.01544000000000043,
        "hit_1c": 1.0,
        "bucket_hit": 0.6,
        "rank_avg": null
      },
      "days_measured": 10
    },
    "paris": {
      "models": {
        "MeteoFrance": {
          "n": 10,
          "mae": 0.518802380952381,
          "bias": 0.40785000000000016,
          "hit_1c": 0.9,
          "bucket_hit": 0.6,
          "rank_avg": 2.7
        },
        "ICON": {
          "n": 10,
          "mae": 0.3130668253968253,
          "bias": -0.030769999999999697,
          "hit_1c": 1.0,
          "bucket_hit": 0.8,
          "rank_avg": 2.3
        },
        "GFS": {
          "n": 10,
          "mae": 1.12556,
          "bias": -0.8100599999999998,
          "hit_1c": 0.4,
          "bucket_hit": 0.1,
          "rank_avg": 4.3
        },
        "UKMO": {
          "n": 10,
          "mae": 0.4569195238095249,
          "bias": 0.057089999999999995,
          "hit_1c": 1.0,
          "bucket_hit": 0.5,
          "rank_avg": 2.7
        },
        "ECMWF": {
          "n": 10,
          "mae": 0.6218571428571428,
          "bias": -0.2715000000000002,
          "hit_1c": 0.8,
          "bucket_hit": 0.6,
          "rank_avg": 3.0
        }
      },
      "consensus": {
        "n": 10,
        "mae": 0.4256478412698407,
        "bias": -0.1294779999999996,
        "hit_1c": 1.0,
        "bucket_hit": 0.4,
        "rank_avg": null
      },
      "days_measured": 10
    }
  },
  "global": {
    "models": {
      "MeteoFrance": {
        "n": 20,
        "mae": 0.5909353174603172,
        "bias": 0.05037500000000002,
        "hit_1c": 0.85,
        "bucket_hit": 0.5,
        "rank_avg": 2.95
      },
      "ICON": {
        "n": 20,
        "mae": 0.47978698412698406,
        "bias": -0.10570999999999993,
        "hit_1c": 0.95,
        "bucket_hit": 0.55,
        "rank_avg": 3.0
      },
      "GFS": {
        "n": 20,
        "mae": 0.8244207142857144,
        "bias": -0.5054250000000001,
        "hit_1c": 0.6,
        "bucket_hit": 0.35,
        "rank_avg": 3.4
      },
      "UKMO": {
        "n": 20,
        "mae": 0.49074912698412715,
        "bias": 0.12853499999999976,
        "hit_1c": 0.95,
        "bucket_hit": 0.6,
        "rank_avg": 2.85
      },
      "ECMWF": {
        "n": 20,
        "mae": 0.5511522222222222,
        "bias": 0.06992999999999983,
        "hit_1c": 0.8,
        "bucket_hit": 0.6,
        "rank_avg": 2.8
      }
    },
    "consensus": {
      "n": 20,
      "mae": 0.4498248730158726,
      "bias": -0.07245900000000001,
      "hit_1c": 1.0,
      "bucket_hit": 0.5,
      "rank_avg": null
    },
    "days_measured": 20
  },
  "last_update": "2026-05-01T22:08:15.284391+03:00",
  "hit_window_c": 1.0
}