{
  "per_city": {
    "london": {
      "models": {
        "MeteoFrance": {
          "n": 11,
          "mae": 1.1134539114321462,
          "bias": -0.20955063933829426,
          "hit_1c": 0.45454545454545453,
          "bucket_hit": 0.36363636363636365,
          "rank_avg": 3.727272727272727
        },
        "ICON": {
          "n": 11,
          "mae": 0.5667178994001951,
          "bias": -0.3252579247401709,
          "hit_1c": 0.9090909090909091,
          "bucket_hit": 0.45454545454545453,
          "rank_avg": 2.727272727272727
        },
        "GFS": {
          "n": 11,
          "mae": 0.9316508380032092,
          "bias": -0.16020923472296386,
          "hit_1c": 0.45454545454545453,
          "bucket_hit": 0.2727272727272727,
          "rank_avg": 3.1818181818181817
        },
        "UKMO": {
          "n": 11,
          "mae": 0.4900504894365158,
          "bias": -0.18535004223361878,
          "hit_1c": 0.7272727272727273,
          "bucket_hit": 0.7272727272727273,
          "rank_avg": 2.1818181818181817
        },
        "ECMWF": {
          "n": 11,
          "mae": 0.7906129484934813,
          "bias": 0.3750976927546287,
          "hit_1c": 0.8181818181818182,
          "bucket_hit": 0.45454545454545453,
          "rank_avg": 3.1818181818181817
        }
      },
      "consensus": {
        "n": 11,
        "mae": 0.6677673221760929,
        "bias": -0.10105402965608286,
        "hit_1c": 0.6363636363636364,
        "bucket_hit": 0.5454545454545454,
        "rank_avg": null
      },
      "days_measured": 11
    },
    "paris": {
      "models": {
        "MeteoFrance": {
          "n": 11,
          "mae": 0.6798746819762601,
          "bias": 0.5111147491454049,
          "hit_1c": 0.6363636363636364,
          "bucket_hit": 0.5454545454545454,
          "rank_avg": 3.6363636363636362
        },
        "ICON": {
          "n": 11,
          "mae": 0.2317876567101773,
          "bias": 0.09010799601118064,
          "hit_1c": 1.0,
          "bucket_hit": 1.0,
          "rank_avg": 1.7272727272727273
        },
        "GFS": {
          "n": 11,
          "mae": 0.6351925838603564,
          "bias": -0.5323849224512359,
          "hit_1c": 0.7272727272727273,
          "bucket_hit": 0.5454545454545454,
          "rank_avg": 3.727272727272727
        },
        "UKMO": {
          "n": 11,
          "mae": 0.3866777779884899,
          "bias": 0.23716519993112087,
          "hit_1c": 0.9090909090909091,
          "bucket_hit": 0.8181818181818182,
          "rank_avg": 2.3636363636363638
        },
        "ECMWF": {
          "n": 11,
          "mae": 0.697898256331626,
          "bias": -0.5230653210927994,
          "hit_1c": 0.7272727272727273,
          "bucket_hit": 0.36363636363636365,
          "rank_avg": 3.5454545454545454
        }
      },
      "consensus": {
        "n": 11,
        "mae": 0.21233692988126213,
        "bias": -0.04341245969126526,
        "hit_1c": 1.0,
        "bucket_hit": 0.9090909090909091,
        "rank_avg": null
      },
      "days_measured": 11
    }
  },
  "global": {
    "models": {
      "MeteoFrance": {
        "n": 22,
        "mae": 0.8966642967042031,
        "bias": 0.15078205490355534,
        "hit_1c": 0.5454545454545454,
        "bucket_hit": 0.45454545454545453,
        "rank_avg": 3.6818181818181817
      },
      "ICON": {
        "n": 22,
        "mae": 0.3992527780551862,
        "bias": -0.11757496436449513,
        "hit_1c": 0.9545454545454546,
        "bucket_hit": 0.7272727272727273,
        "rank_avg": 2.227272727272727
      },
      "GFS": {
        "n": 22,
        "mae": 0.7834217109317827,
        "bias": -0.3462970785870999,
        "hit_1c": 0.5909090909090909,
        "bucket_hit": 0.4090909090909091,
        "rank_avg": 3.4545454545454546
      },
      "UKMO": {
        "n": 22,
        "mae": 0.4383641337125029,
        "bias": 0.025907578848751035,
        "hit_1c": 0.8181818181818182,
        "bucket_hit": 0.7727272727272727,
        "rank_avg": 2.272727272727273
      },
      "ECMWF": {
        "n": 22,
        "mae": 0.7442556024125537,
        "bias": -0.07398381416908534,
        "hit_1c": 0.7727272727272727,
        "bucket_hit": 0.4090909090909091,
        "rank_avg": 3.3636363636363638
      }
    },
    "consensus": {
      "n": 22,
      "mae": 0.4400521260286775,
      "bias": -0.07223324467367406,
      "hit_1c": 0.8181818181818182,
      "bucket_hit": 0.7272727272727273,
      "rank_avg": null
    },
    "days_measured": 22
  },
  "last_update": "2026-05-26T05:10:35.089697+03:00",
  "hit_window_c": 1.0
}