{
  "per_city": {
    "london": {
      "models": {
        "MeteoFrance": {
          "n": 11,
          "mae": 1.176848122643684,
          "bias": -0.26834286268222224,
          "hit_1c": 0.45454545454545453,
          "bucket_hit": 0.2727272727272727,
          "rank_avg": 4.0
        },
        "ICON": {
          "n": 11,
          "mae": 0.631690711350481,
          "bias": -0.42936523772981805,
          "hit_1c": 0.8181818181818182,
          "bucket_hit": 0.45454545454545453,
          "rank_avg": 2.5454545454545454
        },
        "GFS": {
          "n": 11,
          "mae": 1.0478446562533237,
          "bias": -0.2764030529730784,
          "hit_1c": 0.36363636363636365,
          "bucket_hit": 0.2727272727272727,
          "rank_avg": 3.3636363636363638
        },
        "UKMO": {
          "n": 11,
          "mae": 0.5125984055335718,
          "bias": -0.09709756899633604,
          "hit_1c": 0.7272727272727273,
          "bucket_hit": 0.7272727272727273,
          "rank_avg": 2.4545454545454546
        },
        "ECMWF": {
          "n": 11,
          "mae": 0.7276823915783452,
          "bias": 0.2341919833109329,
          "hit_1c": 0.8181818181818182,
          "bucket_hit": 0.5454545454545454,
          "rank_avg": 2.6363636363636362
        }
      },
      "consensus": {
        "n": 11,
        "mae": 0.7051858162854551,
        "bias": -0.16740334781410304,
        "hit_1c": 0.6363636363636364,
        "bucket_hit": 0.45454545454545453,
        "rank_avg": null
      },
      "days_measured": 11
    },
    "paris": {
      "models": {
        "MeteoFrance": {
          "n": 10,
          "mae": 0.8158085308845104,
          "bias": 0.7047090362698333,
          "hit_1c": 0.6,
          "bucket_hit": 0.4,
          "rank_avg": 3.8
        },
        "ICON": {
          "n": 10,
          "mae": 0.27542810979127896,
          "bias": 0.1848920468118232,
          "hit_1c": 1.0,
          "bucket_hit": 0.9,
          "rank_avg": 1.6
        },
        "GFS": {
          "n": 10,
          "mae": 0.7274774077836739,
          "bias": -0.6143889802336414,
          "hit_1c": 0.7,
          "bucket_hit": 0.3,
          "rank_avg": 3.7
        },
        "UKMO": {
          "n": 10,
          "mae": 0.4879070988675155,
          "bias": 0.2436230407053797,
          "hit_1c": 0.9,
          "bucket_hit": 0.7,
          "rank_avg": 2.6
        },
        "ECMWF": {
          "n": 10,
          "mae": 0.7784264519297416,
          "bias": -0.5861102231670323,
          "hit_1c": 0.7,
          "bucket_hit": 0.4,
          "rank_avg": 3.3
        }
      },
      "consensus": {
        "n": 10,
        "mae": 0.22645530495463131,
        "bias": -0.01345501592272722,
        "hit_1c": 1.0,
        "bucket_hit": 0.8,
        "rank_avg": null
      },
      "days_measured": 10
    }
  },
  "global": {
    "models": {
      "MeteoFrance": {
        "n": 21,
        "mae": 1.004924507520268,
        "bias": 0.19501518443780416,
        "hit_1c": 0.5238095238095238,
        "bucket_hit": 0.3333333333333333,
        "rank_avg": 3.9047619047619047
      },
      "ICON": {
        "n": 21,
        "mae": 0.4620418534651467,
        "bias": -0.1368617689004651,
        "hit_1c": 0.9047619047619048,
        "bucket_hit": 0.6666666666666666,
        "rank_avg": 2.0952380952380953
      },
      "GFS": {
        "n": 21,
        "mae": 0.8952888236487285,
        "bias": -0.4373487326209655,
        "hit_1c": 0.5238095238095238,
        "bucket_hit": 0.2857142857142857,
        "rank_avg": 3.5238095238095237
      },
      "UKMO": {
        "n": 21,
        "mae": 0.5008406404544974,
        "bias": 0.06515034038543337,
        "hit_1c": 0.8095238095238095,
        "bucket_hit": 0.7142857142857143,
        "rank_avg": 2.5238095238095237
      },
      "ECMWF": {
        "n": 21,
        "mae": 0.751846229840915,
        "bias": -0.15642811501190765,
        "hit_1c": 0.7619047619047619,
        "bucket_hit": 0.47619047619047616,
        "rank_avg": 2.9523809523809526
      }
    },
    "consensus": {
      "n": 21,
      "mae": 0.47721890612791995,
      "bias": -0.09409461834201932,
      "hit_1c": 0.8095238095238095,
      "bucket_hit": 0.6190476190476191,
      "rank_avg": null
    },
    "days_measured": 21
  },
  "last_update": "2026-05-28T12:12:32.701930+03:00",
  "hit_window_c": 1.0
}