{
  "per_city": {
    "london": {
      "models": {
        "MeteoFrance": {
          "n": 12,
          "mae": 1.0732337770583955,
          "bias": 0.4623566347540982,
          "hit_1c": 0.4166666666666667,
          "bucket_hit": 0.25,
          "rank_avg": 3.5833333333333335
        },
        "ICON": {
          "n": 12,
          "mae": 0.8129165131911646,
          "bias": 0.3452795778272583,
          "hit_1c": 0.6666666666666666,
          "bucket_hit": 0.4166666666666667,
          "rank_avg": 3.1666666666666665
        },
        "GFS": {
          "n": 12,
          "mae": 0.9254316694599956,
          "bias": 0.17566519798466848,
          "hit_1c": 0.75,
          "bucket_hit": 0.3333333333333333,
          "rank_avg": 2.9166666666666665
        },
        "UKMO": {
          "n": 12,
          "mae": 0.7370272392268453,
          "bias": 0.16137506427124704,
          "hit_1c": 0.5833333333333334,
          "bucket_hit": 0.3333333333333333,
          "rank_avg": 1.8333333333333333
        },
        "ECMWF": {
          "n": 12,
          "mae": 1.0887149619027234,
          "bias": 0.17868822894571812,
          "hit_1c": 0.5,
          "bucket_hit": 0.25,
          "rank_avg": 3.5
        }
      },
      "consensus": {
        "n": 12,
        "mae": 0.8510898848849604,
        "bias": 0.26467294075659814,
        "hit_1c": 0.75,
        "bucket_hit": 0.4166666666666667,
        "rank_avg": null
      },
      "days_measured": 12
    },
    "paris": {
      "models": {
        "MeteoFrance": {
          "n": 12,
          "mae": 0.6375143234201434,
          "bias": 0.2967020298839678,
          "hit_1c": 0.75,
          "bucket_hit": 0.5,
          "rank_avg": 3.0
        },
        "ICON": {
          "n": 12,
          "mae": 0.5347718254175736,
          "bias": -0.28100151845737775,
          "hit_1c": 0.8333333333333334,
          "bucket_hit": 0.75,
          "rank_avg": 2.75
        },
        "GFS": {
          "n": 12,
          "mae": 0.8351154294729541,
          "bias": 0.026066769095547986,
          "hit_1c": 0.6666666666666666,
          "bucket_hit": 0.5,
          "rank_avg": 3.3333333333333335
        },
        "UKMO": {
          "n": 12,
          "mae": 0.4889402723087102,
          "bias": -0.3935483434256752,
          "hit_1c": 0.75,
          "bucket_hit": 0.6666666666666666,
          "rank_avg": 2.25
        },
        "ECMWF": {
          "n": 12,
          "mae": 0.9194747770181485,
          "bias": -0.5761433545480089,
          "hit_1c": 0.6666666666666666,
          "bucket_hit": 0.3333333333333333,
          "rank_avg": 3.6666666666666665
        }
      },
      "consensus": {
        "n": 12,
        "mae": 0.5237518840098438,
        "bias": -0.18558488349030888,
        "hit_1c": 0.9166666666666666,
        "bucket_hit": 0.5,
        "rank_avg": null
      },
      "days_measured": 12
    }
  },
  "global": {
    "models": {
      "MeteoFrance": {
        "n": 24,
        "mae": 0.8553740502392695,
        "bias": 0.379529332319033,
        "hit_1c": 0.5833333333333334,
        "bucket_hit": 0.375,
        "rank_avg": 3.2916666666666665
      },
      "ICON": {
        "n": 24,
        "mae": 0.6738441693043692,
        "bias": 0.03213902968494028,
        "hit_1c": 0.75,
        "bucket_hit": 0.5833333333333334,
        "rank_avg": 2.9583333333333335
      },
      "GFS": {
        "n": 24,
        "mae": 0.8802735494664752,
        "bias": 0.10086598354010823,
        "hit_1c": 0.7083333333333334,
        "bucket_hit": 0.4166666666666667,
        "rank_avg": 3.125
      },
      "UKMO": {
        "n": 24,
        "mae": 0.6129837557677777,
        "bias": -0.11608663957721406,
        "hit_1c": 0.6666666666666666,
        "bucket_hit": 0.5,
        "rank_avg": 2.0416666666666665
      },
      "ECMWF": {
        "n": 24,
        "mae": 1.004094869460436,
        "bias": -0.19872756280114542,
        "hit_1c": 0.5833333333333334,
        "bucket_hit": 0.2916666666666667,
        "rank_avg": 3.5833333333333335
      }
    },
    "consensus": {
      "n": 24,
      "mae": 0.6874208844474022,
      "bias": 0.03954402863314462,
      "hit_1c": 0.8333333333333334,
      "bucket_hit": 0.4583333333333333,
      "rank_avg": null
    },
    "days_measured": 24
  },
  "last_update": "2026-05-16T23:12:42.323519+03:00",
  "hit_window_c": 1.0
}