{
  "per_city": {
    "london": {
      "models": {
        "MeteoFrance": {
          "n": 11,
          "mae": 0.6014258220283764,
          "bias": 0.05403319445393025,
          "hit_1c": 0.8181818181818182,
          "bucket_hit": 0.45454545454545453,
          "rank_avg": 2.909090909090909
        },
        "ICON": {
          "n": 11,
          "mae": 0.6713454594241225,
          "bias": 0.043566013250461305,
          "hit_1c": 0.9090909090909091,
          "bucket_hit": 0.45454545454545453,
          "rank_avg": 3.5454545454545454
        },
        "GFS": {
          "n": 11,
          "mae": 0.5475714032023571,
          "bias": 0.12891127655214793,
          "hit_1c": 0.9090909090909091,
          "bucket_hit": 0.6363636363636364,
          "rank_avg": 2.8181818181818183
        },
        "UKMO": {
          "n": 11,
          "mae": 0.5529161900425305,
          "bias": 0.2199658493272313,
          "hit_1c": 0.8181818181818182,
          "bucket_hit": 0.6363636363636364,
          "rank_avg": 2.909090909090909
        },
        "ECMWF": {
          "n": 11,
          "mae": 0.5617558352658272,
          "bias": 0.2165726384809778,
          "hit_1c": 0.7272727272727273,
          "bucket_hit": 0.5454545454545454,
          "rank_avg": 2.8181818181818183
        }
      },
      "consensus": {
        "n": 11,
        "mae": 0.488651796488009,
        "bias": 0.13260979441294943,
        "hit_1c": 0.9090909090909091,
        "bucket_hit": 0.6363636363636364,
        "rank_avg": null
      },
      "days_measured": 11
    },
    "paris": {
      "models": {
        "MeteoFrance": {
          "n": 12,
          "mae": 0.39944323813968835,
          "bias": 0.12004815244860323,
          "hit_1c": 0.9166666666666666,
          "bucket_hit": 0.75,
          "rank_avg": 2.25
        },
        "ICON": {
          "n": 12,
          "mae": 0.380162660828889,
          "bias": -0.11659608860961201,
          "hit_1c": 1.0,
          "bucket_hit": 0.75,
          "rank_avg": 2.5833333333333335
        },
        "GFS": {
          "n": 12,
          "mae": 1.1161619367984883,
          "bias": -0.22658117614916998,
          "hit_1c": 0.4166666666666667,
          "bucket_hit": 0.16666666666666666,
          "rank_avg": 4.25
        },
        "UKMO": {
          "n": 12,
          "mae": 0.48876787219083706,
          "bias": -0.11245133529130502,
          "hit_1c": 0.8333333333333334,
          "bucket_hit": 0.5,
          "rank_avg": 2.75
        },
        "ECMWF": {
          "n": 12,
          "mae": 0.5129680878225202,
          "bias": -0.15361427953464016,
          "hit_1c": 0.9166666666666666,
          "bucket_hit": 0.75,
          "rank_avg": 3.1666666666666665
        }
      },
      "consensus": {
        "n": 12,
        "mae": 0.449214935570871,
        "bias": -0.09783894542722482,
        "hit_1c": 0.9166666666666666,
        "bucket_hit": 0.4166666666666667,
        "rank_avg": null
      },
      "days_measured": 12
    }
  },
  "global": {
    "models": {
      "MeteoFrance": {
        "n": 23,
        "mae": 0.4960436043473217,
        "bias": 0.08847578123375963,
        "hit_1c": 0.8695652173913043,
        "bucket_hit": 0.6086956521739131,
        "rank_avg": 2.5652173913043477
      },
      "ICON": {
        "n": 23,
        "mae": 0.519423999287479,
        "bias": -0.039996822502620426,
        "hit_1c": 0.9565217391304348,
        "bucket_hit": 0.6086956521739131,
        "rank_avg": 3.0434782608695654
      },
      "GFS": {
        "n": 23,
        "mae": 0.8442273337742516,
        "bias": -0.05656304659636577,
        "hit_1c": 0.6521739130434783,
        "bucket_hit": 0.391304347826087,
        "rank_avg": 3.5652173913043477
      },
      "UKMO": {
        "n": 23,
        "mae": 0.5194475024677339,
        "bias": 0.04653079648277756,
        "hit_1c": 0.8260869565217391,
        "bucket_hit": 0.5652173913043478,
        "rank_avg": 2.8260869565217392
      },
      "ECMWF": {
        "n": 23,
        "mae": 0.5363013583388845,
        "bias": 0.023431637777177116,
        "hit_1c": 0.8260869565217391,
        "bucket_hit": 0.6521739130434783,
        "rank_avg": 3.0
      }
    },
    "consensus": {
      "n": 23,
      "mae": 0.46807604296602395,
      "bias": 0.012375669278945468,
      "hit_1c": 0.9130434782608695,
      "bucket_hit": 0.5217391304347826,
      "rank_avg": null
    },
    "days_measured": 23
  },
  "last_update": "2026-05-06T01:32:58.396913+03:00",
  "hit_window_c": 1.0
}