{
  "per_city": {
    "london": {
      "models": {
        "MeteoFrance": {
          "n": 12,
          "mae": 0.6384709039881843,
          "bias": 0.13669432871160878,
          "hit_1c": 0.75,
          "bucket_hit": 0.4166666666666667,
          "rank_avg": 3.0833333333333335
        },
        "ICON": {
          "n": 12,
          "mae": 0.6701028367012404,
          "bias": 0.09463834437538428,
          "hit_1c": 0.9166666666666666,
          "bucket_hit": 0.4166666666666667,
          "rank_avg": 3.5
        },
        "GFS": {
          "n": 12,
          "mae": 0.5376830593148397,
          "bias": 0.08242606379345647,
          "hit_1c": 0.9166666666666666,
          "bucket_hit": 0.6666666666666666,
          "rank_avg": 2.6666666666666665
        },
        "UKMO": {
          "n": 12,
          "mae": 0.5635093534283836,
          "bias": 0.2583048744393593,
          "hit_1c": 0.8333333333333334,
          "bucket_hit": 0.5833333333333334,
          "rank_avg": 3.0
        },
        "ECMWF": {
          "n": 12,
          "mae": 0.5552284624535933,
          "bias": 0.2388105320674813,
          "hit_1c": 0.75,
          "bucket_hit": 0.5833333333333334,
          "rank_avg": 2.75
        }
      },
      "consensus": {
        "n": 12,
        "mae": 0.48854666391292917,
        "bias": 0.1621748286774579,
        "hit_1c": 0.9166666666666666,
        "bucket_hit": 0.6666666666666666,
        "rank_avg": null
      },
      "days_measured": 12
    },
    "paris": {
      "models": {
        "MeteoFrance": {
          "n": 11,
          "mae": 0.43424110827359913,
          "bias": 0.13247677236817346,
          "hit_1c": 0.9090909090909091,
          "bucket_hit": 0.7272727272727273,
          "rank_avg": 2.3636363636363638
        },
        "ICON": {
          "n": 11,
          "mae": 0.4116925996921212,
          "bias": -0.12416542999836447,
          "hit_1c": 1.0,
          "bucket_hit": 0.7272727272727273,
          "rank_avg": 2.6363636363636362
        },
        "GFS": {
          "n": 11,
          "mae": 1.1676312037801688,
          "bias": -0.19717946489000357,
          "hit_1c": 0.36363636363636365,
          "bucket_hit": 0.18181818181818182,
          "rank_avg": 4.181818181818182
        },
        "UKMO": {
          "n": 11,
          "mae": 0.5210801029960647,
          "bias": -0.134795396075363,
          "hit_1c": 0.8181818181818182,
          "bucket_hit": 0.45454545454545453,
          "rank_avg": 2.727272727272727
        },
        "ECMWF": {
          "n": 11,
          "mae": 0.5232379139882041,
          "bias": -0.2039428504014255,
          "hit_1c": 0.9090909090909091,
          "bucket_hit": 0.7272727272727273,
          "rank_avg": 3.090909090909091
        }
      },
      "consensus": {
        "n": 11,
        "mae": 0.48884053577428366,
        "bias": -0.10552127379939691,
        "hit_1c": 0.9090909090909091,
        "bucket_hit": 0.36363636363636365,
        "rank_avg": null
      },
      "days_measured": 11
    }
  },
  "global": {
    "models": {
      "MeteoFrance": {
        "n": 23,
        "mae": 0.5407957842986001,
        "bias": 0.1346772365473571,
        "hit_1c": 0.8260869565217391,
        "bucket_hit": 0.5652173913043478,
        "rank_avg": 2.739130434782609
      },
      "ICON": {
        "n": 23,
        "mae": 0.5465153320447051,
        "bias": -0.010006939020756426,
        "hit_1c": 0.9565217391304348,
        "bucket_hit": 0.5652173913043478,
        "rank_avg": 3.0869565217391304
      },
      "GFS": {
        "n": 23,
        "mae": 0.8389626066678232,
        "bias": -0.051298319489937454,
        "hit_1c": 0.6521739130434783,
        "bucket_hit": 0.43478260869565216,
        "rank_avg": 3.391304347826087
      },
      "UKMO": {
        "n": 23,
        "mae": 0.5432171032216224,
        "bias": 0.07030039723666602,
        "hit_1c": 0.8260869565217391,
        "bucket_hit": 0.5217391304347826,
        "rank_avg": 2.869565217391304
      },
      "ECMWF": {
        "n": 23,
        "mae": 0.539928634926668,
        "bias": 0.027058914364960652,
        "hit_1c": 0.8260869565217391,
        "bucket_hit": 0.6521739130434783,
        "rank_avg": 2.9130434782608696
      }
    },
    "consensus": {
      "n": 23,
      "mae": 0.4886872113248813,
      "bias": 0.03414625792765776,
      "hit_1c": 0.9130434782608695,
      "bucket_hit": 0.5217391304347826,
      "rank_avg": null
    },
    "days_measured": 23
  },
  "last_update": "2026-05-06T18:54:21.603095+03:00",
  "hit_window_c": 1.0
}