{
  "per_city": {
    "london": {
      "models": {
        "MeteoFrance": {
          "n": 10,
          "mae": 0.5639682539682539,
          "bias": -0.31000000000000016,
          "hit_1c": 0.8,
          "bucket_hit": 0.6,
          "rank_avg": 3.0
        },
        "ICON": {
          "n": 10,
          "mae": 0.49785714285714333,
          "bias": -0.1650000000000004,
          "hit_1c": 0.9,
          "bucket_hit": 0.5,
          "rank_avg": 3.3
        },
        "GFS": {
          "n": 10,
          "mae": 0.5050714285714291,
          "bias": -0.2590000000000002,
          "hit_1c": 0.8,
          "bucket_hit": 0.7,
          "rank_avg": 2.8
        },
        "UKMO": {
          "n": 10,
          "mae": 0.4381587301587292,
          "bias": 0.15799999999999984,
          "hit_1c": 0.9,
          "bucket_hit": 0.8,
          "rank_avg": 3.1
        },
        "ECMWF": {
          "n": 10,
          "mae": 0.4250873015873017,
          "bias": 0.35600000000000004,
          "hit_1c": 0.8,
          "bucket_hit": 0.7,
          "rank_avg": 2.8
        }
      },
      "consensus": {
        "n": 10,
        "mae": 0.401761904761905,
        "bias": -0.04400000000000084,
        "hit_1c": 1.0,
        "bucket_hit": 0.7,
        "rank_avg": null
      },
      "days_measured": 10
    },
    "paris": {
      "models": {
        "MeteoFrance": {
          "n": 10,
          "mae": 0.5959523809523807,
          "bias": 0.485,
          "hit_1c": 0.9,
          "bucket_hit": 0.5,
          "rank_avg": 3.1
        },
        "ICON": {
          "n": 10,
          "mae": 0.3558968253968251,
          "bias": -0.016999999999999994,
          "hit_1c": 1.0,
          "bucket_hit": 0.8,
          "rank_avg": 2.3
        },
        "GFS": {
          "n": 10,
          "mae": 0.8415000000000001,
          "bias": -0.526,
          "hit_1c": 0.6,
          "bucket_hit": 0.3,
          "rank_avg": 3.5
        },
        "UKMO": {
          "n": 10,
          "mae": 0.5028095238095247,
          "bias": -0.010999999999999944,
          "hit_1c": 1.0,
          "bucket_hit": 0.5,
          "rank_avg": 2.9
        },
        "ECMWF": {
          "n": 10,
          "mae": 0.730357142857143,
          "bias": -0.45,
          "hit_1c": 0.8,
          "bucket_hit": 0.4,
          "rank_avg": 3.2
        }
      },
      "consensus": {
        "n": 10,
        "mae": 0.39996984126984075,
        "bias": -0.10379999999999967,
        "hit_1c": 1.0,
        "bucket_hit": 0.5,
        "rank_avg": null
      },
      "days_measured": 10
    }
  },
  "global": {
    "models": {
      "MeteoFrance": {
        "n": 20,
        "mae": 0.5799603174603173,
        "bias": 0.08749999999999991,
        "hit_1c": 0.85,
        "bucket_hit": 0.55,
        "rank_avg": 3.05
      },
      "ICON": {
        "n": 20,
        "mae": 0.4268769841269842,
        "bias": -0.09100000000000019,
        "hit_1c": 0.95,
        "bucket_hit": 0.65,
        "rank_avg": 2.8
      },
      "GFS": {
        "n": 20,
        "mae": 0.6732857142857146,
        "bias": -0.39250000000000007,
        "hit_1c": 0.7,
        "bucket_hit": 0.5,
        "rank_avg": 3.15
      },
      "UKMO": {
        "n": 20,
        "mae": 0.47048412698412695,
        "bias": 0.07349999999999994,
        "hit_1c": 0.95,
        "bucket_hit": 0.65,
        "rank_avg": 3.0
      },
      "ECMWF": {
        "n": 20,
        "mae": 0.5777222222222224,
        "bias": -0.04699999999999997,
        "hit_1c": 0.8,
        "bucket_hit": 0.55,
        "rank_avg": 3.0
      }
    },
    "consensus": {
      "n": 20,
      "mae": 0.40086587301587284,
      "bias": -0.07390000000000026,
      "hit_1c": 1.0,
      "bucket_hit": 0.6,
      "rank_avg": null
    },
    "days_measured": 20
  },
  "last_update": "2026-04-29T19:13:10.708399+03:00",
  "hit_window_c": 1.0
}