{
  "per_city": {
    "london": {
      "models": {
        "MeteoFrance": {
          "n": 6,
          "mae": 0.6499999999999998,
          "bias": -0.4166666666666667,
          "hit_1c": 0.8333333333333334,
          "bucket_hit": 0.5,
          "rank_avg": 2.6666666666666665
        },
        "ICON": {
          "n": 6,
          "mae": 0.666666666666667,
          "bias": -2.9605947323337506e-16,
          "hit_1c": 0.6666666666666666,
          "bucket_hit": 0.3333333333333333,
          "rank_avg": 3.1666666666666665
        },
        "GFS": {
          "n": 6,
          "mae": 0.8000000000000002,
          "bias": -0.3000000000000001,
          "hit_1c": 0.5,
          "bucket_hit": 0.5,
          "rank_avg": 3.1666666666666665
        },
        "UKMO": {
          "n": 6,
          "mae": 0.5499999999999995,
          "bias": 0.21666666666666679,
          "hit_1c": 0.8333333333333334,
          "bucket_hit": 0.6666666666666666,
          "rank_avg": 2.6666666666666665
        },
        "ECMWF": {
          "n": 6,
          "mae": 0.65,
          "bias": 0.5833333333333336,
          "hit_1c": 0.6666666666666666,
          "bucket_hit": 0.5,
          "rank_avg": 3.3333333333333335
        }
      },
      "consensus": {
        "n": 6,
        "mae": 0.5766666666666674,
        "bias": 0.016666666666666902,
        "hit_1c": 0.8333333333333334,
        "bucket_hit": 0.5,
        "rank_avg": null
      },
      "days_measured": 6
    },
    "paris": {
      "models": {
        "MeteoFrance": {
          "n": 6,
          "mae": 0.6833333333333332,
          "bias": 0.41666666666666635,
          "hit_1c": 1.0,
          "bucket_hit": 0.3333333333333333,
          "rank_avg": 3.5
        },
        "ICON": {
          "n": 6,
          "mae": 0.2999999999999998,
          "bias": -0.06666666666666672,
          "hit_1c": 1.0,
          "bucket_hit": 1.0,
          "rank_avg": 1.5
        },
        "GFS": {
          "n": 6,
          "mae": 1.2499999999999998,
          "bias": -1.2499999999999998,
          "hit_1c": 0.5,
          "bucket_hit": 0.3333333333333333,
          "rank_avg": 3.3333333333333335
        },
        "UKMO": {
          "n": 6,
          "mae": 0.5000000000000006,
          "bias": -0.2333333333333337,
          "hit_1c": 1.0,
          "bucket_hit": 0.6666666666666666,
          "rank_avg": 2.6666666666666665
        },
        "ECMWF": {
          "n": 6,
          "mae": 1.0999999999999996,
          "bias": -1.0999999999999996,
          "hit_1c": 0.5,
          "bucket_hit": 0.0,
          "rank_avg": 4.0
        }
      },
      "consensus": {
        "n": 6,
        "mae": 0.3891666666666662,
        "bias": -0.3758333333333332,
        "hit_1c": 1.0,
        "bucket_hit": 0.6666666666666666,
        "rank_avg": null
      },
      "days_measured": 6
    }
  },
  "global": {
    "models": {
      "MeteoFrance": {
        "n": 12,
        "mae": 0.6666666666666665,
        "bias": -1.4802973661668753e-16,
        "hit_1c": 0.9166666666666666,
        "bucket_hit": 0.4166666666666667,
        "rank_avg": 3.0833333333333335
      },
      "ICON": {
        "n": 12,
        "mae": 0.4833333333333334,
        "bias": -0.03333333333333351,
        "hit_1c": 0.8333333333333334,
        "bucket_hit": 0.6666666666666666,
        "rank_avg": 2.3333333333333335
      },
      "GFS": {
        "n": 12,
        "mae": 1.025,
        "bias": -0.7749999999999999,
        "hit_1c": 0.5,
        "bucket_hit": 0.4166666666666667,
        "rank_avg": 3.25
      },
      "UKMO": {
        "n": 12,
        "mae": 0.525,
        "bias": -0.008333333333333451,
        "hit_1c": 0.9166666666666666,
        "bucket_hit": 0.6666666666666666,
        "rank_avg": 2.6666666666666665
      },
      "ECMWF": {
        "n": 12,
        "mae": 0.8749999999999999,
        "bias": -0.258333333333333,
        "hit_1c": 0.5833333333333334,
        "bucket_hit": 0.25,
        "rank_avg": 3.6666666666666665
      }
    },
    "consensus": {
      "n": 12,
      "mae": 0.4829166666666668,
      "bias": -0.17958333333333312,
      "hit_1c": 0.9166666666666666,
      "bucket_hit": 0.5833333333333334,
      "rank_avg": null
    },
    "days_measured": 12
  },
  "last_update": "2026-04-24T16:10:32.675304+03:00",
  "hit_window_c": 1.0
}