{
  "per_city": {
    "london": {
      "models": {
        "MeteoFrance": {
          "n": 11,
          "mae": 1.0542500216286816,
          "bias": -0.14574476166721986,
          "hit_1c": 0.5454545454545454,
          "bucket_hit": 0.36363636363636365,
          "rank_avg": 3.909090909090909
        },
        "ICON": {
          "n": 11,
          "mae": 0.5625545247617741,
          "bias": -0.3443196368840498,
          "hit_1c": 0.8181818181818182,
          "bucket_hit": 0.5454545454545454,
          "rank_avg": 2.5454545454545454
        },
        "GFS": {
          "n": 11,
          "mae": 0.9893580810784793,
          "bias": -0.21791647779823398,
          "hit_1c": 0.45454545454545453,
          "bucket_hit": 0.36363636363636365,
          "rank_avg": 3.3636363636363638
        },
        "UKMO": {
          "n": 11,
          "mae": 0.39759757943799295,
          "bias": 0.04770597068450432,
          "hit_1c": 0.8181818181818182,
          "bucket_hit": 0.8181818181818182,
          "rank_avg": 2.272727272727273
        },
        "ECMWF": {
          "n": 11,
          "mae": 0.7498938597680843,
          "bias": 0.21198051512119387,
          "hit_1c": 0.7272727272727273,
          "bucket_hit": 0.5454545454545454,
          "rank_avg": 2.909090909090909
        }
      },
      "consensus": {
        "n": 11,
        "mae": 0.6274413465801124,
        "bias": -0.08965887810876035,
        "hit_1c": 0.7272727272727273,
        "bucket_hit": 0.5454545454545454,
        "rank_avg": null
      },
      "days_measured": 11
    },
    "paris": {
      "models": {
        "MeteoFrance": {
          "n": 11,
          "mae": 0.7511631222831759,
          "bias": 0.6311255751298638,
          "hit_1c": 0.6363636363636364,
          "bucket_hit": 0.45454545454545453,
          "rank_avg": 3.5454545454545454
        },
        "ICON": {
          "n": 11,
          "mae": 0.2853793767931464,
          "bias": 0.13309349284603736,
          "hit_1c": 1.0,
          "bucket_hit": 0.9090909090909091,
          "rank_avg": 1.6363636363636365
        },
        "GFS": {
          "n": 11,
          "mae": 0.7509440997820999,
          "bias": -0.6481364383729794,
          "hit_1c": 0.7272727272727273,
          "bucket_hit": 0.2727272727272727,
          "rank_avg": 3.8181818181818183
        },
        "UKMO": {
          "n": 11,
          "mae": 0.4850407225427071,
          "bias": 0.26296430603167453,
          "hit_1c": 0.9090909090909091,
          "bucket_hit": 0.7272727272727273,
          "rank_avg": 2.6363636363636362
        },
        "ECMWF": {
          "n": 11,
          "mae": 0.7907412996482166,
          "bias": -0.61590836440939,
          "hit_1c": 0.7272727272727273,
          "bucket_hit": 0.36363636363636365,
          "rank_avg": 3.3636363636363638
        }
      },
      "consensus": {
        "n": 11,
        "mae": 0.24100891214759865,
        "bias": -0.047372285754958554,
        "hit_1c": 1.0,
        "bucket_hit": 0.8181818181818182,
        "rank_avg": null
      },
      "days_measured": 11
    }
  },
  "global": {
    "models": {
      "MeteoFrance": {
        "n": 22,
        "mae": 0.9027065719559286,
        "bias": 0.24269040673132194,
        "hit_1c": 0.5909090909090909,
        "bucket_hit": 0.4090909090909091,
        "rank_avg": 3.727272727272727
      },
      "ICON": {
        "n": 22,
        "mae": 0.4239669507774603,
        "bias": -0.10561307201900623,
        "hit_1c": 0.9090909090909091,
        "bucket_hit": 0.7272727272727273,
        "rank_avg": 2.090909090909091
      },
      "GFS": {
        "n": 22,
        "mae": 0.8701510904302896,
        "bias": -0.4330264580856067,
        "hit_1c": 0.5909090909090909,
        "bucket_hit": 0.3181818181818182,
        "rank_avg": 3.590909090909091
      },
      "UKMO": {
        "n": 22,
        "mae": 0.44131915099035,
        "bias": 0.15533513835808943,
        "hit_1c": 0.8636363636363636,
        "bucket_hit": 0.7727272727272727,
        "rank_avg": 2.4545454545454546
      },
      "ECMWF": {
        "n": 22,
        "mae": 0.7703175797081504,
        "bias": -0.20196392464409804,
        "hit_1c": 0.7272727272727273,
        "bucket_hit": 0.45454545454545453,
        "rank_avg": 3.1363636363636362
      }
    },
    "consensus": {
      "n": 22,
      "mae": 0.4342251293638555,
      "bias": -0.06851558193185946,
      "hit_1c": 0.8636363636363636,
      "bucket_hit": 0.6818181818181818,
      "rank_avg": null
    },
    "days_measured": 22
  },
  "last_update": "2026-05-29T10:07:53.320448+03:00",
  "hit_window_c": 1.0
}