{
  "per_city": {
    "london": {
      "models": {
        "MeteoFrance": {
          "n": 12,
          "mae": 0.7444171722702967,
          "bias": 0.3783548827080067,
          "hit_1c": 0.6666666666666666,
          "bucket_hit": 0.3333333333333333,
          "rank_avg": 3.4166666666666665
        },
        "ICON": {
          "n": 12,
          "mae": 0.6194591885825688,
          "bias": 0.26304231530433214,
          "hit_1c": 0.9166666666666666,
          "bucket_hit": 0.5,
          "rank_avg": 3.25
        },
        "GFS": {
          "n": 12,
          "mae": 0.6717543327768961,
          "bias": 0.2236401943983702,
          "hit_1c": 0.9166666666666666,
          "bucket_hit": 0.5,
          "rank_avg": 3.0833333333333335
        },
        "UKMO": {
          "n": 12,
          "mae": 0.5885517523644564,
          "bias": 0.29114465551199853,
          "hit_1c": 0.8333333333333334,
          "bucket_hit": 0.5,
          "rank_avg": 2.6666666666666665
        },
        "ECMWF": {
          "n": 12,
          "mae": 0.600296502080344,
          "bias": 0.3009420637577245,
          "hit_1c": 0.75,
          "bucket_hit": 0.5,
          "rank_avg": 2.5833333333333335
        }
      },
      "consensus": {
        "n": 12,
        "mae": 0.5449395147144145,
        "bias": 0.29142482233608646,
        "hit_1c": 0.9166666666666666,
        "bucket_hit": 0.5833333333333334,
        "rank_avg": null
      },
      "days_measured": 12
    },
    "paris": {
      "models": {
        "MeteoFrance": {
          "n": 11,
          "mae": 0.46089508048360933,
          "bias": 0.20545109089852964,
          "hit_1c": 0.9090909090909091,
          "bucket_hit": 0.7272727272727273,
          "rank_avg": 2.4545454545454546
        },
        "ICON": {
          "n": 11,
          "mae": 0.33990218071168904,
          "bias": -0.1994529330958542,
          "hit_1c": 1.0,
          "bucket_hit": 0.8181818181818182,
          "rank_avg": 2.3636363636363638
        },
        "GFS": {
          "n": 11,
          "mae": 1.1088269018371113,
          "bias": -0.12752435114876318,
          "hit_1c": 0.45454545454545453,
          "bucket_hit": 0.2727272727272727,
          "rank_avg": 4.2727272727272725
        },
        "UKMO": {
          "n": 11,
          "mae": 0.4490632711703126,
          "bias": -0.16018116165220872,
          "hit_1c": 0.8181818181818182,
          "bucket_hit": 0.6363636363636364,
          "rank_avg": 2.4545454545454546
        },
        "ECMWF": {
          "n": 11,
          "mae": 0.5088139482160556,
          "bias": -0.35347992359031627,
          "hit_1c": 0.9090909090909091,
          "bucket_hit": 0.7272727272727273,
          "rank_avg": 3.4545454545454546
        }
      },
      "consensus": {
        "n": 11,
        "mae": 0.38354992312186814,
        "bias": -0.12703745571772274,
        "hit_1c": 0.9090909090909091,
        "bucket_hit": 0.5454545454545454,
        "rank_avg": null
      },
      "days_measured": 11
    }
  },
  "global": {
    "models": {
      "MeteoFrance": {
        "n": 23,
        "mae": 0.6088196501114462,
        "bias": 0.29566176488608287,
        "hit_1c": 0.782608695652174,
        "bucket_hit": 0.5217391304347826,
        "rank_avg": 2.9565217391304346
      },
      "ICON": {
        "n": 23,
        "mae": 0.48575801090519155,
        "bias": 0.04184893563467779,
        "hit_1c": 0.9565217391304348,
        "bucket_hit": 0.6521739130434783,
        "rank_avg": 2.8260869565217392
      },
      "GFS": {
        "n": 23,
        "mae": 0.8807890397187381,
        "bias": 0.055691933484523795,
        "hit_1c": 0.6956521739130435,
        "bucket_hit": 0.391304347826087,
        "rank_avg": 3.652173913043478
      },
      "UKMO": {
        "n": 23,
        "mae": 0.5218398700542137,
        "bias": 0.07529317773781245,
        "hit_1c": 0.8260869565217391,
        "bucket_hit": 0.5652173913043478,
        "rank_avg": 2.5652173913043477
      },
      "ECMWF": {
        "n": 23,
        "mae": 0.5565439763191626,
        "bias": -0.012042364973947173,
        "hit_1c": 0.8260869565217391,
        "bucket_hit": 0.6086956521739131,
        "rank_avg": 3.0
      }
    },
    "consensus": {
      "n": 23,
      "mae": 0.467753188300588,
      "bias": 0.09129068935382989,
      "hit_1c": 0.9130434782608695,
      "bucket_hit": 0.5652173913043478,
      "rank_avg": null
    },
    "days_measured": 23
  },
  "last_update": "2026-05-08T19:42:18.939779+03:00",
  "hit_window_c": 1.0
}