{
  "per_city": {
    "london": {
      "models": {
        "MeteoFrance": {
          "n": 11,
          "mae": 1.119177029479215,
          "bias": -0.20382752129122556,
          "hit_1c": 0.45454545454545453,
          "bucket_hit": 0.36363636363636365,
          "rank_avg": 3.8181818181818183
        },
        "ICON": {
          "n": 11,
          "mae": 0.5471506488805145,
          "bias": -0.34482517525985157,
          "hit_1c": 0.9090909090909091,
          "bucket_hit": 0.45454545454545453,
          "rank_avg": 2.5454545454545454
        },
        "GFS": {
          "n": 11,
          "mae": 0.9379600134711609,
          "bias": -0.1665184101909155,
          "hit_1c": 0.45454545454545453,
          "bucket_hit": 0.2727272727272727,
          "rank_avg": 3.3636363636363638
        },
        "UKMO": {
          "n": 11,
          "mae": 0.5144600451242944,
          "bias": -0.16094048654584014,
          "hit_1c": 0.7272727272727273,
          "bucket_hit": 0.7272727272727273,
          "rank_avg": 2.4545454545454546
        },
        "ECMWF": {
          "n": 11,
          "mae": 0.7399621301951966,
          "bias": 0.29851438488576904,
          "hit_1c": 0.8181818181818182,
          "bucket_hit": 0.5454545454545454,
          "rank_avg": 2.8181818181818183
        }
      },
      "consensus": {
        "n": 11,
        "mae": 0.6533019101517639,
        "bias": -0.11551944168041185,
        "hit_1c": 0.6363636363636364,
        "bucket_hit": 0.5454545454545454,
        "rank_avg": null
      },
      "days_measured": 11
    },
    "paris": {
      "models": {
        "MeteoFrance": {
          "n": 11,
          "mae": 0.7018282538719103,
          "bias": 0.5330683210410552,
          "hit_1c": 0.6363636363636364,
          "bucket_hit": 0.5454545454545454,
          "rank_avg": 3.4545454545454546
        },
        "ICON": {
          "n": 11,
          "mae": 0.23469207059379632,
          "bias": 0.08720358212756162,
          "hit_1c": 1.0,
          "bucket_hit": 1.0,
          "rank_avg": 1.5454545454545454
        },
        "GFS": {
          "n": 11,
          "mae": 0.6686060287643649,
          "bias": -0.5657983673552445,
          "hit_1c": 0.7272727272727273,
          "bucket_hit": 0.45454545454545453,
          "rank_avg": 3.6363636363636362
        },
        "UKMO": {
          "n": 11,
          "mae": 0.4426682764557235,
          "bias": 0.18117470146388728,
          "hit_1c": 0.9090909090909091,
          "bucket_hit": 0.7272727272727273,
          "rank_avg": 2.5454545454545454
        },
        "ECMWF": {
          "n": 11,
          "mae": 0.8348374032683851,
          "bias": -0.6600044680295585,
          "hit_1c": 0.6363636363636364,
          "bucket_hit": 0.2727272727272727,
          "rank_avg": 3.8181818181818183
        }
      },
      "consensus": {
        "n": 11,
        "mae": 0.2537957163404563,
        "bias": -0.08487124615045939,
        "hit_1c": 1.0,
        "bucket_hit": 0.8181818181818182,
        "rank_avg": null
      },
      "days_measured": 11
    }
  },
  "global": {
    "models": {
      "MeteoFrance": {
        "n": 22,
        "mae": 0.9105026416755625,
        "bias": 0.1646203998749148,
        "hit_1c": 0.5454545454545454,
        "bucket_hit": 0.45454545454545453,
        "rank_avg": 3.6363636363636362
      },
      "ICON": {
        "n": 22,
        "mae": 0.3909213597371554,
        "bias": -0.12881079656614497,
        "hit_1c": 0.9545454545454546,
        "bucket_hit": 0.7272727272727273,
        "rank_avg": 2.0454545454545454
      },
      "GFS": {
        "n": 22,
        "mae": 0.803283021117763,
        "bias": -0.36615838877308,
        "hit_1c": 0.5909090909090909,
        "bucket_hit": 0.36363636363636365,
        "rank_avg": 3.5
      },
      "UKMO": {
        "n": 22,
        "mae": 0.47856416079000896,
        "bias": 0.010117107459023571,
        "hit_1c": 0.8181818181818182,
        "bucket_hit": 0.7272727272727273,
        "rank_avg": 2.5
      },
      "ECMWF": {
        "n": 22,
        "mae": 0.7873997667317909,
        "bias": -0.18074504157189472,
        "hit_1c": 0.7272727272727273,
        "bucket_hit": 0.4090909090909091,
        "rank_avg": 3.3181818181818183
      }
    },
    "consensus": {
      "n": 22,
      "mae": 0.45354881324611007,
      "bias": -0.10019534391543562,
      "hit_1c": 0.8181818181818182,
      "bucket_hit": 0.6818181818181818,
      "rank_avg": null
    },
    "days_measured": 22
  },
  "last_update": "2026-05-27T06:02:57.234541+03:00",
  "hit_window_c": 1.0
}