{
  "per_city": {
    "london": {
      "models": {
        "MeteoFrance": {
          "n": 9,
          "mae": 0.6476190476190473,
          "bias": -0.24444444444444435,
          "hit_1c": 0.7777777777777778,
          "bucket_hit": 0.4444444444444444,
          "rank_avg": 2.7777777777777777
        },
        "ICON": {
          "n": 9,
          "mae": 0.6087301587301592,
          "bias": -0.1277777777777782,
          "hit_1c": 0.7777777777777778,
          "bucket_hit": 0.3333333333333333,
          "rank_avg": 3.2222222222222223
        },
        "GFS": {
          "n": 9,
          "mae": 0.6414682539682544,
          "bias": -0.10138888888888904,
          "hit_1c": 0.6666666666666666,
          "bucket_hit": 0.5555555555555556,
          "rank_avg": 2.6666666666666665
        },
        "UKMO": {
          "n": 9,
          "mae": 0.5359788359788351,
          "bias": 0.28888888888888864,
          "hit_1c": 0.7777777777777778,
          "bucket_hit": 0.6666666666666666,
          "rank_avg": 3.0
        },
        "ECMWF": {
          "n": 9,
          "mae": 0.6102513227513232,
          "bias": 0.5430555555555556,
          "hit_1c": 0.6666666666666666,
          "bucket_hit": 0.5555555555555556,
          "rank_avg": 3.3333333333333335
        }
      },
      "consensus": {
        "n": 9,
        "mae": 0.5421428571428576,
        "bias": 0.07166666666666623,
        "hit_1c": 0.8888888888888888,
        "bucket_hit": 0.5555555555555556,
        "rank_avg": null
      },
      "days_measured": 9
    },
    "paris": {
      "models": {
        "MeteoFrance": {
          "n": 9,
          "mae": 0.6214285714285714,
          "bias": 0.3833333333333331,
          "hit_1c": 0.8888888888888888,
          "bucket_hit": 0.4444444444444444,
          "rank_avg": 3.2222222222222223
        },
        "ICON": {
          "n": 9,
          "mae": 0.3422619047619045,
          "bias": -0.006944444444444642,
          "hit_1c": 1.0,
          "bucket_hit": 0.8888888888888888,
          "rank_avg": 1.8888888888888888
        },
        "GFS": {
          "n": 9,
          "mae": 1.0597222222222222,
          "bias": -0.9624999999999999,
          "hit_1c": 0.5555555555555556,
          "bucket_hit": 0.3333333333333333,
          "rank_avg": 3.4444444444444446
        },
        "UKMO": {
          "n": 9,
          "mae": 0.47645502645502724,
          "bias": -0.15000000000000016,
          "hit_1c": 1.0,
          "bucket_hit": 0.5555555555555556,
          "rank_avg": 2.7777777777777777
        },
        "ECMWF": {
          "n": 9,
          "mae": 0.9017857142857141,
          "bias": -0.6124999999999999,
          "hit_1c": 0.6666666666666666,
          "bucket_hit": 0.2222222222222222,
          "rank_avg": 3.6666666666666665
        }
      },
      "consensus": {
        "n": 9,
        "mae": 0.4049603174603173,
        "bias": -0.22249999999999975,
        "hit_1c": 1.0,
        "bucket_hit": 0.5555555555555556,
        "rank_avg": null
      },
      "days_measured": 9
    }
  },
  "global": {
    "models": {
      "MeteoFrance": {
        "n": 18,
        "mae": 0.6345238095238094,
        "bias": 0.06944444444444435,
        "hit_1c": 0.8333333333333334,
        "bucket_hit": 0.4444444444444444,
        "rank_avg": 3.0
      },
      "ICON": {
        "n": 18,
        "mae": 0.4754960317460319,
        "bias": -0.06736111111111143,
        "hit_1c": 0.8888888888888888,
        "bucket_hit": 0.6111111111111112,
        "rank_avg": 2.5555555555555554
      },
      "GFS": {
        "n": 18,
        "mae": 0.8505952380952383,
        "bias": -0.5319444444444446,
        "hit_1c": 0.6111111111111112,
        "bucket_hit": 0.4444444444444444,
        "rank_avg": 3.0555555555555554
      },
      "UKMO": {
        "n": 18,
        "mae": 0.5062169312169311,
        "bias": 0.06944444444444425,
        "hit_1c": 0.8888888888888888,
        "bucket_hit": 0.6111111111111112,
        "rank_avg": 2.888888888888889
      },
      "ECMWF": {
        "n": 18,
        "mae": 0.7560185185185186,
        "bias": -0.03472222222222213,
        "hit_1c": 0.6666666666666666,
        "bucket_hit": 0.3888888888888889,
        "rank_avg": 3.5
      }
    },
    "consensus": {
      "n": 18,
      "mae": 0.4735515873015874,
      "bias": -0.07541666666666676,
      "hit_1c": 0.9444444444444444,
      "bucket_hit": 0.5555555555555556,
      "rank_avg": null
    },
    "days_measured": 18
  },
  "last_update": "2026-04-27T16:25:36.595896+03:00",
  "hit_window_c": 1.0
}