{
  "per_city": {
    "london": {
      "models": {
        "MeteoFrance": {
          "n": 12,
          "mae": 0.668476638235935,
          "bias": 0.31667245105519876,
          "hit_1c": 0.75,
          "bucket_hit": 0.4166666666666667,
          "rank_avg": 3.25
        },
        "ICON": {
          "n": 12,
          "mae": 0.6586406110078121,
          "bias": 0.12518364420184014,
          "hit_1c": 0.9166666666666666,
          "bucket_hit": 0.4166666666666667,
          "rank_avg": 3.4166666666666665
        },
        "GFS": {
          "n": 12,
          "mae": 0.6386271926119186,
          "bias": 0.1017078107538237,
          "hit_1c": 0.9166666666666666,
          "bucket_hit": 0.5,
          "rank_avg": 3.25
        },
        "UKMO": {
          "n": 12,
          "mae": 0.48113682988105627,
          "bias": 0.19379767323349414,
          "hit_1c": 0.9166666666666666,
          "bucket_hit": 0.5833333333333334,
          "rank_avg": 2.3333333333333335
        },
        "ECMWF": {
          "n": 12,
          "mae": 0.5705415630821463,
          "bias": 0.16263440705850693,
          "hit_1c": 0.8333333333333334,
          "bucket_hit": 0.5,
          "rank_avg": 2.75
        }
      },
      "consensus": {
        "n": 12,
        "mae": 0.49267466359945217,
        "bias": 0.1799991972605731,
        "hit_1c": 0.9166666666666666,
        "bucket_hit": 0.6666666666666666,
        "rank_avg": null
      },
      "days_measured": 12
    },
    "paris": {
      "models": {
        "MeteoFrance": {
          "n": 11,
          "mae": 0.4366707864709171,
          "bias": 0.23274194840098855,
          "hit_1c": 0.9090909090909091,
          "bucket_hit": 0.7272727272727273,
          "rank_avg": 2.727272727272727
        },
        "ICON": {
          "n": 11,
          "mae": 0.35252851349209585,
          "bias": -0.15500701541438824,
          "hit_1c": 1.0,
          "bucket_hit": 0.8181818181818182,
          "rank_avg": 2.3636363636363638
        },
        "GFS": {
          "n": 11,
          "mae": 1.0998394997804894,
          "bias": -0.3026234307014571,
          "hit_1c": 0.45454545454545453,
          "bucket_hit": 0.36363636363636365,
          "rank_avg": 4.090909090909091
        },
        "UKMO": {
          "n": 11,
          "mae": 0.33787480509844153,
          "bias": -0.22899269558033808,
          "hit_1c": 0.8181818181818182,
          "bucket_hit": 0.8181818181818182,
          "rank_avg": 2.1818181818181817
        },
        "ECMWF": {
          "n": 11,
          "mae": 0.5584166061053392,
          "bias": -0.42126439966141827,
          "hit_1c": 0.8181818181818182,
          "bucket_hit": 0.6363636363636364,
          "rank_avg": 3.6363636363636362
        }
      },
      "consensus": {
        "n": 11,
        "mae": 0.3528615274390949,
        "bias": -0.1750291185913226,
        "hit_1c": 0.9090909090909091,
        "bucket_hit": 0.6363636363636364,
        "rank_avg": null
      },
      "days_measured": 11
    }
  },
  "global": {
    "models": {
      "MeteoFrance": {
        "n": 23,
        "mae": 0.5576129700004916,
        "bias": 0.2765317758727504,
        "hit_1c": 0.8260869565217391,
        "bucket_hit": 0.5652173913043478,
        "rank_avg": 3.0
      },
      "ICON": {
        "n": 23,
        "mae": 0.512239173065513,
        "bias": -0.00882058431026909,
        "hit_1c": 0.9565217391304348,
        "bucket_hit": 0.6086956521739131,
        "rank_avg": 2.9130434782608696
      },
      "GFS": {
        "n": 23,
        "mae": 0.8592069916925394,
        "bias": -0.09166800037696277,
        "hit_1c": 0.6956521739130435,
        "bucket_hit": 0.43478260869565216,
        "rank_avg": 3.652173913043478
      },
      "UKMO": {
        "n": 23,
        "mae": 0.4126202093328492,
        "bias": -0.008406416199208228,
        "hit_1c": 0.8695652173913043,
        "bucket_hit": 0.6956521739130435,
        "rank_avg": 2.260869565217391
      },
      "ECMWF": {
        "n": 23,
        "mae": 0.5647426706149777,
        "bias": -0.11662154398145728,
        "hit_1c": 0.8260869565217391,
        "bucket_hit": 0.5652173913043478,
        "rank_avg": 3.1739130434782608
      }
    },
    "consensus": {
      "n": 23,
      "mae": 0.42580751152275953,
      "bias": 0.010203046200970789,
      "hit_1c": 0.9130434782608695,
      "bucket_hit": 0.6521739130434783,
      "rank_avg": null
    },
    "days_measured": 23
  },
  "last_update": "2026-05-10T16:55:36.451488+03:00",
  "hit_window_c": 1.0
}