{
  "per_city": {
    "london": {
      "models": {
        "MeteoFrance": {
          "n": 11,
          "mae": 0.9905084122316116,
          "bias": -0.9498153953678377,
          "hit_1c": 0.45454545454545453,
          "bucket_hit": 0.2727272727272727,
          "rank_avg": 3.5454545454545454
        },
        "ICON": {
          "n": 11,
          "mae": 0.5804612053788233,
          "bias": -0.5051029280190913,
          "hit_1c": 0.8181818181818182,
          "bucket_hit": 0.5454545454545454,
          "rank_avg": 2.8181818181818183
        },
        "GFS": {
          "n": 11,
          "mae": 0.7978395037444312,
          "bias": -0.6664194952714522,
          "hit_1c": 0.5454545454545454,
          "bucket_hit": 0.2727272727272727,
          "rank_avg": 3.0
        },
        "UKMO": {
          "n": 11,
          "mae": 0.6361723287984831,
          "bias": -0.6138302634150541,
          "hit_1c": 0.6363636363636364,
          "bucket_hit": 0.5454545454545454,
          "rank_avg": 2.4545454545454546
        },
        "ECMWF": {
          "n": 11,
          "mae": 0.7939226445631877,
          "bias": -0.4880996177175481,
          "hit_1c": 0.7272727272727273,
          "bucket_hit": 0.45454545454545453,
          "rank_avg": 3.1818181818181817
        }
      },
      "consensus": {
        "n": 11,
        "mae": 0.6790533308449251,
        "bias": -0.6446535399581959,
        "hit_1c": 0.7272727272727273,
        "bucket_hit": 0.45454545454545453,
        "rank_avg": null
      },
      "days_measured": 11
    },
    "paris": {
      "models": {
        "MeteoFrance": {
          "n": 11,
          "mae": 0.4890844331394126,
          "bias": -0.02527840483302962,
          "hit_1c": 0.8181818181818182,
          "bucket_hit": 0.6363636363636364,
          "rank_avg": 2.909090909090909
        },
        "ICON": {
          "n": 11,
          "mae": 0.42437274208061077,
          "bias": -0.3064751270821351,
          "hit_1c": 0.8181818181818182,
          "bucket_hit": 0.8181818181818182,
          "rank_avg": 2.1818181818181817
        },
        "GFS": {
          "n": 11,
          "mae": 0.6113237689285248,
          "bias": -0.5085161075194043,
          "hit_1c": 0.7272727272727273,
          "bucket_hit": 0.5454545454545454,
          "rank_avg": 3.5454545454545454
        },
        "UKMO": {
          "n": 11,
          "mae": 0.5435835392093022,
          "bias": -0.19907251021405015,
          "hit_1c": 0.8181818181818182,
          "bucket_hit": 0.6363636363636364,
          "rank_avg": 2.6363636363636362
        },
        "ECMWF": {
          "n": 11,
          "mae": 0.9698438974063118,
          "bias": -0.7950109621674851,
          "hit_1c": 0.6363636363636364,
          "bucket_hit": 0.2727272727272727,
          "rank_avg": 3.727272727272727
        }
      },
      "consensus": {
        "n": 11,
        "mae": 0.4615014146420274,
        "bias": -0.3668706223632208,
        "hit_1c": 0.9090909090909091,
        "bucket_hit": 0.6363636363636364,
        "rank_avg": null
      },
      "days_measured": 11
    }
  },
  "global": {
    "models": {
      "MeteoFrance": {
        "n": 22,
        "mae": 0.739796422685512,
        "bias": -0.48754690010043367,
        "hit_1c": 0.6363636363636364,
        "bucket_hit": 0.45454545454545453,
        "rank_avg": 3.227272727272727
      },
      "ICON": {
        "n": 22,
        "mae": 0.502416973729717,
        "bias": -0.4057890275506132,
        "hit_1c": 0.8181818181818182,
        "bucket_hit": 0.6818181818181818,
        "rank_avg": 2.5
      },
      "GFS": {
        "n": 22,
        "mae": 0.704581636336478,
        "bias": -0.5874678013954283,
        "hit_1c": 0.6363636363636364,
        "bucket_hit": 0.4090909090909091,
        "rank_avg": 3.272727272727273
      },
      "UKMO": {
        "n": 22,
        "mae": 0.5898779340038927,
        "bias": -0.4064513868145521,
        "hit_1c": 0.7272727272727273,
        "bucket_hit": 0.5909090909090909,
        "rank_avg": 2.5454545454545454
      },
      "ECMWF": {
        "n": 22,
        "mae": 0.8818832709847498,
        "bias": -0.6415552899425166,
        "hit_1c": 0.6818181818181818,
        "bucket_hit": 0.36363636363636365,
        "rank_avg": 3.4545454545454546
      }
    },
    "consensus": {
      "n": 22,
      "mae": 0.5702773727434762,
      "bias": -0.5057620811607083,
      "hit_1c": 0.8181818181818182,
      "bucket_hit": 0.5454545454545454,
      "rank_avg": null
    },
    "days_measured": 22
  },
  "last_update": "2026-05-23T05:52:54.221812+03:00",
  "hit_window_c": 1.0
}