{
  "per_city": {
    "london": {
      "models": {
        "MeteoFrance": {
          "n": 11,
          "mae": 1.0542500216286816,
          "bias": -0.14574476166721986,
          "hit_1c": 0.5454545454545454,
          "bucket_hit": 0.36363636363636365,
          "rank_avg": 3.909090909090909
        },
        "ICON": {
          "n": 11,
          "mae": 0.5625545247617741,
          "bias": -0.3443196368840498,
          "hit_1c": 0.8181818181818182,
          "bucket_hit": 0.5454545454545454,
          "rank_avg": 2.5454545454545454
        },
        "GFS": {
          "n": 11,
          "mae": 0.9893580810784793,
          "bias": -0.21791647779823398,
          "hit_1c": 0.45454545454545453,
          "bucket_hit": 0.36363636363636365,
          "rank_avg": 3.3636363636363638
        },
        "UKMO": {
          "n": 11,
          "mae": 0.39759757943799295,
          "bias": 0.04770597068450432,
          "hit_1c": 0.8181818181818182,
          "bucket_hit": 0.8181818181818182,
          "rank_avg": 2.272727272727273
        },
        "ECMWF": {
          "n": 11,
          "mae": 0.7498938597680843,
          "bias": 0.21198051512119387,
          "hit_1c": 0.7272727272727273,
          "bucket_hit": 0.5454545454545454,
          "rank_avg": 2.909090909090909
        }
      },
      "consensus": {
        "n": 11,
        "mae": 0.6274413465801124,
        "bias": -0.08965887810876035,
        "hit_1c": 0.7272727272727273,
        "bucket_hit": 0.5454545454545454,
        "rank_avg": null
      },
      "days_measured": 11
    },
    "paris": {
      "models": {
        "MeteoFrance": {
          "n": 10,
          "mae": 0.8109164218831785,
          "bias": 0.7096011452711652,
          "hit_1c": 0.6,
          "bucket_hit": 0.4,
          "rank_avg": 3.6
        },
        "ICON": {
          "n": 10,
          "mae": 0.31286443765584127,
          "bias": 0.14534996531402128,
          "hit_1c": 1.0,
          "bucket_hit": 0.9,
          "rank_avg": 1.7
        },
        "GFS": {
          "n": 10,
          "mae": 0.7998109760424816,
          "bias": -0.7391776159281056,
          "hit_1c": 0.7,
          "bucket_hit": 0.2,
          "rank_avg": 3.8
        },
        "UKMO": {
          "n": 10,
          "mae": 0.5057131574158189,
          "bias": 0.3170923740160008,
          "hit_1c": 0.9,
          "bucket_hit": 0.7,
          "rank_avg": 2.4
        },
        "ECMWF": {
          "n": 10,
          "mae": 0.8595500621577958,
          "bias": -0.6672338333950865,
          "hit_1c": 0.7,
          "bucket_hit": 0.3,
          "rank_avg": 3.5
        }
      },
      "consensus": {
        "n": 10,
        "mae": 0.2598738819763048,
        "bias": -0.046873592944400674,
        "hit_1c": 1.0,
        "bucket_hit": 0.8,
        "rank_avg": null
      },
      "days_measured": 10
    }
  },
  "global": {
    "models": {
      "MeteoFrance": {
        "n": 21,
        "mae": 0.9383768788927278,
        "bias": 0.26156281306534446,
        "hit_1c": 0.5714285714285714,
        "bucket_hit": 0.38095238095238093,
        "rank_avg": 3.761904761904762
      },
      "ICON": {
        "n": 21,
        "mae": 0.4436544832827585,
        "bias": -0.11114363583734929,
        "hit_1c": 0.9047619047619048,
        "bucket_hit": 0.7142857142857143,
        "rank_avg": 2.142857142857143
      },
      "GFS": {
        "n": 21,
        "mae": 0.8990975548708614,
        "bias": -0.46613606738388713,
        "hit_1c": 0.5714285714285714,
        "bucket_hit": 0.2857142857142857,
        "rank_avg": 3.5714285714285716
      },
      "UKMO": {
        "n": 21,
        "mae": 0.4490811879988625,
        "bias": 0.17598521036616932,
        "hit_1c": 0.8571428571428571,
        "bucket_hit": 0.7619047619047619,
        "rank_avg": 2.3333333333333335
      },
      "ECMWF": {
        "n": 21,
        "mae": 0.8021110990012803,
        "bias": -0.20669298417227297,
        "hit_1c": 0.7142857142857143,
        "bucket_hit": 0.42857142857142855,
        "rank_avg": 3.1904761904761907
      }
    },
    "consensus": {
      "n": 21,
      "mae": 0.45240922057829924,
      "bias": -0.0692849327923986,
      "hit_1c": 0.8571428571428571,
      "bucket_hit": 0.6666666666666666,
      "rank_avg": null
    },
    "days_measured": 21
  },
  "last_update": "2026-05-29T12:27:55.347936+03:00",
  "hit_window_c": 1.0
}