{
  "per_city": {
    "london": {
      "models": {
        "MeteoFrance": {
          "n": 12,
          "mae": 1.1505309139032092,
          "bias": -0.4354531321298163,
          "hit_1c": 0.4166666666666667,
          "bucket_hit": 0.25,
          "rank_avg": 3.5833333333333335
        },
        "ICON": {
          "n": 12,
          "mae": 0.7841849944126058,
          "bias": -0.15683445490013126,
          "hit_1c": 0.6666666666666666,
          "bucket_hit": 0.4166666666666667,
          "rank_avg": 2.8333333333333335
        },
        "GFS": {
          "n": 12,
          "mae": 0.8705405688995415,
          "bias": -0.28369019625828135,
          "hit_1c": 0.6666666666666666,
          "bucket_hit": 0.25,
          "rank_avg": 2.8333333333333335
        },
        "UKMO": {
          "n": 12,
          "mae": 0.8233940491860389,
          "bias": -0.33144143398768255,
          "hit_1c": 0.5,
          "bucket_hit": 0.4166666666666667,
          "rank_avg": 2.3333333333333335
        },
        "ECMWF": {
          "n": 12,
          "mae": 1.0666447431831387,
          "bias": -0.09025079668904334,
          "hit_1c": 0.5833333333333334,
          "bucket_hit": 0.3333333333333333,
          "rank_avg": 3.4166666666666665
        }
      },
      "consensus": {
        "n": 12,
        "mae": 0.841067412018968,
        "bias": -0.2595340027929904,
        "hit_1c": 0.6666666666666666,
        "bucket_hit": 0.4166666666666667,
        "rank_avg": null
      },
      "days_measured": 12
    },
    "paris": {
      "models": {
        "MeteoFrance": {
          "n": 12,
          "mae": 0.501852682591715,
          "bias": 0.03035341445030963,
          "hit_1c": 0.8333333333333334,
          "bucket_hit": 0.6666666666666666,
          "rank_avg": 2.8333333333333335
        },
        "ICON": {
          "n": 12,
          "mae": 0.4467355692725894,
          "bias": -0.32621628389321583,
          "hit_1c": 0.8333333333333334,
          "bucket_hit": 0.75,
          "rank_avg": 2.25
        },
        "GFS": {
          "n": 12,
          "mae": 0.6772801586809821,
          "bias": -0.5031668005718792,
          "hit_1c": 0.75,
          "bucket_hit": 0.5,
          "rank_avg": 3.5
        },
        "UKMO": {
          "n": 12,
          "mae": 0.4410857129243322,
          "bias": -0.297965343032572,
          "hit_1c": 0.8333333333333334,
          "bucket_hit": 0.75,
          "rank_avg": 2.3333333333333335
        },
        "ECMWF": {
          "n": 12,
          "mae": 1.0406652360486506,
          "bias": -0.6053517746198169,
          "hit_1c": 0.5833333333333334,
          "bucket_hit": 0.16666666666666666,
          "rank_avg": 4.083333333333333
        }
      },
      "consensus": {
        "n": 12,
        "mae": 0.5156233166091783,
        "bias": -0.34046935753343455,
        "hit_1c": 0.9166666666666666,
        "bucket_hit": 0.5833333333333334,
        "rank_avg": null
      },
      "days_measured": 12
    }
  },
  "global": {
    "models": {
      "MeteoFrance": {
        "n": 24,
        "mae": 0.8261917982474621,
        "bias": -0.20254985883975332,
        "hit_1c": 0.625,
        "bucket_hit": 0.4583333333333333,
        "rank_avg": 3.2083333333333335
      },
      "ICON": {
        "n": 24,
        "mae": 0.6154602818425976,
        "bias": -0.24152536939667354,
        "hit_1c": 0.75,
        "bucket_hit": 0.5833333333333334,
        "rank_avg": 2.5416666666666665
      },
      "GFS": {
        "n": 24,
        "mae": 0.7739103637902618,
        "bias": -0.39342849841508026,
        "hit_1c": 0.7083333333333334,
        "bucket_hit": 0.375,
        "rank_avg": 3.1666666666666665
      },
      "UKMO": {
        "n": 24,
        "mae": 0.6322398810551856,
        "bias": -0.3147033885101273,
        "hit_1c": 0.6666666666666666,
        "bucket_hit": 0.5833333333333334,
        "rank_avg": 2.3333333333333335
      },
      "ECMWF": {
        "n": 24,
        "mae": 1.0536549896158947,
        "bias": -0.34780128565443014,
        "hit_1c": 0.5833333333333334,
        "bucket_hit": 0.25,
        "rank_avg": 3.75
      }
    },
    "consensus": {
      "n": 24,
      "mae": 0.6783453643140732,
      "bias": -0.30000168016321244,
      "hit_1c": 0.7916666666666666,
      "bucket_hit": 0.5,
      "rank_avg": null
    },
    "days_measured": 24
  },
  "last_update": "2026-05-21T23:28:11.680737+03:00",
  "hit_window_c": 1.0
}