{
  "per_city": {
    "london": {
      "models": {
        "MeteoFrance": {
          "n": 11,
          "mae": 0.6014258220283764,
          "bias": 0.05403319445393025,
          "hit_1c": 0.8181818181818182,
          "bucket_hit": 0.45454545454545453,
          "rank_avg": 2.909090909090909
        },
        "ICON": {
          "n": 11,
          "mae": 0.6713454594241225,
          "bias": 0.043566013250461305,
          "hit_1c": 0.9090909090909091,
          "bucket_hit": 0.45454545454545453,
          "rank_avg": 3.5454545454545454
        },
        "GFS": {
          "n": 11,
          "mae": 0.5475714032023571,
          "bias": 0.12891127655214793,
          "hit_1c": 0.9090909090909091,
          "bucket_hit": 0.6363636363636364,
          "rank_avg": 2.8181818181818183
        },
        "UKMO": {
          "n": 11,
          "mae": 0.5529161900425305,
          "bias": 0.2199658493272313,
          "hit_1c": 0.8181818181818182,
          "bucket_hit": 0.6363636363636364,
          "rank_avg": 2.909090909090909
        },
        "ECMWF": {
          "n": 11,
          "mae": 0.5617558352658272,
          "bias": 0.2165726384809778,
          "hit_1c": 0.7272727272727273,
          "bucket_hit": 0.5454545454545454,
          "rank_avg": 2.8181818181818183
        }
      },
      "consensus": {
        "n": 11,
        "mae": 0.488651796488009,
        "bias": 0.13260979441294943,
        "hit_1c": 0.9090909090909091,
        "bucket_hit": 0.6363636363636364,
        "rank_avg": null
      },
      "days_measured": 11
    },
    "paris": {
      "models": {
        "MeteoFrance": {
          "n": 11,
          "mae": 0.4226600977034487,
          "bias": 0.1440577829383239,
          "hit_1c": 0.9090909090909091,
          "bucket_hit": 0.7272727272727273,
          "rank_avg": 2.3636363636363638
        },
        "ICON": {
          "n": 11,
          "mae": 0.37200332941955755,
          "bias": -0.16991530633153443,
          "hit_1c": 1.0,
          "bucket_hit": 0.7272727272727273,
          "rank_avg": 2.4545454545454546
        },
        "GFS": {
          "n": 11,
          "mae": 1.0029132572911685,
          "bias": -0.46189741137900403,
          "hit_1c": 0.45454545454545453,
          "bucket_hit": 0.18181818181818182,
          "rank_avg": 4.181818181818182
        },
        "UKMO": {
          "n": 11,
          "mae": 0.5109338967218616,
          "bias": -0.14494160234956607,
          "hit_1c": 0.8181818181818182,
          "bucket_hit": 0.45454545454545453,
          "rank_avg": 2.8181818181818183
        },
        "ECMWF": {
          "n": 11,
          "mae": 0.5228436289480615,
          "bias": -0.20433713544156812,
          "hit_1c": 0.9090909090909091,
          "bucket_hit": 0.7272727272727273,
          "rank_avg": 3.1818181818181817
        }
      },
      "consensus": {
        "n": 11,
        "mae": 0.4293793174852528,
        "bias": -0.16740673451266988,
        "hit_1c": 0.9090909090909091,
        "bucket_hit": 0.45454545454545453,
        "rank_avg": null
      },
      "days_measured": 11
    }
  },
  "global": {
    "models": {
      "MeteoFrance": {
        "n": 22,
        "mae": 0.5120429598659125,
        "bias": 0.09904548869612707,
        "hit_1c": 0.8636363636363636,
        "bucket_hit": 0.5909090909090909,
        "rank_avg": 2.6363636363636362
      },
      "ICON": {
        "n": 22,
        "mae": 0.52167439442184,
        "bias": -0.06317464654053656,
        "hit_1c": 0.9545454545454546,
        "bucket_hit": 0.5909090909090909,
        "rank_avg": 3.0
      },
      "GFS": {
        "n": 22,
        "mae": 0.7752423302467629,
        "bias": -0.16649306741342806,
        "hit_1c": 0.6818181818181818,
        "bucket_hit": 0.4090909090909091,
        "rank_avg": 3.5
      },
      "UKMO": {
        "n": 22,
        "mae": 0.531925043382196,
        "bias": 0.0375121234888326,
        "hit_1c": 0.8181818181818182,
        "bucket_hit": 0.5454545454545454,
        "rank_avg": 2.8636363636363638
      },
      "ECMWF": {
        "n": 22,
        "mae": 0.5422997321069443,
        "bias": 0.006117751519704839,
        "hit_1c": 0.8181818181818182,
        "bucket_hit": 0.6363636363636364,
        "rank_avg": 3.0
      }
    },
    "consensus": {
      "n": 22,
      "mae": 0.45901555698663093,
      "bias": -0.01739847004986023,
      "hit_1c": 0.9090909090909091,
      "bucket_hit": 0.5454545454545454,
      "rank_avg": null
    },
    "days_measured": 22
  },
  "last_update": "2026-05-05T15:21:46.725245+03:00",
  "hit_window_c": 1.0
}