{
  "per_city": {
    "london": {
      "models": {
        "MeteoFrance": {
          "n": 11,
          "mae": 0.7047011561422714,
          "bias": 0.3700069412662382,
          "hit_1c": 0.7272727272727273,
          "bucket_hit": 0.36363636363636365,
          "rank_avg": 3.3636363636363638
        },
        "ICON": {
          "n": 11,
          "mae": 0.664860632641049,
          "bias": 0.1902203730422081,
          "hit_1c": 0.9090909090909091,
          "bucket_hit": 0.45454545454545453,
          "rank_avg": 3.3636363636363638
        },
        "GFS": {
          "n": 11,
          "mae": 0.6355888125853123,
          "bias": 0.17204937290458844,
          "hit_1c": 0.9090909090909091,
          "bucket_hit": 0.5454545454545454,
          "rank_avg": 3.090909090909091
        },
        "UKMO": {
          "n": 11,
          "mae": 0.5137349773356803,
          "bias": 0.22255720788019284,
          "hit_1c": 0.9090909090909091,
          "bucket_hit": 0.5454545454545454,
          "rank_avg": 2.4545454545454546
        },
        "ECMWF": {
          "n": 11,
          "mae": 0.5801509132232693,
          "bias": 0.13516128847020814,
          "hit_1c": 0.8181818181818182,
          "bucket_hit": 0.45454545454545453,
          "rank_avg": 2.727272727272727
        }
      },
      "consensus": {
        "n": 11,
        "mae": 0.5158269933164309,
        "bias": 0.21799903671268758,
        "hit_1c": 0.9090909090909091,
        "bucket_hit": 0.6363636363636364,
        "rank_avg": null
      },
      "days_measured": 11
    },
    "paris": {
      "models": {
        "MeteoFrance": {
          "n": 11,
          "mae": 0.4982783146443493,
          "bias": 0.29434947657442073,
          "hit_1c": 0.9090909090909091,
          "bucket_hit": 0.6363636363636364,
          "rank_avg": 2.8181818181818183
        },
        "ICON": {
          "n": 11,
          "mae": 0.3132110332153529,
          "bias": -0.08195216140027141,
          "hit_1c": 1.0,
          "bucket_hit": 0.9090909090909091,
          "rank_avg": 2.272727272727273
        },
        "GFS": {
          "n": 11,
          "mae": 1.0533745701233626,
          "bias": -0.04888577377160272,
          "hit_1c": 0.45454545454545453,
          "bucket_hit": 0.36363636363636365,
          "rank_avg": 4.090909090909091
        },
        "UKMO": {
          "n": 11,
          "mae": 0.4117740746564755,
          "bias": -0.12289196513837165,
          "hit_1c": 0.8181818181818182,
          "bucket_hit": 0.7272727272727273,
          "rank_avg": 2.4545454545454546
        },
        "ECMWF": {
          "n": 11,
          "mae": 0.4687248642532993,
          "bias": -0.3133908396275599,
          "hit_1c": 0.9090909090909091,
          "bucket_hit": 0.7272727272727273,
          "rank_avg": 3.3636363636363638
        }
      },
      "consensus": {
        "n": 11,
        "mae": 0.3523462574800453,
        "bias": -0.05455425267267732,
        "hit_1c": 0.9090909090909091,
        "bucket_hit": 0.6363636363636364,
        "rank_avg": null
      },
      "days_measured": 11
    }
  },
  "global": {
    "models": {
      "MeteoFrance": {
        "n": 22,
        "mae": 0.6014897353933103,
        "bias": 0.33217820892032945,
        "hit_1c": 0.8181818181818182,
        "bucket_hit": 0.5,
        "rank_avg": 3.090909090909091
      },
      "ICON": {
        "n": 22,
        "mae": 0.4890358329282009,
        "bias": 0.05413410582096834,
        "hit_1c": 0.9545454545454546,
        "bucket_hit": 0.6818181818181818,
        "rank_avg": 2.8181818181818183
      },
      "GFS": {
        "n": 22,
        "mae": 0.8444816913543373,
        "bias": 0.06158179956649286,
        "hit_1c": 0.6818181818181818,
        "bucket_hit": 0.45454545454545453,
        "rank_avg": 3.590909090909091
      },
      "UKMO": {
        "n": 22,
        "mae": 0.4627545259960779,
        "bias": 0.0498326213709106,
        "hit_1c": 0.8636363636363636,
        "bucket_hit": 0.6363636363636364,
        "rank_avg": 2.4545454545454546
      },
      "ECMWF": {
        "n": 22,
        "mae": 0.5244378887382843,
        "bias": -0.0891147755786759,
        "hit_1c": 0.8636363636363636,
        "bucket_hit": 0.5909090909090909,
        "rank_avg": 3.0454545454545454
      }
    },
    "consensus": {
      "n": 22,
      "mae": 0.43408662539823806,
      "bias": 0.08172239202000514,
      "hit_1c": 0.9090909090909091,
      "bucket_hit": 0.6363636363636364,
      "rank_avg": null
    },
    "days_measured": 22
  },
  "last_update": "2026-05-09T20:10:41.923669+03:00",
  "hit_window_c": 1.0
}