{
  "per_city": {
    "london": {
      "models": {
        "MeteoFrance": {
          "n": 10,
          "mae": 0.9599893621307263,
          "bias": 0.03936642382688156,
          "hit_1c": 0.6,
          "bucket_hit": 0.4,
          "rank_avg": 3.8
        },
        "ICON": {
          "n": 10,
          "mae": 0.47654694262931657,
          "bias": -0.23648856596381976,
          "hit_1c": 0.9,
          "bucket_hit": 0.6,
          "rank_avg": 2.5
        },
        "GFS": {
          "n": 10,
          "mae": 0.9590492706300413,
          "bias": -0.11046350702177143,
          "hit_1c": 0.5,
          "bucket_hit": 0.4,
          "rank_avg": 3.5
        },
        "UKMO": {
          "n": 10,
          "mae": 0.29203958755845394,
          "bias": 0.19779431757629312,
          "hit_1c": 0.9,
          "bucket_hit": 0.9,
          "rank_avg": 2.1
        },
        "ECMWF": {
          "n": 10,
          "mae": 0.7360772205436262,
          "bias": 0.3219845918345797,
          "hit_1c": 0.7,
          "bucket_hit": 0.6,
          "rank_avg": 3.1
        }
      },
      "consensus": {
        "n": 10,
        "mae": 0.5491220632680538,
        "bias": 0.04243865205043349,
        "hit_1c": 0.8,
        "bucket_hit": 0.6,
        "rank_avg": null
      },
      "days_measured": 10
    },
    "paris": {
      "models": {
        "MeteoFrance": {
          "n": 11,
          "mae": 0.8090511885055108,
          "bias": 0.7169463915854988,
          "hit_1c": 0.6363636363636364,
          "bucket_hit": 0.36363636363636365,
          "rank_avg": 3.727272727272727
        },
        "ICON": {
          "n": 11,
          "mae": 0.3067267583520396,
          "bias": 0.10983178980238086,
          "hit_1c": 1.0,
          "bucket_hit": 0.9090909090909091,
          "rank_avg": 1.7272727272727273
        },
        "GFS": {
          "n": 11,
          "mae": 0.7670261251229925,
          "bias": -0.6320544130320868,
          "hit_1c": 0.7272727272727273,
          "bucket_hit": 0.2727272727272727,
          "rank_avg": 3.727272727272727
        },
        "UKMO": {
          "n": 11,
          "mae": 0.4612930861976538,
          "bias": 0.2867119423767278,
          "hit_1c": 0.9090909090909091,
          "bucket_hit": 0.7272727272727273,
          "rank_avg": 2.272727272727273
        },
        "ECMWF": {
          "n": 11,
          "mae": 0.8238849504520949,
          "bias": -0.5641004091414346,
          "hit_1c": 0.7272727272727273,
          "bucket_hit": 0.36363636363636365,
          "rank_avg": 3.5454545454545454
        }
      },
      "consensus": {
        "n": 11,
        "mae": 0.26232840115522277,
        "bias": -0.016532939681782176,
        "hit_1c": 1.0,
        "bucket_hit": 0.8181818181818182,
        "rank_avg": null
      },
      "days_measured": 11
    }
  },
  "global": {
    "models": {
      "MeteoFrance": {
        "n": 21,
        "mae": 0.880926509279423,
        "bias": 0.39428926408139536,
        "hit_1c": 0.6190476190476191,
        "bucket_hit": 0.38095238095238093,
        "rank_avg": 3.761904761904762
      },
      "ICON": {
        "n": 21,
        "mae": 0.38759351276979054,
        "bias": -0.05508266532438134,
        "hit_1c": 0.9523809523809523,
        "bucket_hit": 0.7619047619047619,
        "rank_avg": 2.0952380952380953
      },
      "GFS": {
        "n": 21,
        "mae": 0.8584657182215872,
        "bias": -0.3836777911224128,
        "hit_1c": 0.6190476190476191,
        "bucket_hit": 0.3333333333333333,
        "rank_avg": 3.619047619047619
      },
      "UKMO": {
        "n": 21,
        "mae": 0.38069618208374906,
        "bias": 0.24437021628128272,
        "hit_1c": 0.9047619047619048,
        "bucket_hit": 0.8095238095238095,
        "rank_avg": 2.1904761904761907
      },
      "ECMWF": {
        "n": 21,
        "mae": 0.7820717457337765,
        "bias": -0.14215517058142776,
        "hit_1c": 0.7142857142857143,
        "bucket_hit": 0.47619047619047616,
        "rank_avg": 3.3333333333333335
      }
    },
    "consensus": {
      "n": 21,
      "mae": 0.3988968116851423,
      "bias": 0.011548770666891951,
      "hit_1c": 0.9047619047619048,
      "bucket_hit": 0.7142857142857143,
      "rank_avg": null
    },
    "days_measured": 21
  },
  "last_update": "2026-05-30T01:30:44.801033+03:00",
  "hit_window_c": 1.0
}