{
  "per_city": {
    "london": {
      "models": {
        "MeteoFrance": {
          "n": 11,
          "mae": 1.0093699803309653,
          "bias": 0.40252724838458903,
          "hit_1c": 0.6363636363636364,
          "bucket_hit": 0.45454545454545453,
          "rank_avg": 3.5454545454545454
        },
        "ICON": {
          "n": 11,
          "mae": 0.5082155578444394,
          "bias": -0.17114120931161025,
          "hit_1c": 0.9090909090909091,
          "bucket_hit": 0.45454545454545453,
          "rank_avg": 2.5454545454545454
        },
        "GFS": {
          "n": 11,
          "mae": 0.987580493036832,
          "bias": 0.015296149717002227,
          "hit_1c": 0.45454545454545453,
          "bucket_hit": 0.45454545454545453,
          "rank_avg": 3.3636363636363638
        },
        "UKMO": {
          "n": 11,
          "mae": 0.29567723706868615,
          "bias": 0.14962631305381116,
          "hit_1c": 0.9090909090909091,
          "bucket_hit": 0.8181818181818182,
          "rank_avg": 2.090909090909091
        },
        "ECMWF": {
          "n": 11,
          "mae": 0.8519160541845607,
          "bias": 0.47546820990360933,
          "hit_1c": 0.6363636363636364,
          "bucket_hit": 0.45454545454545453,
          "rank_avg": 3.4545454545454546
        }
      },
      "consensus": {
        "n": 11,
        "mae": 0.5941370931057464,
        "bias": 0.1743553423494804,
        "hit_1c": 0.7272727272727273,
        "bucket_hit": 0.5454545454545454,
        "rank_avg": null
      },
      "days_measured": 11
    },
    "paris": {
      "models": {
        "MeteoFrance": {
          "n": 10,
          "mae": 0.902875795066597,
          "bias": 0.8819339878126307,
          "hit_1c": 0.6,
          "bucket_hit": 0.2,
          "rank_avg": 3.8
        },
        "ICON": {
          "n": 10,
          "mae": 0.3147693684250349,
          "bias": 0.14518231259090583,
          "hit_1c": 1.0,
          "bucket_hit": 0.9,
          "rank_avg": 1.8
        },
        "GFS": {
          "n": 10,
          "mae": 0.7648990003204605,
          "bias": -0.43974113253031993,
          "hit_1c": 0.8,
          "bucket_hit": 0.3,
          "rank_avg": 3.6
        },
        "UKMO": {
          "n": 10,
          "mae": 0.5816130807630444,
          "bias": 0.4450185678242278,
          "hit_1c": 0.8,
          "bucket_hit": 0.6,
          "rank_avg": 2.6
        },
        "ECMWF": {
          "n": 10,
          "mae": 0.7736802732608676,
          "bias": -0.6791631516578878,
          "hit_1c": 0.7,
          "bucket_hit": 0.5,
          "rank_avg": 3.2
        }
      },
      "consensus": {
        "n": 10,
        "mae": 0.3123154207450881,
        "bias": 0.0706461168079123,
        "hit_1c": 1.0,
        "bucket_hit": 0.7,
        "rank_avg": null
      },
      "days_measured": 10
    }
  },
  "global": {
    "models": {
      "MeteoFrance": {
        "n": 21,
        "mae": 0.9586584635384089,
        "bias": 0.6308161719217518,
        "hit_1c": 0.6190476190476191,
        "bucket_hit": 0.3333333333333333,
        "rank_avg": 3.6666666666666665
      },
      "ICON": {
        "n": 21,
        "mae": 0.41609832478758013,
        "bias": -0.02051096078660259,
        "hit_1c": 0.9523809523809523,
        "bucket_hit": 0.6666666666666666,
        "rank_avg": 2.1904761904761907
      },
      "GFS": {
        "n": 21,
        "mae": 0.881541686981417,
        "bias": -0.20138827040077023,
        "hit_1c": 0.6190476190476191,
        "bucket_hit": 0.38095238095238093,
        "rank_avg": 3.4761904761904763
      },
      "UKMO": {
        "n": 21,
        "mae": 0.43183716263742816,
        "bias": 0.2902892915159143,
        "hit_1c": 0.8571428571428571,
        "bucket_hit": 0.7142857142857143,
        "rank_avg": 2.3333333333333335
      },
      "ECMWF": {
        "n": 21,
        "mae": 0.8146609204113735,
        "bias": -0.0743562479828179,
        "hit_1c": 0.6666666666666666,
        "bucket_hit": 0.47619047619047616,
        "rank_avg": 3.3333333333333335
      }
    },
    "consensus": {
      "n": 21,
      "mae": 0.45993629674352815,
      "bias": 0.12496999685349561,
      "hit_1c": 0.8571428571428571,
      "bucket_hit": 0.6190476190476191,
      "rank_avg": null
    },
    "days_measured": 21
  },
  "last_update": "2026-05-31T11:40:37.969384+03:00",
  "hit_window_c": 1.0
}