{
  "per_city": {
    "london": {
      "models": {
        "MeteoFrance": {
          "n": 13,
          "mae": 0.9627681572197925,
          "bias": 0.4698463163311076,
          "hit_1c": 0.5384615384615384,
          "bucket_hit": 0.3076923076923077,
          "rank_avg": 3.4615384615384617
        },
        "ICON": {
          "n": 13,
          "mae": 0.8738987331294565,
          "bias": 0.17461757773700695,
          "hit_1c": 0.6923076923076923,
          "bucket_hit": 0.3076923076923077,
          "rank_avg": 3.3076923076923075
        },
        "GFS": {
          "n": 13,
          "mae": 0.9232500206410111,
          "bias": 0.16618108850370136,
          "hit_1c": 0.7692307692307693,
          "bucket_hit": 0.3076923076923077,
          "rank_avg": 3.3076923076923075
        },
        "UKMO": {
          "n": 13,
          "mae": 0.6416931257116241,
          "bias": 0.22771037941628786,
          "hit_1c": 0.7692307692307693,
          "bucket_hit": 0.46153846153846156,
          "rank_avg": 1.8461538461538463
        },
        "ECMWF": {
          "n": 13,
          "mae": 0.8704884943792959,
          "bias": 0.2701624981086047,
          "hit_1c": 0.6153846153846154,
          "bucket_hit": 0.38461538461538464,
          "rank_avg": 3.076923076923077
        }
      },
      "consensus": {
        "n": 13,
        "mae": 0.7391238285917873,
        "bias": 0.26170357201934197,
        "hit_1c": 0.7692307692307693,
        "bucket_hit": 0.5384615384615384,
        "rank_avg": null
      },
      "days_measured": 13
    },
    "paris": {
      "models": {
        "MeteoFrance": {
          "n": 13,
          "mae": 0.5383092472052203,
          "bias": 0.3375144831801307,
          "hit_1c": 0.8461538461538461,
          "bucket_hit": 0.6153846153846154,
          "rank_avg": 2.769230769230769
        },
        "ICON": {
          "n": 13,
          "mae": 0.4173434952218012,
          "bias": -0.1830939811046973,
          "hit_1c": 0.9230769230769231,
          "bucket_hit": 0.7692307692307693,
          "rank_avg": 2.4615384615384617
        },
        "GFS": {
          "n": 13,
          "mae": 0.9695325464724652,
          "bias": -0.1745951324092325,
          "hit_1c": 0.6153846153846154,
          "bucket_hit": 0.38461538461538464,
          "rank_avg": 3.6923076923076925
        },
        "UKMO": {
          "n": 13,
          "mae": 0.3556745409443238,
          "bias": -0.23024968351382966,
          "hit_1c": 0.8461538461538461,
          "bucket_hit": 0.7692307692307693,
          "rank_avg": 2.230769230769231
        },
        "ECMWF": {
          "n": 13,
          "mae": 0.7630105672668503,
          "bias": -0.44608925421749074,
          "hit_1c": 0.7692307692307693,
          "bucket_hit": 0.46153846153846156,
          "rank_avg": 3.8461538461538463
        }
      },
      "consensus": {
        "n": 13,
        "mae": 0.45145686793874845,
        "bias": -0.13930271361302388,
        "hit_1c": 0.9230769230769231,
        "bucket_hit": 0.5384615384615384,
        "rank_avg": null
      },
      "days_measured": 13
    }
  },
  "global": {
    "models": {
      "MeteoFrance": {
        "n": 26,
        "mae": 0.7505387022125063,
        "bias": 0.4036803997556192,
        "hit_1c": 0.6923076923076923,
        "bucket_hit": 0.46153846153846156,
        "rank_avg": 3.1153846153846154
      },
      "ICON": {
        "n": 26,
        "mae": 0.645621114175629,
        "bias": -0.004238201683845178,
        "hit_1c": 0.8076923076923077,
        "bucket_hit": 0.5384615384615384,
        "rank_avg": 2.8846153846153846
      },
      "GFS": {
        "n": 26,
        "mae": 0.9463912835567381,
        "bias": -0.0042070219527655574,
        "hit_1c": 0.6923076923076923,
        "bucket_hit": 0.34615384615384615,
        "rank_avg": 3.5
      },
      "UKMO": {
        "n": 26,
        "mae": 0.4986838333279739,
        "bias": -0.0012696520487708906,
        "hit_1c": 0.8076923076923077,
        "bucket_hit": 0.6153846153846154,
        "rank_avg": 2.0384615384615383
      },
      "ECMWF": {
        "n": 26,
        "mae": 0.816749530823073,
        "bias": -0.08796337805444303,
        "hit_1c": 0.6923076923076923,
        "bucket_hit": 0.4230769230769231,
        "rank_avg": 3.4615384615384617
      }
    },
    "consensus": {
      "n": 26,
      "mae": 0.5952903482652678,
      "bias": 0.06120042920315905,
      "hit_1c": 0.8461538461538461,
      "bucket_hit": 0.5384615384615384,
      "rank_avg": null
    },
    "days_measured": 26
  },
  "last_update": "2026-05-14T00:45:35.268188+03:00",
  "hit_window_c": 1.0
}