{
  "per_city": {
    "london": {
      "models": {
        "MeteoFrance": {
          "n": 11,
          "mae": 0.5851993217893213,
          "bias": -0.26159181818181826,
          "hit_1c": 0.8181818181818182,
          "bucket_hit": 0.45454545454545453,
          "rank_avg": 3.1818181818181817
        },
        "ICON": {
          "n": 11,
          "mae": 0.571194220779221,
          "bias": -0.09666045454545466,
          "hit_1c": 0.9090909090909091,
          "bucket_hit": 0.45454545454545453,
          "rank_avg": 3.3636363636363638
        },
        "GFS": {
          "n": 11,
          "mae": 0.47466484415584403,
          "bias": -0.1814908181818182,
          "hit_1c": 0.9090909090909091,
          "bucket_hit": 0.6363636363636364,
          "rank_avg": 2.5454545454545454
        },
        "UKMO": {
          "n": 11,
          "mae": 0.4605295728715722,
          "bias": 0.2563489090909087,
          "hit_1c": 0.9090909090909091,
          "bucket_hit": 0.7272727272727273,
          "rank_avg": 2.909090909090909
        },
        "ECMWF": {
          "n": 11,
          "mae": 0.5341870014430011,
          "bias": 0.24018327272727288,
          "hit_1c": 0.8181818181818182,
          "bucket_hit": 0.5454545454545454,
          "rank_avg": 3.0
        }
      },
      "consensus": {
        "n": 11,
        "mae": 0.42551664069264045,
        "bias": -0.008642181818182205,
        "hit_1c": 1.0,
        "bucket_hit": 0.7272727272727273,
        "rank_avg": null
      },
      "days_measured": 11
    },
    "paris": {
      "models": {
        "MeteoFrance": {
          "n": 10,
          "mae": 0.47372388095238094,
          "bias": 0.29135850000000046,
          "hit_1c": 0.9,
          "bucket_hit": 0.7,
          "rank_avg": 2.8
        },
        "ICON": {
          "n": 10,
          "mae": 0.3247591253968253,
          "bias": -0.012923699999999627,
          "hit_1c": 1.0,
          "bucket_hit": 0.8,
          "rank_avg": 2.5
        },
        "GFS": {
          "n": 10,
          "mae": 0.8676486000000001,
          "bias": -0.5521486,
          "hit_1c": 0.5,
          "bucket_hit": 0.3,
          "rank_avg": 3.8
        },
        "UKMO": {
          "n": 10,
          "mae": 0.419072423809525,
          "bias": 0.15924290000000027,
          "hit_1c": 1.0,
          "bucket_hit": 0.5,
          "rank_avg": 2.8
        },
        "ECMWF": {
          "n": 10,
          "mae": 0.43427214285714266,
          "bias": -0.083915,
          "hit_1c": 1.0,
          "bucket_hit": 0.8,
          "rank_avg": 3.1
        }
      },
      "consensus": {
        "n": 10,
        "mae": 0.33584702126984106,
        "bias": -0.03967717999999998,
        "hit_1c": 1.0,
        "bucket_hit": 0.5,
        "rank_avg": null
      },
      "days_measured": 10
    }
  },
  "global": {
    "models": {
      "MeteoFrance": {
        "n": 21,
        "mae": 0.5321157785336355,
        "bias": 0.0017178571428573264,
        "hit_1c": 0.8571428571428571,
        "bucket_hit": 0.5714285714285714,
        "rank_avg": 3.0
      },
      "ICON": {
        "n": 21,
        "mae": 0.4538441753590326,
        "bias": -0.056785809523809405,
        "hit_1c": 0.9523809523809523,
        "bucket_hit": 0.6190476190476191,
        "rank_avg": 2.9523809523809526
      },
      "GFS": {
        "n": 21,
        "mae": 0.6617999659863946,
        "bias": -0.3579945238095238,
        "hit_1c": 0.7142857142857143,
        "bucket_hit": 0.47619047619047616,
        "rank_avg": 3.142857142857143
      },
      "UKMO": {
        "n": 21,
        "mae": 0.44078807331821634,
        "bias": 0.21010795238095228,
        "hit_1c": 0.9523809523809523,
        "bucket_hit": 0.6190476190476191,
        "rank_avg": 2.857142857142857
      },
      "ECMWF": {
        "n": 21,
        "mae": 0.48660849735449707,
        "bias": 0.08585076190476199,
        "hit_1c": 0.9047619047619048,
        "bucket_hit": 0.6666666666666666,
        "rank_avg": 3.0476190476190474
      }
    },
    "consensus": {
      "n": 21,
      "mae": 0.3828168219198788,
      "bias": -0.023420752380952575,
      "hit_1c": 1.0,
      "bucket_hit": 0.6190476190476191,
      "rank_avg": null
    },
    "days_measured": 21
  },
  "last_update": "2026-05-03T12:35:33.999475+03:00",
  "hit_window_c": 1.0
}