{
  "per_city": {
    "london": {
      "models": {
        "MeteoFrance": {
          "n": 13,
          "mae": 1.0842245297693236,
          "bias": -0.37976074349193073,
          "hit_1c": 0.46153846153846156,
          "bucket_hit": 0.3076923076923077,
          "rank_avg": 3.5384615384615383
        },
        "ICON": {
          "n": 13,
          "mae": 0.7601723170058057,
          "bias": -0.18107951130198308,
          "hit_1c": 0.6923076923076923,
          "bucket_hit": 0.46153846153846156,
          "rank_avg": 2.923076923076923
        },
        "GFS": {
          "n": 13,
          "mae": 0.8158369250675719,
          "bias": -0.27412888878333175,
          "hit_1c": 0.6923076923076923,
          "bucket_hit": 0.3076923076923077,
          "rank_avg": 2.769230769230769
        },
        "UKMO": {
          "n": 13,
          "mae": 0.7682040484624453,
          "bias": -0.3140939421255009,
          "hit_1c": 0.5384615384615384,
          "bucket_hit": 0.46153846153846156,
          "rank_avg": 2.230769230769231
        },
        "ECMWF": {
          "n": 13,
          "mae": 1.0380083676891798,
          "bias": -0.13672164784847646,
          "hit_1c": 0.6153846153846154,
          "bucket_hit": 0.3076923076923077,
          "rank_avg": 3.5384615384615383
        }
      },
      "consensus": {
        "n": 13,
        "mae": 0.7939570167649925,
        "bias": -0.257156946710244,
        "hit_1c": 0.6923076923076923,
        "bucket_hit": 0.46153846153846156,
        "rank_avg": null
      },
      "days_measured": 13
    },
    "paris": {
      "models": {
        "MeteoFrance": {
          "n": 13,
          "mae": 0.5166754692463116,
          "bias": 0.08144537557732202,
          "hit_1c": 0.8461538461538461,
          "bucket_hit": 0.6153846153846154,
          "rank_avg": 3.0
        },
        "ICON": {
          "n": 13,
          "mae": 0.4507907511051484,
          "bias": -0.26270326720174875,
          "hit_1c": 0.8461538461538461,
          "bucket_hit": 0.7692307692307693,
          "rank_avg": 2.3846153846153846
        },
        "GFS": {
          "n": 13,
          "mae": 0.6349912504092731,
          "bias": -0.4546520965933682,
          "hit_1c": 0.7692307692307693,
          "bucket_hit": 0.5384615384615384,
          "rank_avg": 3.3846153846153846
        },
        "UKMO": {
          "n": 13,
          "mae": 0.4179113379569061,
          "bias": -0.285800227287589,
          "hit_1c": 0.8461538461538461,
          "bucket_hit": 0.7692307692307693,
          "rank_avg": 2.3846153846153846
        },
        "ECMWF": {
          "n": 13,
          "mae": 0.9641925314610376,
          "bias": -0.5623647209113449,
          "hit_1c": 0.6153846153846154,
          "bucket_hit": 0.23076923076923078,
          "rank_avg": 3.8461538461538463
        }
      },
      "consensus": {
        "n": 13,
        "mae": 0.4934244042329126,
        "bias": -0.29681498728334543,
        "hit_1c": 0.9230769230769231,
        "bucket_hit": 0.6153846153846154,
        "rank_avg": null
      },
      "days_measured": 13
    }
  },
  "global": {
    "models": {
      "MeteoFrance": {
        "n": 26,
        "mae": 0.8004499995078175,
        "bias": -0.14915768395730436,
        "hit_1c": 0.6538461538461539,
        "bucket_hit": 0.46153846153846156,
        "rank_avg": 3.269230769230769
      },
      "ICON": {
        "n": 26,
        "mae": 0.6054815340554771,
        "bias": -0.22189138925186588,
        "hit_1c": 0.7692307692307693,
        "bucket_hit": 0.6153846153846154,
        "rank_avg": 2.6538461538461537
      },
      "GFS": {
        "n": 26,
        "mae": 0.7254140877384224,
        "bias": -0.36439049268834994,
        "hit_1c": 0.7307692307692307,
        "bucket_hit": 0.4230769230769231,
        "rank_avg": 3.076923076923077
      },
      "UKMO": {
        "n": 26,
        "mae": 0.5930576932096756,
        "bias": -0.29994708470654496,
        "hit_1c": 0.6923076923076923,
        "bucket_hit": 0.6153846153846154,
        "rank_avg": 2.3076923076923075
      },
      "ECMWF": {
        "n": 26,
        "mae": 1.0011004495751088,
        "bias": -0.3495431843799107,
        "hit_1c": 0.6153846153846154,
        "bucket_hit": 0.2692307692307692,
        "rank_avg": 3.6923076923076925
      }
    },
    "consensus": {
      "n": 26,
      "mae": 0.6436907104989525,
      "bias": -0.27698596699679473,
      "hit_1c": 0.8076923076923077,
      "bucket_hit": 0.5384615384615384,
      "rank_avg": null
    },
    "days_measured": 26
  },
  "last_update": "2026-05-21T02:12:52.448001+03:00",
  "hit_window_c": 1.0
}