{
  "per_city": {
    "london": {
      "models": {
        "MeteoFrance": {
          "n": 12,
          "mae": 0.6929736701926782,
          "bias": -0.09213623841723055,
          "hit_1c": 0.75,
          "bucket_hit": 0.4166666666666667,
          "rank_avg": 3.0833333333333335
        },
        "ICON": {
          "n": 12,
          "mae": 0.7070666711387791,
          "bias": -0.051731154520410584,
          "hit_1c": 0.8333333333333334,
          "bucket_hit": 0.4166666666666667,
          "rank_avg": 3.5
        },
        "GFS": {
          "n": 12,
          "mae": 0.6352737862688275,
          "bias": -0.015164663160531186,
          "hit_1c": 0.8333333333333334,
          "bucket_hit": 0.5833333333333334,
          "rank_avg": 2.9166666666666665
        },
        "UKMO": {
          "n": 12,
          "mae": 0.5401731742056528,
          "bias": 0.16830202854996212,
          "hit_1c": 0.8333333333333334,
          "bucket_hit": 0.6666666666666666,
          "rank_avg": 2.8333333333333335
        },
        "ECMWF": {
          "n": 12,
          "mae": 0.5316095156603415,
          "bias": 0.18185825194089636,
          "hit_1c": 0.75,
          "bucket_hit": 0.5833333333333334,
          "rank_avg": 2.6666666666666665
        }
      },
      "consensus": {
        "n": 12,
        "mae": 0.5312641467806749,
        "bias": 0.03822564487853697,
        "hit_1c": 0.9166666666666666,
        "bucket_hit": 0.5833333333333334,
        "rank_avg": null
      },
      "days_measured": 12
    },
    "paris": {
      "models": {
        "MeteoFrance": {
          "n": 12,
          "mae": 0.4707717562281613,
          "bias": 0.2153863010267969,
          "hit_1c": 0.9166666666666666,
          "bucket_hit": 0.6666666666666666,
          "rank_avg": 2.5
        },
        "ICON": {
          "n": 12,
          "mae": 0.3660030519679278,
          "bias": -0.13075569747057317,
          "hit_1c": 1.0,
          "bucket_hit": 0.75,
          "rank_avg": 2.3333333333333335
        },
        "GFS": {
          "n": 12,
          "mae": 1.0193371525169044,
          "bias": -0.5234059604307536,
          "hit_1c": 0.4166666666666667,
          "bucket_hit": 0.16666666666666666,
          "rank_avg": 4.25
        },
        "UKMO": {
          "n": 12,
          "mae": 0.5350227386617066,
          "bias": -0.0661964688204355,
          "hit_1c": 0.8333333333333334,
          "bucket_hit": 0.4166666666666667,
          "rank_avg": 2.8333333333333335
        },
        "ECMWF": {
          "n": 12,
          "mae": 0.5376066598690562,
          "bias": -0.24564237415477072,
          "hit_1c": 0.9166666666666666,
          "bucket_hit": 0.6666666666666666,
          "rank_avg": 3.0833333333333335
        }
      },
      "consensus": {
        "n": 12,
        "mae": 0.39693104102814836,
        "bias": -0.15012283996994746,
        "hit_1c": 0.9166666666666666,
        "bucket_hit": 0.5,
        "rank_avg": null
      },
      "days_measured": 12
    }
  },
  "global": {
    "models": {
      "MeteoFrance": {
        "n": 24,
        "mae": 0.5818727132104198,
        "bias": 0.061625031304783175,
        "hit_1c": 0.8333333333333334,
        "bucket_hit": 0.5416666666666666,
        "rank_avg": 2.7916666666666665
      },
      "ICON": {
        "n": 24,
        "mae": 0.5365348615533535,
        "bias": -0.09124342599549189,
        "hit_1c": 0.9166666666666666,
        "bucket_hit": 0.5833333333333334,
        "rank_avg": 2.9166666666666665
      },
      "GFS": {
        "n": 24,
        "mae": 0.8273054693928659,
        "bias": -0.2692853117956424,
        "hit_1c": 0.625,
        "bucket_hit": 0.375,
        "rank_avg": 3.5833333333333335
      },
      "UKMO": {
        "n": 24,
        "mae": 0.5375979564336797,
        "bias": 0.05105277986476331,
        "hit_1c": 0.8333333333333334,
        "bucket_hit": 0.5416666666666666,
        "rank_avg": 2.8333333333333335
      },
      "ECMWF": {
        "n": 24,
        "mae": 0.5346080877646989,
        "bias": -0.031892061106937174,
        "hit_1c": 0.8333333333333334,
        "bucket_hit": 0.625,
        "rank_avg": 2.875
      }
    },
    "consensus": {
      "n": 24,
      "mae": 0.46409759390441163,
      "bias": -0.05594859754570525,
      "hit_1c": 0.9166666666666666,
      "bucket_hit": 0.5416666666666666,
      "rank_avg": null
    },
    "days_measured": 24
  },
  "last_update": "2026-05-05T07:22:50.591019+03:00",
  "hit_window_c": 1.0
}