{
  "per_city": {
    "london": {
      "models": {
        "MeteoFrance": {
          "n": 10,
          "mae": 1.2273303959025461,
          "bias": -0.22797460994493832,
          "hit_1c": 0.4,
          "bucket_hit": 0.3,
          "rank_avg": 4.1
        },
        "ICON": {
          "n": 10,
          "mae": 0.5473377559858402,
          "bias": -0.324779735003111,
          "hit_1c": 0.9,
          "bucket_hit": 0.5,
          "rank_avg": 2.4
        },
        "GFS": {
          "n": 10,
          "mae": 0.96418949501981,
          "bias": -0.11560373141154016,
          "hit_1c": 0.4,
          "bucket_hit": 0.3,
          "rank_avg": 3.2
        },
        "UKMO": {
          "n": 10,
          "mae": 0.5297685432095992,
          "bias": -0.1408970287732995,
          "hit_1c": 0.7,
          "bucket_hit": 0.7,
          "rank_avg": 2.5
        },
        "ECMWF": {
          "n": 10,
          "mae": 0.7718271661092881,
          "bias": 0.2862346462689178,
          "hit_1c": 0.8,
          "bucket_hit": 0.5,
          "rank_avg": 2.8
        }
      },
      "consensus": {
        "n": 10,
        "mae": 0.6961648070912803,
        "bias": -0.10460409177279306,
        "hit_1c": 0.6,
        "bucket_hit": 0.5,
        "rank_avg": null
      },
      "days_measured": 10
    },
    "paris": {
      "models": {
        "MeteoFrance": {
          "n": 10,
          "mae": 0.771681282247498,
          "bias": 0.5860453561335573,
          "hit_1c": 0.6,
          "bucket_hit": 0.5,
          "rank_avg": 3.7
        },
        "ICON": {
          "n": 10,
          "mae": 0.25006112580743806,
          "bias": 0.08782378849457988,
          "hit_1c": 1.0,
          "bucket_hit": 1.0,
          "rank_avg": 1.5
        },
        "GFS": {
          "n": 10,
          "mae": 0.6928599547312466,
          "bias": -0.579771527181214,
          "hit_1c": 0.7,
          "bucket_hit": 0.4,
          "rank_avg": 3.6
        },
        "UKMO": {
          "n": 10,
          "mae": 0.4675802697587283,
          "bias": 0.1799373372677085,
          "hit_1c": 0.9,
          "bucket_hit": 0.7,
          "rank_avg": 2.5
        },
        "ECMWF": {
          "n": 10,
          "mae": 0.8459354790500244,
          "bias": -0.653619250287315,
          "hit_1c": 0.6,
          "bucket_hit": 0.3,
          "rank_avg": 3.7
        }
      },
      "consensus": {
        "n": 10,
        "mae": 0.261733776323533,
        "bias": -0.07591685911453645,
        "hit_1c": 1.0,
        "bucket_hit": 0.8,
        "rank_avg": null
      },
      "days_measured": 10
    }
  },
  "global": {
    "models": {
      "MeteoFrance": {
        "n": 20,
        "mae": 0.999505839075022,
        "bias": 0.1790353730943095,
        "hit_1c": 0.5,
        "bucket_hit": 0.4,
        "rank_avg": 3.9
      },
      "ICON": {
        "n": 20,
        "mae": 0.39869944089663917,
        "bias": -0.11847797325426557,
        "hit_1c": 0.95,
        "bucket_hit": 0.75,
        "rank_avg": 1.95
      },
      "GFS": {
        "n": 20,
        "mae": 0.8285247248755283,
        "bias": -0.34768762929637714,
        "hit_1c": 0.55,
        "bucket_hit": 0.35,
        "rank_avg": 3.4
      },
      "UKMO": {
        "n": 20,
        "mae": 0.4986744064841638,
        "bias": 0.0195201542472045,
        "hit_1c": 0.8,
        "bucket_hit": 0.7,
        "rank_avg": 2.5
      },
      "ECMWF": {
        "n": 20,
        "mae": 0.8088813225796564,
        "bias": -0.18369230200919864,
        "hit_1c": 0.7,
        "bucket_hit": 0.4,
        "rank_avg": 3.25
      }
    },
    "consensus": {
      "n": 20,
      "mae": 0.47894929170740663,
      "bias": -0.09026047544366475,
      "hit_1c": 0.8,
      "bucket_hit": 0.65,
      "rank_avg": null
    },
    "days_measured": 20
  },
  "last_update": "2026-05-27T23:18:10.666450+03:00",
  "hit_window_c": 1.0
}