{
  "per_city": {
    "london": {
      "models": {
        "MeteoFrance": {
          "n": 11,
          "mae": 0.6082273383182472,
          "bias": -0.2846198347107441,
          "hit_1c": 0.8181818181818182,
          "bucket_hit": 0.45454545454545453,
          "rank_avg": 3.1818181818181817
        },
        "ICON": {
          "n": 11,
          "mae": 0.6188188902007087,
          "bias": -0.14428512396694224,
          "hit_1c": 0.9090909090909091,
          "bucket_hit": 0.36363636363636365,
          "rank_avg": 3.4545454545454546
        },
        "GFS": {
          "n": 11,
          "mae": 0.4821913813459269,
          "bias": -0.18901735537190104,
          "hit_1c": 0.9090909090909091,
          "bucket_hit": 0.6363636363636364,
          "rank_avg": 2.6363636363636362
        },
        "UKMO": {
          "n": 11,
          "mae": 0.5140801679128942,
          "bias": 0.19915867768595016,
          "hit_1c": 0.9090909090909091,
          "bucket_hit": 0.6363636363636364,
          "rank_avg": 3.0
        },
        "ECMWF": {
          "n": 11,
          "mae": 0.47831738160829024,
          "bias": 0.2960528925619838,
          "hit_1c": 0.8181818181818182,
          "bucket_hit": 0.6363636363636364,
          "rank_avg": 2.727272727272727
        }
      },
      "consensus": {
        "n": 11,
        "mae": 0.44141660763478896,
        "bias": -0.024542148760330725,
        "hit_1c": 1.0,
        "bucket_hit": 0.6363636363636364,
        "rank_avg": null
      },
      "days_measured": 11
    },
    "paris": {
      "models": {
        "MeteoFrance": {
          "n": 12,
          "mae": 0.47147705299750786,
          "bias": 0.21609159779614343,
          "hit_1c": 0.9166666666666666,
          "bucket_hit": 0.6666666666666666,
          "rank_avg": 2.5833333333333335
        },
        "ICON": {
          "n": 12,
          "mae": 0.3499119550483183,
          "bias": -0.11466460055096366,
          "hit_1c": 1.0,
          "bucket_hit": 0.75,
          "rank_avg": 2.25
        },
        "GFS": {
          "n": 12,
          "mae": 1.0861632231404956,
          "bias": -0.8232465564738289,
          "hit_1c": 0.4166666666666667,
          "bucket_hit": 0.16666666666666666,
          "rank_avg": 4.25
        },
        "UKMO": {
          "n": 12,
          "mae": 0.46580905221041685,
          "bias": 0.0030172176308542,
          "hit_1c": 0.9166666666666666,
          "bucket_hit": 0.5,
          "rank_avg": 2.75
        },
        "ECMWF": {
          "n": 12,
          "mae": 0.6213375639512,
          "bias": -0.3293732782369145,
          "hit_1c": 0.8333333333333334,
          "bucket_hit": 0.6666666666666666,
          "rank_avg": 3.1666666666666665
        }
      },
      "consensus": {
        "n": 12,
        "mae": 0.45644332502514295,
        "bias": -0.20963512396694206,
        "hit_1c": 0.9166666666666666,
        "bucket_hit": 0.4166666666666667,
        "rank_avg": null
      },
      "days_measured": 12
    }
  },
  "global": {
    "models": {
      "MeteoFrance": {
        "n": 23,
        "mae": 0.5368793633682962,
        "bias": -0.023379087315846255,
        "hit_1c": 0.8695652173913043,
        "bucket_hit": 0.5652173913043478,
        "rank_avg": 2.869565217391304
      },
      "ICON": {
        "n": 23,
        "mae": 0.47851961968641804,
        "bias": -0.12883093783686644,
        "hit_1c": 0.9565217391304348,
        "bucket_hit": 0.5652173913043478,
        "rank_avg": 2.8260869565217392
      },
      "GFS": {
        "n": 23,
        "mae": 0.7973071248909193,
        "bias": -0.5199195472511677,
        "hit_1c": 0.6521739130434783,
        "bucket_hit": 0.391304347826087,
        "rank_avg": 3.4782608695652173
      },
      "UKMO": {
        "n": 23,
        "mae": 0.48889523798116696,
        "bias": 0.09682400287459574,
        "hit_1c": 0.9130434782608695,
        "bucket_hit": 0.5652173913043478,
        "rank_avg": 2.869565217391304
      },
      "ECMWF": {
        "n": 23,
        "mae": 0.552936607178504,
        "bias": -0.030256413941789215,
        "hit_1c": 0.8260869565217391,
        "bucket_hit": 0.6521739130434783,
        "rank_avg": 2.9565217391304346
      }
    },
    "consensus": {
      "n": 23,
      "mae": 0.4492566340993215,
      "bias": -0.1211123966942149,
      "hit_1c": 0.9565217391304348,
      "bucket_hit": 0.5217391304347826,
      "rank_avg": null
    },
    "days_measured": 23
  },
  "last_update": "2026-05-04T01:20:38.820978+03:00",
  "hit_window_c": 1.0
}