{
  "per_city": {
    "london": {
      "models": {
        "MeteoFrance": {
          "n": 10,
          "mae": 1.1108216057730989,
          "bias": -0.11146581981549097,
          "hit_1c": 0.5,
          "bucket_hit": 0.3,
          "rank_avg": 3.9
        },
        "ICON": {
          "n": 10,
          "mae": 0.6100597993965678,
          "bias": -0.3875017784138386,
          "hit_1c": 0.8,
          "bucket_hit": 0.5,
          "rank_avg": 2.7
        },
        "GFS": {
          "n": 10,
          "mae": 1.0482614586949999,
          "bias": -0.19967569508673008,
          "hit_1c": 0.4,
          "bucket_hit": 0.3,
          "rank_avg": 3.4
        },
        "UKMO": {
          "n": 10,
          "mae": 0.42096584490989847,
          "bias": 0.03608507528106095,
          "hit_1c": 0.8,
          "bucket_hit": 0.8,
          "rank_avg": 2.3
        },
        "ECMWF": {
          "n": 10,
          "mae": 0.71008562723008,
          "bias": 0.34797618514812606,
          "hit_1c": 0.8,
          "bucket_hit": 0.6,
          "rank_avg": 2.7
        }
      },
      "consensus": {
        "n": 10,
        "mae": 0.6544771218958607,
        "bias": -0.06291640657737343,
        "hit_1c": 0.7,
        "bucket_hit": 0.5,
        "rank_avg": null
      },
      "days_measured": 10
    },
    "paris": {
      "models": {
        "MeteoFrance": {
          "n": 11,
          "mae": 0.7511631222831759,
          "bias": 0.6311255751298638,
          "hit_1c": 0.6363636363636364,
          "bucket_hit": 0.45454545454545453,
          "rank_avg": 3.5454545454545454
        },
        "ICON": {
          "n": 11,
          "mae": 0.2853793767931464,
          "bias": 0.13309349284603736,
          "hit_1c": 1.0,
          "bucket_hit": 0.9090909090909091,
          "rank_avg": 1.6363636363636365
        },
        "GFS": {
          "n": 11,
          "mae": 0.7509440997820999,
          "bias": -0.6481364383729794,
          "hit_1c": 0.7272727272727273,
          "bucket_hit": 0.2727272727272727,
          "rank_avg": 3.8181818181818183
        },
        "UKMO": {
          "n": 11,
          "mae": 0.4850407225427071,
          "bias": 0.26296430603167453,
          "hit_1c": 0.9090909090909091,
          "bucket_hit": 0.7272727272727273,
          "rank_avg": 2.6363636363636362
        },
        "ECMWF": {
          "n": 11,
          "mae": 0.7907412996482166,
          "bias": -0.61590836440939,
          "hit_1c": 0.7272727272727273,
          "bucket_hit": 0.36363636363636365,
          "rank_avg": 3.3636363636363638
        }
      },
      "consensus": {
        "n": 11,
        "mae": 0.24100891214759865,
        "bias": -0.047372285754958554,
        "hit_1c": 1.0,
        "bucket_hit": 0.8181818181818182,
        "rank_avg": null
      },
      "days_measured": 11
    }
  },
  "global": {
    "models": {
      "MeteoFrance": {
        "n": 21,
        "mae": 0.9224290668021867,
        "bias": 0.2775106251558853,
        "hit_1c": 0.5714285714285714,
        "bucket_hit": 0.38095238095238093,
        "rank_avg": 3.7142857142857144
      },
      "ICON": {
        "n": 21,
        "mae": 0.4399891018423947,
        "bias": -0.11480901727771309,
        "hit_1c": 0.9047619047619048,
        "bucket_hit": 0.7142857142857143,
        "rank_avg": 2.142857142857143
      },
      "GFS": {
        "n": 21,
        "mae": 0.8925237945025285,
        "bias": -0.43458370347476544,
        "hit_1c": 0.5714285714285714,
        "bucket_hit": 0.2857142857142857,
        "rank_avg": 3.619047619047619
      },
      "UKMO": {
        "n": 21,
        "mae": 0.4545288760508934,
        "bias": 0.15492657710281094,
        "hit_1c": 0.8571428571428571,
        "bucket_hit": 0.7619047619047619,
        "rank_avg": 2.4761904761904763
      },
      "ECMWF": {
        "n": 21,
        "mae": 0.7523338365919611,
        "bias": -0.15691572176295376,
        "hit_1c": 0.7619047619047619,
        "bucket_hit": 0.47619047619047616,
        "rank_avg": 3.0476190476190474
      }
    },
    "consensus": {
      "n": 21,
      "mae": 0.43789853583724725,
      "bias": -0.05477424805134659,
      "hit_1c": 0.8571428571428571,
      "bucket_hit": 0.6666666666666666,
      "rank_avg": null
    },
    "days_measured": 21
  },
  "last_update": "2026-05-29T01:42:53.318578+03:00",
  "hit_window_c": 1.0
}