{
  "per_city": {
    "london": {
      "models": {
        "MeteoFrance": {
          "n": 10,
          "mae": 0.8595047531666229,
          "bias": 0.19197774802560907,
          "hit_1c": 0.7,
          "bucket_hit": 0.5,
          "rank_avg": 3.4
        },
        "ICON": {
          "n": 10,
          "mae": 0.49367541026857575,
          "bias": -0.2536170336030789,
          "hit_1c": 0.9,
          "bucket_hit": 0.5,
          "rank_avg": 2.6
        },
        "GFS": {
          "n": 10,
          "mae": 0.9326525161948155,
          "bias": -0.13686026145699728,
          "hit_1c": 0.5,
          "bucket_hit": 0.5,
          "rank_avg": 3.3
        },
        "UKMO": {
          "n": 10,
          "mae": 0.31806841140231124,
          "bias": 0.17176549373243583,
          "hit_1c": 0.9,
          "bucket_hit": 0.8,
          "rank_avg": 2.2
        },
        "ECMWF": {
          "n": 10,
          "mae": 0.7841093297023469,
          "bias": 0.3700167009933004,
          "hit_1c": 0.7,
          "bucket_hit": 0.5,
          "rank_avg": 3.5
        }
      },
      "consensus": {
        "n": 10,
        "mae": 0.5304164553701469,
        "bias": 0.06865652953825432,
        "hit_1c": 0.8,
        "bucket_hit": 0.6,
        "rank_avg": null
      },
      "days_measured": 10
    },
    "paris": {
      "models": {
        "MeteoFrance": {
          "n": 11,
          "mae": 0.8517152692133924,
          "bias": 0.8326772626188776,
          "hit_1c": 0.6363636363636364,
          "bucket_hit": 0.2727272727272727,
          "rank_avg": 3.727272727272727
        },
        "ICON": {
          "n": 11,
          "mae": 0.3075164301911661,
          "bias": 0.11062146164150732,
          "hit_1c": 1.0,
          "bucket_hit": 0.9090909090909091,
          "rank_avg": 1.7272727272727273
        },
        "GFS": {
          "n": 11,
          "mae": 0.7456893618143545,
          "bias": -0.4500913001869539,
          "hit_1c": 0.8181818181818182,
          "bucket_hit": 0.2727272727272727,
          "rank_avg": 3.6363636363636362
        },
        "UKMO": {
          "n": 11,
          "mae": 0.559444973873335,
          "bias": 0.43526814392895635,
          "hit_1c": 0.8181818181818182,
          "bucket_hit": 0.6363636363636364,
          "rank_avg": 2.5454545454545454
        },
        "ECMWF": {
          "n": 11,
          "mae": 0.7718519726185782,
          "bias": -0.6859273166158691,
          "hit_1c": 0.7272727272727273,
          "bucket_hit": 0.45454545454545453,
          "rank_avg": 3.3636363636363638
        }
      },
      "consensus": {
        "n": 11,
        "mae": 0.2996372020436049,
        "bias": 0.04850965027730454,
        "hit_1c": 1.0,
        "bucket_hit": 0.7272727272727273,
        "rank_avg": null
      },
      "days_measured": 11
    }
  },
  "global": {
    "models": {
      "MeteoFrance": {
        "n": 21,
        "mae": 0.8554245472863593,
        "bias": 0.5275822556697021,
        "hit_1c": 0.6666666666666666,
        "bucket_hit": 0.38095238095238093,
        "rank_avg": 3.5714285714285716
      },
      "ICON": {
        "n": 21,
        "mae": 0.3961635635613612,
        "bias": -0.0628254408559147,
        "hit_1c": 0.9523809523809523,
        "bucket_hit": 0.7142857142857143,
        "rank_avg": 2.142857142857143
      },
      "GFS": {
        "n": 21,
        "mae": 0.8347194353288597,
        "bias": -0.30093366269649835,
        "hit_1c": 0.6666666666666666,
        "bucket_hit": 0.38095238095238093,
        "rank_avg": 3.4761904761904763
      },
      "UKMO": {
        "n": 21,
        "mae": 0.444503753649038,
        "bias": 0.3097906914544228,
        "hit_1c": 0.8571428571428571,
        "bucket_hit": 0.7142857142857143,
        "rank_avg": 2.380952380952381
      },
      "ECMWF": {
        "n": 21,
        "mae": 0.7776888093251347,
        "bias": -0.18309683204007415,
        "hit_1c": 0.7142857142857143,
        "bucket_hit": 0.47619047619047616,
        "rank_avg": 3.4285714285714284
      }
    },
    "consensus": {
      "n": 21,
      "mae": 0.40953208458005347,
      "bias": 0.058103402306328246,
      "hit_1c": 0.9047619047619048,
      "bucket_hit": 0.6666666666666666,
      "rank_avg": null
    },
    "days_measured": 21
  },
  "last_update": "2026-05-31T01:10:36.218209+03:00",
  "hit_window_c": 1.0
}