{
  "per_city": {
    "london": {
      "models": {
        "MeteoFrance": {
          "n": 10,
          "mae": 1.2061824798248755,
          "bias": -0.24912252602260915,
          "hit_1c": 0.4,
          "bucket_hit": 0.3,
          "rank_avg": 3.9
        },
        "ICON": {
          "n": 10,
          "mae": 0.581942636792362,
          "bias": -0.39923076976204064,
          "hit_1c": 0.9,
          "bucket_hit": 0.4,
          "rank_avg": 2.6
        },
        "GFS": {
          "n": 10,
          "mae": 0.9854415982860549,
          "bias": -0.13685583467778512,
          "hit_1c": 0.4,
          "bucket_hit": 0.2,
          "rank_avg": 3.2
        },
        "UKMO": {
          "n": 10,
          "mae": 0.5351244346144547,
          "bias": -0.20781615022269334,
          "hit_1c": 0.7,
          "bucket_hit": 0.7,
          "rank_avg": 2.3
        },
        "ECMWF": {
          "n": 10,
          "mae": 0.7996954739509,
          "bias": 0.34262869263816215,
          "hit_1c": 0.8,
          "bucket_hit": 0.5,
          "rank_avg": 3.0
        }
      },
      "consensus": {
        "n": 10,
        "mae": 0.715624169406001,
        "bias": -0.13007931760939223,
        "hit_1c": 0.6,
        "bucket_hit": 0.5,
        "rank_avg": null
      },
      "days_measured": 10
    },
    "paris": {
      "models": {
        "MeteoFrance": {
          "n": 10,
          "mae": 0.7260527629418971,
          "bias": 0.5404168368279565,
          "hit_1c": 0.6,
          "bucket_hit": 0.5,
          "rank_avg": 3.6
        },
        "ICON": {
          "n": 10,
          "mae": 0.23639195094869586,
          "bias": 0.11769326704479788,
          "hit_1c": 1.0,
          "bucket_hit": 1.0,
          "rank_avg": 1.6
        },
        "GFS": {
          "n": 10,
          "mae": 0.66017532098422,
          "bias": -0.5470868934341876,
          "hit_1c": 0.7,
          "bucket_hit": 0.5,
          "rank_avg": 3.6
        },
        "UKMO": {
          "n": 10,
          "mae": 0.4203470850334877,
          "bias": 0.2658801906780841,
          "hit_1c": 0.9,
          "bucket_hit": 0.8,
          "rank_avg": 2.5
        },
        "ECMWF": {
          "n": 10,
          "mae": 0.7545439119099475,
          "bias": -0.5622276831472381,
          "hit_1c": 0.7,
          "bucket_hit": 0.3,
          "rank_avg": 3.7
        }
      },
      "consensus": {
        "n": 10,
        "mae": 0.22288177361511358,
        "bias": -0.03706485640611703,
        "hit_1c": 1.0,
        "bucket_hit": 0.9,
        "rank_avg": null
      },
      "days_measured": 10
    }
  },
  "global": {
    "models": {
      "MeteoFrance": {
        "n": 20,
        "mae": 0.9661176213833862,
        "bias": 0.1456471554026737,
        "hit_1c": 0.5,
        "bucket_hit": 0.4,
        "rank_avg": 3.75
      },
      "ICON": {
        "n": 20,
        "mae": 0.40916729387052897,
        "bias": -0.14076875135862138,
        "hit_1c": 0.95,
        "bucket_hit": 0.7,
        "rank_avg": 2.1
      },
      "GFS": {
        "n": 20,
        "mae": 0.8228084596351376,
        "bias": -0.3419713640559864,
        "hit_1c": 0.55,
        "bucket_hit": 0.35,
        "rank_avg": 3.4
      },
      "UKMO": {
        "n": 20,
        "mae": 0.4777357598239712,
        "bias": 0.029032020227695375,
        "hit_1c": 0.8,
        "bucket_hit": 0.75,
        "rank_avg": 2.4
      },
      "ECMWF": {
        "n": 20,
        "mae": 0.7771196929304238,
        "bias": -0.10979949525453803,
        "hit_1c": 0.75,
        "bucket_hit": 0.4,
        "rank_avg": 3.35
      }
    },
    "consensus": {
      "n": 20,
      "mae": 0.46925297151055734,
      "bias": -0.08357208700775462,
      "hit_1c": 0.8,
      "bucket_hit": 0.7,
      "rank_avg": null
    },
    "days_measured": 20
  },
  "last_update": "2026-05-27T00:57:51.152412+03:00",
  "hit_window_c": 1.0
}