{
  "per_city": {
    "london": {
      "models": {
        "MeteoFrance": {
          "n": 12,
          "mae": 0.7779037218100416,
          "bias": 0.42609953462930533,
          "hit_1c": 0.6666666666666666,
          "bucket_hit": 0.3333333333333333,
          "rank_avg": 3.4166666666666665
        },
        "ICON": {
          "n": 12,
          "mae": 0.6523949598514158,
          "bias": 0.1189379930454438,
          "hit_1c": 0.9166666666666666,
          "bucket_hit": 0.4166666666666667,
          "rank_avg": 3.25
        },
        "GFS": {
          "n": 12,
          "mae": 0.7464517350686416,
          "bias": 0.23934716802536174,
          "hit_1c": 0.8333333333333334,
          "bucket_hit": 0.4166666666666667,
          "rank_avg": 3.4166666666666665
        },
        "UKMO": {
          "n": 12,
          "mae": 0.44466364073188336,
          "bias": 0.15732448408432123,
          "hit_1c": 0.9166666666666666,
          "bucket_hit": 0.5833333333333334,
          "rank_avg": 2.0
        },
        "ECMWF": {
          "n": 12,
          "mae": 0.6005790344308995,
          "bias": 0.13000434311716136,
          "hit_1c": 0.8333333333333334,
          "bucket_hit": 0.5,
          "rank_avg": 2.9166666666666665
        }
      },
      "consensus": {
        "n": 12,
        "mae": 0.5270181709191982,
        "bias": 0.2143427045803191,
        "hit_1c": 0.9166666666666666,
        "bucket_hit": 0.5833333333333334,
        "rank_avg": null
      },
      "days_measured": 12
    },
    "paris": {
      "models": {
        "MeteoFrance": {
          "n": 11,
          "mae": 0.41414879116173625,
          "bias": 0.21021995309180772,
          "hit_1c": 0.9090909090909091,
          "bucket_hit": 0.7272727272727273,
          "rank_avg": 2.727272727272727
        },
        "ICON": {
          "n": 11,
          "mae": 0.35598369671158553,
          "bias": -0.15155183219489857,
          "hit_1c": 1.0,
          "bucket_hit": 0.8181818181818182,
          "rank_avg": 2.4545454545454546
        },
        "GFS": {
          "n": 11,
          "mae": 0.9933507207533491,
          "bias": -0.1774758460922337,
          "hit_1c": 0.5454545454545454,
          "bucket_hit": 0.45454545454545453,
          "rank_avg": 3.727272727272727
        },
        "UKMO": {
          "n": 11,
          "mae": 0.3667832319693813,
          "bias": -0.20008426870939838,
          "hit_1c": 0.8181818181818182,
          "bucket_hit": 0.8181818181818182,
          "rank_avg": 2.5454545454545454
        },
        "ECMWF": {
          "n": 11,
          "mae": 0.5376224606200136,
          "bias": -0.4420585451467438,
          "hit_1c": 0.8181818181818182,
          "bucket_hit": 0.6363636363636364,
          "rank_avg": 3.5454545454545454
        }
      },
      "consensus": {
        "n": 11,
        "mae": 0.3654823564019422,
        "bias": -0.15219010781029335,
        "hit_1c": 0.9090909090909091,
        "bucket_hit": 0.6363636363636364,
        "rank_avg": null
      },
      "days_measured": 11
    }
  },
  "global": {
    "models": {
      "MeteoFrance": {
        "n": 23,
        "mae": 0.6039339723695477,
        "bias": 0.32285277824180647,
        "hit_1c": 0.782608695652174,
        "bucket_hit": 0.5217391304347826,
        "rank_avg": 3.0869565217391304
      },
      "ICON": {
        "n": 23,
        "mae": 0.5106330513932361,
        "bias": -0.010426705982546025,
        "hit_1c": 0.9565217391304348,
        "bucket_hit": 0.6086956521739131,
        "rank_avg": 2.869565217391304
      },
      "GFS": {
        "n": 23,
        "mae": 0.8645338586569798,
        "bias": 0.03999703083868566,
        "hit_1c": 0.6956521739130435,
        "bucket_hit": 0.43478260869565216,
        "rank_avg": 3.5652173913043477
      },
      "UKMO": {
        "n": 23,
        "mae": 0.40741648871503455,
        "bias": -0.013610136817022925,
        "hit_1c": 0.8695652173913043,
        "bucket_hit": 0.6956521739130435,
        "rank_avg": 2.260869565217391
      },
      "ECMWF": {
        "n": 23,
        "mae": 0.5704693686952584,
        "bias": -0.14359095126992372,
        "hit_1c": 0.8260869565217391,
        "bucket_hit": 0.5652173913043478,
        "rank_avg": 3.217391304347826
      }
    },
    "consensus": {
      "n": 23,
      "mae": 0.44976191180224967,
      "bias": 0.03904440300220009,
      "hit_1c": 0.9130434782608695,
      "bucket_hit": 0.6086956521739131,
      "rank_avg": null
    },
    "days_measured": 23
  },
  "last_update": "2026-05-11T16:45:45.387348+03:00",
  "hit_window_c": 1.0
}