{
  "per_city": {
    "london": {
      "models": {
        "MeteoFrance": {
          "n": 12,
          "mae": 0.6384709039881843,
          "bias": 0.13669432871160878,
          "hit_1c": 0.75,
          "bucket_hit": 0.4166666666666667,
          "rank_avg": 3.0833333333333335
        },
        "ICON": {
          "n": 12,
          "mae": 0.6701028367012404,
          "bias": 0.09463834437538428,
          "hit_1c": 0.9166666666666666,
          "bucket_hit": 0.4166666666666667,
          "rank_avg": 3.5
        },
        "GFS": {
          "n": 12,
          "mae": 0.5376830593148397,
          "bias": 0.08242606379345647,
          "hit_1c": 0.9166666666666666,
          "bucket_hit": 0.6666666666666666,
          "rank_avg": 2.6666666666666665
        },
        "UKMO": {
          "n": 12,
          "mae": 0.5635093534283836,
          "bias": 0.2583048744393593,
          "hit_1c": 0.8333333333333334,
          "bucket_hit": 0.5833333333333334,
          "rank_avg": 3.0
        },
        "ECMWF": {
          "n": 12,
          "mae": 0.5552284624535933,
          "bias": 0.2388105320674813,
          "hit_1c": 0.75,
          "bucket_hit": 0.5833333333333334,
          "rank_avg": 2.75
        }
      },
      "consensus": {
        "n": 12,
        "mae": 0.48854666391292917,
        "bias": 0.1621748286774579,
        "hit_1c": 0.9166666666666666,
        "bucket_hit": 0.6666666666666666,
        "rank_avg": null
      },
      "days_measured": 12
    },
    "paris": {
      "models": {
        "MeteoFrance": {
          "n": 12,
          "mae": 0.39944323813968835,
          "bias": 0.12004815244860323,
          "hit_1c": 0.9166666666666666,
          "bucket_hit": 0.75,
          "rank_avg": 2.25
        },
        "ICON": {
          "n": 12,
          "mae": 0.380162660828889,
          "bias": -0.11659608860961201,
          "hit_1c": 1.0,
          "bucket_hit": 0.75,
          "rank_avg": 2.5833333333333335
        },
        "GFS": {
          "n": 12,
          "mae": 1.1161619367984883,
          "bias": -0.22658117614916998,
          "hit_1c": 0.4166666666666667,
          "bucket_hit": 0.16666666666666666,
          "rank_avg": 4.25
        },
        "UKMO": {
          "n": 12,
          "mae": 0.48876787219083706,
          "bias": -0.11245133529130502,
          "hit_1c": 0.8333333333333334,
          "bucket_hit": 0.5,
          "rank_avg": 2.75
        },
        "ECMWF": {
          "n": 12,
          "mae": 0.5129680878225202,
          "bias": -0.15361427953464016,
          "hit_1c": 0.9166666666666666,
          "bucket_hit": 0.75,
          "rank_avg": 3.1666666666666665
        }
      },
      "consensus": {
        "n": 12,
        "mae": 0.449214935570871,
        "bias": -0.09783894542722482,
        "hit_1c": 0.9166666666666666,
        "bucket_hit": 0.4166666666666667,
        "rank_avg": null
      },
      "days_measured": 12
    }
  },
  "global": {
    "models": {
      "MeteoFrance": {
        "n": 24,
        "mae": 0.5189570710639363,
        "bias": 0.128371240580106,
        "hit_1c": 0.8333333333333334,
        "bucket_hit": 0.5833333333333334,
        "rank_avg": 2.6666666666666665
      },
      "ICON": {
        "n": 24,
        "mae": 0.5251327487650647,
        "bias": -0.010978872117113866,
        "hit_1c": 0.9583333333333334,
        "bucket_hit": 0.5833333333333334,
        "rank_avg": 3.0416666666666665
      },
      "GFS": {
        "n": 24,
        "mae": 0.8269224980566641,
        "bias": -0.07207755617785676,
        "hit_1c": 0.6666666666666666,
        "bucket_hit": 0.4166666666666667,
        "rank_avg": 3.4583333333333335
      },
      "UKMO": {
        "n": 24,
        "mae": 0.5261386128096103,
        "bias": 0.07292676957402715,
        "hit_1c": 0.8333333333333334,
        "bucket_hit": 0.5416666666666666,
        "rank_avg": 2.875
      },
      "ECMWF": {
        "n": 24,
        "mae": 0.5340982751380567,
        "bias": 0.042598126266420566,
        "hit_1c": 0.8333333333333334,
        "bucket_hit": 0.6666666666666666,
        "rank_avg": 2.9583333333333335
      }
    },
    "consensus": {
      "n": 24,
      "mae": 0.46888079974190006,
      "bias": 0.032167941625116526,
      "hit_1c": 0.9166666666666666,
      "bucket_hit": 0.5416666666666666,
      "rank_avg": null
    },
    "days_measured": 24
  },
  "last_update": "2026-05-06T04:30:44.928909+03:00",
  "hit_window_c": 1.0
}