{
  "per_city": {
    "london": {
      "models": {
        "MeteoFrance": {
          "n": 12,
          "mae": 0.6381653589537959,
          "bias": 0.26694433923277555,
          "hit_1c": 0.75,
          "bucket_hit": 0.4166666666666667,
          "rank_avg": 3.0833333333333335
        },
        "ICON": {
          "n": 12,
          "mae": 0.6319538963034782,
          "bias": 0.15648940397762226,
          "hit_1c": 0.9166666666666666,
          "bucket_hit": 0.5,
          "rank_avg": 3.4166666666666665
        },
        "GFS": {
          "n": 12,
          "mae": 0.5968564474548286,
          "bias": 0.14159945193344528,
          "hit_1c": 0.9166666666666666,
          "bucket_hit": 0.5833333333333334,
          "rank_avg": 2.9166666666666665
        },
        "UKMO": {
          "n": 12,
          "mae": 0.5536582814077197,
          "bias": 0.23760039090446824,
          "hit_1c": 0.8333333333333334,
          "bucket_hit": 0.5833333333333334,
          "rank_avg": 2.8333333333333335
        },
        "ECMWF": {
          "n": 12,
          "mae": 0.5655891211545292,
          "bias": 0.24917119076841723,
          "hit_1c": 0.75,
          "bucket_hit": 0.5833333333333334,
          "rank_avg": 2.75
        }
      },
      "consensus": {
        "n": 12,
        "mae": 0.4972883461543723,
        "bias": 0.21036095536334573,
        "hit_1c": 0.9166666666666666,
        "bucket_hit": 0.6666666666666666,
        "rank_avg": null
      },
      "days_measured": 12
    },
    "paris": {
      "models": {
        "MeteoFrance": {
          "n": 11,
          "mae": 0.45358304671631944,
          "bias": 0.19813905713123975,
          "hit_1c": 0.9090909090909091,
          "bucket_hit": 0.7272727272727273,
          "rank_avg": 2.4545454545454546
        },
        "ICON": {
          "n": 11,
          "mae": 0.40603253895633934,
          "bias": -0.11850536926258264,
          "hit_1c": 1.0,
          "bucket_hit": 0.7272727272727273,
          "rank_avg": 2.5454545454545454
        },
        "GFS": {
          "n": 11,
          "mae": 1.117374791497442,
          "bias": -0.056526786263639425,
          "hit_1c": 0.45454545454545453,
          "bucket_hit": 0.2727272727272727,
          "rank_avg": 4.090909090909091
        },
        "UKMO": {
          "n": 11,
          "mae": 0.4889125561667026,
          "bias": -0.1026278492460009,
          "hit_1c": 0.8181818181818182,
          "bucket_hit": 0.5454545454545454,
          "rank_avg": 2.4545454545454546
        },
        "ECMWF": {
          "n": 11,
          "mae": 0.557944408107555,
          "bias": -0.23864934452077644,
          "hit_1c": 0.9090909090909091,
          "bucket_hit": 0.6363636363636364,
          "rank_avg": 3.4545454545454546
        }
      },
      "consensus": {
        "n": 11,
        "mae": 0.4469533204072388,
        "bias": -0.06363405843235205,
        "hit_1c": 0.9090909090909091,
        "bucket_hit": 0.45454545454545453,
        "rank_avg": null
      },
      "days_measured": 11
    }
  },
  "global": {
    "models": {
      "MeteoFrance": {
        "n": 23,
        "mae": 0.549886861796742,
        "bias": 0.23403746518421495,
        "hit_1c": 0.8260869565217391,
        "bucket_hit": 0.5652173913043478,
        "rank_avg": 2.782608695652174
      },
      "ICON": {
        "n": 23,
        "mae": 0.5239045514852814,
        "bias": 0.024970164601872097,
        "hit_1c": 0.9565217391304348,
        "bucket_hit": 0.6086956521739131,
        "rank_avg": 3.0
      },
      "GFS": {
        "n": 23,
        "mae": 0.8458000033012959,
        "bias": 0.04684342496962217,
        "hit_1c": 0.6956521739130435,
        "bucket_hit": 0.43478260869565216,
        "rank_avg": 3.4782608695652173
      },
      "UKMO": {
        "n": 23,
        "mae": 0.5226929345533202,
        "bias": 0.07488253691946126,
        "hit_1c": 0.8260869565217391,
        "bucket_hit": 0.5652173913043478,
        "rank_avg": 2.652173913043478
      },
      "ECMWF": {
        "n": 23,
        "mae": 0.5619329540451067,
        "bias": 0.015865717369237663,
        "hit_1c": 0.8260869565217391,
        "bucket_hit": 0.6086956521739131,
        "rank_avg": 3.0869565217391304
      }
    },
    "consensus": {
      "n": 23,
      "mae": 0.4732150729709606,
      "bias": 0.07931986180888156,
      "hit_1c": 0.9130434782608695,
      "bucket_hit": 0.5652173913043478,
      "rank_avg": null
    },
    "days_measured": 23
  },
  "last_update": "2026-05-07T19:02:46.736620+03:00",
  "hit_window_c": 1.0
}