{
  "per_city": {
    "london": {
      "models": {
        "MeteoFrance": {
          "n": 1,
          "mae": 0.6999999999999993,
          "bias": 0.6999999999999993,
          "hit_1c": 1.0,
          "bucket_hit": 0.0,
          "rank_avg": 1.0
        },
        "ICON": {
          "n": 1,
          "mae": 1.3000000000000007,
          "bias": 1.3000000000000007,
          "hit_1c": 0.0,
          "bucket_hit": 0.0,
          "rank_avg": 5.0
        },
        "GFS": {
          "n": 1,
          "mae": 1.1999999999999993,
          "bias": 1.1999999999999993,
          "hit_1c": 0.0,
          "bucket_hit": 0.0,
          "rank_avg": 2.0
        },
        "UKMO": {
          "n": 1,
          "mae": 1.1999999999999993,
          "bias": 1.1999999999999993,
          "hit_1c": 0.0,
          "bucket_hit": 0.0,
          "rank_avg": 3.0
        },
        "ECMWF": {
          "n": 1,
          "mae": 1.3000000000000007,
          "bias": 1.3000000000000007,
          "hit_1c": 0.0,
          "bucket_hit": 0.0,
          "rank_avg": 4.0
        }
      },
      "consensus": {
        "n": 1,
        "mae": 1.1400000000000006,
        "bias": 1.1400000000000006,
        "hit_1c": 0.0,
        "bucket_hit": 0.0,
        "rank_avg": null
      },
      "days_measured": 1
    },
    "paris": {
      "models": {
        "MeteoFrance": {
          "n": 1,
          "mae": 0.8000000000000007,
          "bias": -0.8000000000000007,
          "hit_1c": 1.0,
          "bucket_hit": 0.0,
          "rank_avg": 2.0
        },
        "ICON": {
          "n": 1,
          "mae": 0.5,
          "bias": -0.5,
          "hit_1c": 1.0,
          "bucket_hit": 1.0,
          "rank_avg": 1.0
        },
        "GFS": {
          "n": 1,
          "mae": 3.0,
          "bias": -3.0,
          "hit_1c": 0.0,
          "bucket_hit": 0.0,
          "rank_avg": 5.0
        },
        "UKMO": {
          "n": 1,
          "mae": 0.8000000000000007,
          "bias": -0.8000000000000007,
          "hit_1c": 1.0,
          "bucket_hit": 0.0,
          "rank_avg": 3.0
        },
        "ECMWF": {
          "n": 1,
          "mae": 1.3999999999999986,
          "bias": -1.3999999999999986,
          "hit_1c": 0.0,
          "bucket_hit": 0.0,
          "rank_avg": 4.0
        }
      },
      "consensus": {
        "n": 1,
        "mae": 0.875,
        "bias": -0.875,
        "hit_1c": 1.0,
        "bucket_hit": 0.0,
        "rank_avg": null
      },
      "days_measured": 1
    }
  },
  "global": {
    "models": {
      "MeteoFrance": {
        "n": 2,
        "mae": 0.75,
        "bias": -0.05000000000000071,
        "hit_1c": 1.0,
        "bucket_hit": 0.0,
        "rank_avg": 1.5
      },
      "ICON": {
        "n": 2,
        "mae": 0.9000000000000004,
        "bias": 0.40000000000000036,
        "hit_1c": 0.5,
        "bucket_hit": 0.5,
        "rank_avg": 3.0
      },
      "GFS": {
        "n": 2,
        "mae": 2.0999999999999996,
        "bias": -0.9000000000000004,
        "hit_1c": 0.0,
        "bucket_hit": 0.0,
        "rank_avg": 3.5
      },
      "UKMO": {
        "n": 2,
        "mae": 1.0,
        "bias": 0.1999999999999993,
        "hit_1c": 0.5,
        "bucket_hit": 0.0,
        "rank_avg": 3.0
      },
      "ECMWF": {
        "n": 2,
        "mae": 1.3499999999999996,
        "bias": -0.049999999999998934,
        "hit_1c": 0.0,
        "bucket_hit": 0.0,
        "rank_avg": 4.0
      }
    },
    "consensus": {
      "n": 2,
      "mae": 1.0075000000000003,
      "bias": 0.13250000000000028,
      "hit_1c": 0.5,
      "bucket_hit": 0.0,
      "rank_avg": null
    },
    "days_measured": 2
  },
  "last_update": "2026-04-19T20:48:11.607438+03:00",
  "hit_window_c": 1.0
}