{
  "per_city": {
    "london": {
      "models": {
        "MeteoFrance": {
          "n": 14,
          "mae": 0.9989880257277435,
          "bias": 0.33129684256952086,
          "hit_1c": 0.5,
          "bucket_hit": 0.2857142857142857,
          "rank_avg": 3.5714285714285716
        },
        "ICON": {
          "n": 14,
          "mae": 0.823950079172853,
          "bias": 0.14967220948886314,
          "hit_1c": 0.7142857142857143,
          "bucket_hit": 0.35714285714285715,
          "rank_avg": 3.142857142857143
        },
        "GFS": {
          "n": 14,
          "mae": 0.9263165254883462,
          "bias": 0.08529807586031536,
          "hit_1c": 0.7857142857142857,
          "bucket_hit": 0.2857142857142857,
          "rank_avg": 3.2142857142857144
        },
        "UKMO": {
          "n": 14,
          "mae": 0.6764086438333858,
          "bias": 0.13089461092824667,
          "hit_1c": 0.7142857142857143,
          "bucket_hit": 0.42857142857142855,
          "rank_avg": 1.9285714285714286
        },
        "ECMWF": {
          "n": 14,
          "mae": 0.8918937803599608,
          "bias": 0.1672821412359469,
          "hit_1c": 0.5714285714285714,
          "bucket_hit": 0.35714285714285715,
          "rank_avg": 3.142857142857143
        }
      },
      "consensus": {
        "n": 14,
        "mae": 0.7564509531223268,
        "bias": 0.17288877601657898,
        "hit_1c": 0.7857142857142857,
        "bucket_hit": 0.5,
        "rank_avg": null
      },
      "days_measured": 14
    },
    "paris": {
      "models": {
        "MeteoFrance": {
          "n": 14,
          "mae": 0.5453953354891425,
          "bias": 0.2678695570115405,
          "hit_1c": 0.8571428571428571,
          "bucket_hit": 0.5714285714285714,
          "rank_avg": 2.7857142857142856
        },
        "ICON": {
          "n": 14,
          "mae": 0.41016938976990847,
          "bias": -0.19265198380402623,
          "hit_1c": 0.9285714285714286,
          "bucket_hit": 0.7857142857142857,
          "rank_avg": 2.357142857142857
        },
        "GFS": {
          "n": 14,
          "mae": 0.9306662836952011,
          "bias": -0.19251011349362784,
          "hit_1c": 0.6428571428571429,
          "bucket_hit": 0.42857142857142855,
          "rank_avg": 3.5714285714285716
        },
        "UKMO": {
          "n": 14,
          "mae": 0.42810852491159856,
          "bias": -0.31164258586899685,
          "hit_1c": 0.7857142857142857,
          "bucket_hit": 0.7142857142857143,
          "rank_avg": 2.357142857142857
        },
        "ECMWF": {
          "n": 14,
          "mae": 0.8409320085893974,
          "bias": -0.5466479321864207,
          "hit_1c": 0.7142857142857143,
          "bucket_hit": 0.42857142857142855,
          "rank_avg": 3.9285714285714284
        }
      },
      "consensus": {
        "n": 14,
        "mae": 0.4849740406850505,
        "bias": -0.19511661166830624,
        "hit_1c": 0.9285714285714286,
        "bucket_hit": 0.5,
        "rank_avg": null
      },
      "days_measured": 14
    }
  },
  "global": {
    "models": {
      "MeteoFrance": {
        "n": 28,
        "mae": 0.7721916806084429,
        "bias": 0.29958319979053066,
        "hit_1c": 0.6785714285714286,
        "bucket_hit": 0.42857142857142855,
        "rank_avg": 3.1785714285714284
      },
      "ICON": {
        "n": 28,
        "mae": 0.6170597344713807,
        "bias": -0.02148988715758155,
        "hit_1c": 0.8214285714285714,
        "bucket_hit": 0.5714285714285714,
        "rank_avg": 2.75
      },
      "GFS": {
        "n": 28,
        "mae": 0.9284914045917736,
        "bias": -0.05360601881665624,
        "hit_1c": 0.7142857142857143,
        "bucket_hit": 0.35714285714285715,
        "rank_avg": 3.392857142857143
      },
      "UKMO": {
        "n": 28,
        "mae": 0.5522585843724922,
        "bias": -0.09037398747037509,
        "hit_1c": 0.75,
        "bucket_hit": 0.5714285714285714,
        "rank_avg": 2.142857142857143
      },
      "ECMWF": {
        "n": 28,
        "mae": 0.8664128944746793,
        "bias": -0.18968289547523692,
        "hit_1c": 0.6428571428571429,
        "bucket_hit": 0.39285714285714285,
        "rank_avg": 3.5357142857142856
      }
    },
    "consensus": {
      "n": 28,
      "mae": 0.6207124969036885,
      "bias": -0.01111391782586362,
      "hit_1c": 0.8571428571428571,
      "bucket_hit": 0.5,
      "rank_avg": null
    },
    "days_measured": 28
  },
  "last_update": "2026-05-14T15:11:57.271475+03:00",
  "hit_window_c": 1.0
}