{
  "per_city": {
    "london": {
      "models": {
        "MeteoFrance": {
          "n": 12,
          "mae": 0.5812600463509551,
          "bias": -0.23718319559228687,
          "hit_1c": 0.8333333333333334,
          "bucket_hit": 0.5,
          "rank_avg": 3.0
        },
        "ICON": {
          "n": 12,
          "mae": 0.5968935556867377,
          "bias": -0.16190426997245191,
          "hit_1c": 0.9166666666666666,
          "bucket_hit": 0.4166666666666667,
          "rank_avg": 3.4166666666666665
        },
        "GFS": {
          "n": 12,
          "mae": 0.4679239866194411,
          "bias": -0.1991811294765841,
          "hit_1c": 0.9166666666666666,
          "bucket_hit": 0.6666666666666666,
          "rank_avg": 2.5833333333333335
        },
        "UKMO": {
          "n": 12,
          "mae": 0.5128367103939824,
          "bias": 0.1409655647382917,
          "hit_1c": 0.9166666666666666,
          "bucket_hit": 0.6666666666666666,
          "rank_avg": 3.0833333333333335
        },
        "ECMWF": {
          "n": 12,
          "mae": 0.5297953408544315,
          "bias": 0.18004407713498635,
          "hit_1c": 0.75,
          "bucket_hit": 0.5833333333333334,
          "rank_avg": 2.9166666666666665
        }
      },
      "consensus": {
        "n": 12,
        "mae": 0.437586711268529,
        "bias": -0.055451790633608944,
        "hit_1c": 1.0,
        "bucket_hit": 0.6666666666666666,
        "rank_avg": null
      },
      "days_measured": 12
    },
    "paris": {
      "models": {
        "MeteoFrance": {
          "n": 12,
          "mae": 0.47147705299750786,
          "bias": 0.21609159779614343,
          "hit_1c": 0.9166666666666666,
          "bucket_hit": 0.6666666666666666,
          "rank_avg": 2.5833333333333335
        },
        "ICON": {
          "n": 12,
          "mae": 0.3499119550483183,
          "bias": -0.11466460055096366,
          "hit_1c": 1.0,
          "bucket_hit": 0.75,
          "rank_avg": 2.25
        },
        "GFS": {
          "n": 12,
          "mae": 1.0861632231404956,
          "bias": -0.8232465564738289,
          "hit_1c": 0.4166666666666667,
          "bucket_hit": 0.16666666666666666,
          "rank_avg": 4.25
        },
        "UKMO": {
          "n": 12,
          "mae": 0.46580905221041685,
          "bias": 0.0030172176308542,
          "hit_1c": 0.9166666666666666,
          "bucket_hit": 0.5,
          "rank_avg": 2.75
        },
        "ECMWF": {
          "n": 12,
          "mae": 0.6213375639512,
          "bias": -0.3293732782369145,
          "hit_1c": 0.8333333333333334,
          "bucket_hit": 0.6666666666666666,
          "rank_avg": 3.1666666666666665
        }
      },
      "consensus": {
        "n": 12,
        "mae": 0.45644332502514295,
        "bias": -0.20963512396694206,
        "hit_1c": 0.9166666666666666,
        "bucket_hit": 0.4166666666666667,
        "rank_avg": null
      },
      "days_measured": 12
    }
  },
  "global": {
    "models": {
      "MeteoFrance": {
        "n": 24,
        "mae": 0.5263685496742315,
        "bias": -0.010545798898071723,
        "hit_1c": 0.875,
        "bucket_hit": 0.5833333333333334,
        "rank_avg": 2.7916666666666665
      },
      "ICON": {
        "n": 24,
        "mae": 0.473402755367528,
        "bias": -0.13828443526170778,
        "hit_1c": 0.9583333333333334,
        "bucket_hit": 0.5833333333333334,
        "rank_avg": 2.8333333333333335
      },
      "GFS": {
        "n": 24,
        "mae": 0.7770436048799684,
        "bias": -0.5112138429752066,
        "hit_1c": 0.6666666666666666,
        "bucket_hit": 0.4166666666666667,
        "rank_avg": 3.4166666666666665
      },
      "UKMO": {
        "n": 24,
        "mae": 0.48932288130219964,
        "bias": 0.07199139118457294,
        "hit_1c": 0.9166666666666666,
        "bucket_hit": 0.5833333333333334,
        "rank_avg": 2.9166666666666665
      },
      "ECMWF": {
        "n": 24,
        "mae": 0.5755664524028158,
        "bias": -0.07466460055096406,
        "hit_1c": 0.7916666666666666,
        "bucket_hit": 0.625,
        "rank_avg": 3.0416666666666665
      }
    },
    "consensus": {
      "n": 24,
      "mae": 0.447015018146836,
      "bias": -0.1325434573002755,
      "hit_1c": 0.9583333333333334,
      "bucket_hit": 0.5416666666666666,
      "rank_avg": null
    },
    "days_measured": 24
  },
  "last_update": "2026-05-04T08:22:27.317896+03:00",
  "hit_window_c": 1.0
}