{
  "per_city": {
    "london": {
      "models": {
        "MeteoFrance": {
          "n": 11,
          "mae": 0.715105827570515,
          "bias": 0.33131944155516635,
          "hit_1c": 0.7272727272727273,
          "bucket_hit": 0.36363636363636365,
          "rank_avg": 3.3636363636363638
        },
        "ICON": {
          "n": 11,
          "mae": 0.6846786463519566,
          "bias": 0.10272559165453256,
          "hit_1c": 0.9090909090909091,
          "bucket_hit": 0.36363636363636365,
          "rank_avg": 3.3636363636363638
        },
        "GFS": {
          "n": 11,
          "mae": 0.6804215838594666,
          "bias": 0.12721660163043405,
          "hit_1c": 0.9090909090909091,
          "bucket_hit": 0.45454545454545453,
          "rank_avg": 3.272727272727273
        },
        "UKMO": {
          "n": 11,
          "mae": 0.4822502790621625,
          "bias": 0.16878938090118564,
          "hit_1c": 0.9090909090909091,
          "bucket_hit": 0.5454545454545454,
          "rank_avg": 2.090909090909091
        },
        "ECMWF": {
          "n": 11,
          "mae": 0.6209948364936547,
          "bias": 0.1760052117405935,
          "hit_1c": 0.8181818181818182,
          "bucket_hit": 0.45454545454545453,
          "rank_avg": 2.909090909090909
        }
      },
      "consensus": {
        "n": 11,
        "mae": 0.5223117542297057,
        "bias": 0.18121124549638298,
        "hit_1c": 0.9090909090909091,
        "bucket_hit": 0.6363636363636364,
        "rank_avg": null
      },
      "days_measured": 11
    },
    "paris": {
      "models": {
        "MeteoFrance": {
          "n": 11,
          "mae": 0.4366707864709171,
          "bias": 0.23274194840098855,
          "hit_1c": 0.9090909090909091,
          "bucket_hit": 0.7272727272727273,
          "rank_avg": 2.727272727272727
        },
        "ICON": {
          "n": 11,
          "mae": 0.35252851349209585,
          "bias": -0.15500701541438824,
          "hit_1c": 1.0,
          "bucket_hit": 0.8181818181818182,
          "rank_avg": 2.3636363636363638
        },
        "GFS": {
          "n": 11,
          "mae": 1.0998394997804894,
          "bias": -0.3026234307014571,
          "hit_1c": 0.45454545454545453,
          "bucket_hit": 0.36363636363636365,
          "rank_avg": 4.090909090909091
        },
        "UKMO": {
          "n": 11,
          "mae": 0.33787480509844153,
          "bias": -0.22899269558033808,
          "hit_1c": 0.8181818181818182,
          "bucket_hit": 0.8181818181818182,
          "rank_avg": 2.1818181818181817
        },
        "ECMWF": {
          "n": 11,
          "mae": 0.5584166061053392,
          "bias": -0.42126439966141827,
          "hit_1c": 0.8181818181818182,
          "bucket_hit": 0.6363636363636364,
          "rank_avg": 3.6363636363636362
        }
      },
      "consensus": {
        "n": 11,
        "mae": 0.3528615274390949,
        "bias": -0.1750291185913226,
        "hit_1c": 0.9090909090909091,
        "bucket_hit": 0.6363636363636364,
        "rank_avg": null
      },
      "days_measured": 11
    }
  },
  "global": {
    "models": {
      "MeteoFrance": {
        "n": 22,
        "mae": 0.575888307020716,
        "bias": 0.2820306949780775,
        "hit_1c": 0.8181818181818182,
        "bucket_hit": 0.5454545454545454,
        "rank_avg": 3.0454545454545454
      },
      "ICON": {
        "n": 22,
        "mae": 0.5186035799220262,
        "bias": -0.026140711879927846,
        "hit_1c": 0.9545454545454546,
        "bucket_hit": 0.5909090909090909,
        "rank_avg": 2.8636363636363638
      },
      "GFS": {
        "n": 22,
        "mae": 0.8901305418199782,
        "bias": -0.08770341453551152,
        "hit_1c": 0.6818181818181818,
        "bucket_hit": 0.4090909090909091,
        "rank_avg": 3.6818181818181817
      },
      "UKMO": {
        "n": 22,
        "mae": 0.410062542080302,
        "bias": -0.030101657339576218,
        "hit_1c": 0.8636363636363636,
        "bucket_hit": 0.6818181818181818,
        "rank_avg": 2.1363636363636362
      },
      "ECMWF": {
        "n": 22,
        "mae": 0.5897057212994969,
        "bias": -0.12262959396041237,
        "hit_1c": 0.8181818181818182,
        "bucket_hit": 0.5454545454545454,
        "rank_avg": 3.272727272727273
      }
    },
    "consensus": {
      "n": 22,
      "mae": 0.43758664083440024,
      "bias": 0.003091063452530175,
      "hit_1c": 0.9090909090909091,
      "bucket_hit": 0.6363636363636364,
      "rank_avg": null
    },
    "days_measured": 22
  },
  "last_update": "2026-05-10T22:48:18.815595+03:00",
  "hit_window_c": 1.0
}