{
  "per_city": {
    "london": {
      "models": {
        "MeteoFrance": {
          "n": 11,
          "mae": 0.6566893217893214,
          "bias": -0.3330818181818183,
          "hit_1c": 0.8181818181818182,
          "bucket_hit": 0.36363636363636365,
          "rank_avg": 3.3636363636363638
        },
        "ICON": {
          "n": 11,
          "mae": 0.6132474025974027,
          "bias": -0.13871363636363637,
          "hit_1c": 0.9090909090909091,
          "bucket_hit": 0.36363636363636365,
          "rank_avg": 3.4545454545454546
        },
        "GFS": {
          "n": 11,
          "mae": 0.521093116883117,
          "bias": -0.22791909090909115,
          "hit_1c": 0.8181818181818182,
          "bucket_hit": 0.6363636363636364,
          "rank_avg": 2.6363636363636362
        },
        "UKMO": {
          "n": 11,
          "mae": 0.5041643001442995,
          "bias": 0.209074545454545,
          "hit_1c": 0.9090909090909091,
          "bucket_hit": 0.7272727272727273,
          "rank_avg": 2.909090909090909
        },
        "ECMWF": {
          "n": 11,
          "mae": 0.46507572871572833,
          "bias": 0.3456581818181819,
          "hit_1c": 0.8181818181818182,
          "bucket_hit": 0.6363636363636364,
          "rank_avg": 2.6363636363636362
        }
      },
      "consensus": {
        "n": 11,
        "mae": 0.4458708225108221,
        "bias": -0.02899636363636385,
        "hit_1c": 1.0,
        "bucket_hit": 0.6363636363636364,
        "rank_avg": null
      },
      "days_measured": 11
    },
    "paris": {
      "models": {
        "MeteoFrance": {
          "n": 11,
          "mae": 0.4891067099567101,
          "bias": 0.3882409090909094,
          "hit_1c": 0.9090909090909091,
          "bucket_hit": 0.6363636363636364,
          "rank_avg": 2.727272727272727
        },
        "ICON": {
          "n": 11,
          "mae": 0.2999907503607501,
          "bias": -0.04335727272727235,
          "hit_1c": 1.0,
          "bucket_hit": 0.8181818181818182,
          "rank_avg": 2.1818181818181817
        },
        "GFS": {
          "n": 11,
          "mae": 1.0405036363636364,
          "bias": -0.7536854545454544,
          "hit_1c": 0.45454545454545453,
          "bucket_hit": 0.18181818181818182,
          "rank_avg": 4.090909090909091
        },
        "UKMO": {
          "n": 11,
          "mae": 0.4374641125541137,
          "bias": 0.07398272727272745,
          "hit_1c": 1.0,
          "bucket_hit": 0.5454545454545454,
          "rank_avg": 2.8181818181818183
        },
        "ECMWF": {
          "n": 11,
          "mae": 0.6042792207792207,
          "bias": -0.2857727272727274,
          "hit_1c": 0.8181818181818182,
          "bucket_hit": 0.6363636363636364,
          "rank_avg": 3.1818181818181817
        }
      },
      "consensus": {
        "n": 11,
        "mae": 0.3933636738816737,
        "bias": -0.12411836363636362,
        "hit_1c": 1.0,
        "bucket_hit": 0.45454545454545453,
        "rank_avg": null
      },
      "days_measured": 11
    }
  },
  "global": {
    "models": {
      "MeteoFrance": {
        "n": 22,
        "mae": 0.5728980158730157,
        "bias": 0.02757954545454553,
        "hit_1c": 0.8636363636363636,
        "bucket_hit": 0.5,
        "rank_avg": 3.0454545454545454
      },
      "ICON": {
        "n": 22,
        "mae": 0.45661907647907646,
        "bias": -0.09103545454545436,
        "hit_1c": 0.9545454545454546,
        "bucket_hit": 0.5909090909090909,
        "rank_avg": 2.8181818181818183
      },
      "GFS": {
        "n": 22,
        "mae": 0.7807983766233767,
        "bias": -0.4908022727272728,
        "hit_1c": 0.6363636363636364,
        "bucket_hit": 0.4090909090909091,
        "rank_avg": 3.3636363636363638
      },
      "UKMO": {
        "n": 22,
        "mae": 0.47081420634920657,
        "bias": 0.14152863636363622,
        "hit_1c": 0.9545454545454546,
        "bucket_hit": 0.6363636363636364,
        "rank_avg": 2.8636363636363638
      },
      "ECMWF": {
        "n": 22,
        "mae": 0.5346774747474745,
        "bias": 0.029942727272727267,
        "hit_1c": 0.8181818181818182,
        "bucket_hit": 0.6363636363636364,
        "rank_avg": 2.909090909090909
      }
    },
    "consensus": {
      "n": 22,
      "mae": 0.4196172481962479,
      "bias": -0.07655736363636373,
      "hit_1c": 1.0,
      "bucket_hit": 0.5454545454545454,
      "rank_avg": null
    },
    "days_measured": 22
  },
  "last_update": "2026-05-02T05:45:38.985342+03:00",
  "hit_window_c": 1.0
}