{
  "per_city": {
    "london": {
      "models": {
        "MeteoFrance": {
          "n": 11,
          "mae": 1.119177029479215,
          "bias": -0.20382752129122556,
          "hit_1c": 0.45454545454545453,
          "bucket_hit": 0.36363636363636365,
          "rank_avg": 3.8181818181818183
        },
        "ICON": {
          "n": 11,
          "mae": 0.5471506488805145,
          "bias": -0.34482517525985157,
          "hit_1c": 0.9090909090909091,
          "bucket_hit": 0.45454545454545453,
          "rank_avg": 2.5454545454545454
        },
        "GFS": {
          "n": 11,
          "mae": 0.9379600134711609,
          "bias": -0.1665184101909155,
          "hit_1c": 0.45454545454545453,
          "bucket_hit": 0.2727272727272727,
          "rank_avg": 3.3636363636363638
        },
        "UKMO": {
          "n": 11,
          "mae": 0.5144600451242944,
          "bias": -0.16094048654584014,
          "hit_1c": 0.7272727272727273,
          "bucket_hit": 0.7272727272727273,
          "rank_avg": 2.4545454545454546
        },
        "ECMWF": {
          "n": 11,
          "mae": 0.7399621301951966,
          "bias": 0.29851438488576904,
          "hit_1c": 0.8181818181818182,
          "bucket_hit": 0.5454545454545454,
          "rank_avg": 2.8181818181818183
        }
      },
      "consensus": {
        "n": 11,
        "mae": 0.6533019101517639,
        "bias": -0.11551944168041185,
        "hit_1c": 0.6363636363636364,
        "bucket_hit": 0.5454545454545454,
        "rank_avg": null
      },
      "days_measured": 11
    },
    "paris": {
      "models": {
        "MeteoFrance": {
          "n": 10,
          "mae": 0.771681282247498,
          "bias": 0.5860453561335573,
          "hit_1c": 0.6,
          "bucket_hit": 0.5,
          "rank_avg": 3.7
        },
        "ICON": {
          "n": 10,
          "mae": 0.25006112580743806,
          "bias": 0.08782378849457988,
          "hit_1c": 1.0,
          "bucket_hit": 1.0,
          "rank_avg": 1.5
        },
        "GFS": {
          "n": 10,
          "mae": 0.6928599547312466,
          "bias": -0.579771527181214,
          "hit_1c": 0.7,
          "bucket_hit": 0.4,
          "rank_avg": 3.6
        },
        "UKMO": {
          "n": 10,
          "mae": 0.4675802697587283,
          "bias": 0.1799373372677085,
          "hit_1c": 0.9,
          "bucket_hit": 0.7,
          "rank_avg": 2.5
        },
        "ECMWF": {
          "n": 10,
          "mae": 0.8459354790500244,
          "bias": -0.653619250287315,
          "hit_1c": 0.6,
          "bucket_hit": 0.3,
          "rank_avg": 3.7
        }
      },
      "consensus": {
        "n": 10,
        "mae": 0.261733776323533,
        "bias": -0.07591685911453645,
        "hit_1c": 1.0,
        "bucket_hit": 0.8,
        "rank_avg": null
      },
      "days_measured": 10
    }
  },
  "global": {
    "models": {
      "MeteoFrance": {
        "n": 21,
        "mae": 0.9537028641307783,
        "bias": 0.17230242033962342,
        "hit_1c": 0.5238095238095238,
        "bucket_hit": 0.42857142857142855,
        "rank_avg": 3.761904761904762
      },
      "ICON": {
        "n": 21,
        "mae": 0.4056794474171448,
        "bias": -0.13880185918631277,
        "hit_1c": 0.9523809523809523,
        "bucket_hit": 0.7142857142857143,
        "rank_avg": 2.0476190476190474
      },
      "GFS": {
        "n": 21,
        "mae": 0.8212456997854874,
        "bias": -0.3633056087577244,
        "hit_1c": 0.5714285714285714,
        "bucket_hit": 0.3333333333333333,
        "rank_avg": 3.4761904761904763
      },
      "UKMO": {
        "n": 21,
        "mae": 0.492136342569263,
        "bias": 0.0013822866987068224,
        "hit_1c": 0.8095238095238095,
        "bucket_hit": 0.7142857142857143,
        "rank_avg": 2.4761904761904763
      },
      "ECMWF": {
        "n": 21,
        "mae": 0.7904256296498764,
        "bias": -0.15488258424427104,
        "hit_1c": 0.7142857142857143,
        "bucket_hit": 0.42857142857142855,
        "rank_avg": 3.238095238095238
      }
    },
    "consensus": {
      "n": 21,
      "mae": 0.4668408940430825,
      "bias": -0.096661069029995,
      "hit_1c": 0.8095238095238095,
      "bucket_hit": 0.6666666666666666,
      "rank_avg": null
    },
    "days_measured": 21
  },
  "last_update": "2026-05-27T11:29:41.527797+03:00",
  "hit_window_c": 1.0
}