{
  "per_city": {
    "london": {
      "models": {
        "MeteoFrance": {
          "n": 14,
          "mae": 0.8634553397657729,
          "bias": 0.5619088936108562,
          "hit_1c": 0.6428571428571429,
          "bucket_hit": 0.35714285714285715,
          "rank_avg": 3.357142857142857
        },
        "ICON": {
          "n": 14,
          "mae": 0.8038085745492906,
          "bias": 0.34655974585845734,
          "hit_1c": 0.7857142857142857,
          "bucket_hit": 0.35714285714285715,
          "rank_avg": 3.357142857142857
        },
        "GFS": {
          "n": 14,
          "mae": 0.7902518793816445,
          "bias": 0.24407700768130258,
          "hit_1c": 0.8571428571428571,
          "bucket_hit": 0.42857142857142855,
          "rank_avg": 3.142857142857143
        },
        "UKMO": {
          "n": 14,
          "mae": 0.6204319008646919,
          "bias": 0.3741411951667815,
          "hit_1c": 0.7857142857142857,
          "bucket_hit": 0.5,
          "rank_avg": 2.2142857142857144
        },
        "ECMWF": {
          "n": 14,
          "mae": 0.772944995919196,
          "bias": 0.42331029075607646,
          "hit_1c": 0.7142857142857143,
          "bucket_hit": 0.42857142857142855,
          "rank_avg": 2.9285714285714284
        }
      },
      "consensus": {
        "n": 14,
        "mae": 0.6580069691908772,
        "bias": 0.3899994266146951,
        "hit_1c": 0.8571428571428571,
        "bucket_hit": 0.5714285714285714,
        "rank_avg": null
      },
      "days_measured": 14
    },
    "paris": {
      "models": {
        "MeteoFrance": {
          "n": 13,
          "mae": 0.5561125274530299,
          "bias": 0.3835573567784749,
          "hit_1c": 0.8461538461538461,
          "bucket_hit": 0.6153846153846154,
          "rank_avg": 3.0
        },
        "ICON": {
          "n": 13,
          "mae": 0.34085132698052606,
          "bias": -0.08860181286342203,
          "hit_1c": 1.0,
          "bucket_hit": 0.8461538461538461,
          "rank_avg": 2.3076923076923075
        },
        "GFS": {
          "n": 13,
          "mae": 1.015248807506568,
          "bias": -0.22031139344333525,
          "hit_1c": 0.5384615384615384,
          "bucket_hit": 0.38461538461538464,
          "rank_avg": 3.8461538461538463
        },
        "UKMO": {
          "n": 13,
          "mae": 0.32435560431406607,
          "bias": -0.18185382380664875,
          "hit_1c": 0.8461538461538461,
          "bucket_hit": 0.8461538461538461,
          "rank_avg": 2.1538461538461537
        },
        "ECMWF": {
          "n": 13,
          "mae": 0.5998641589644615,
          "bias": -0.22909669206894853,
          "hit_1c": 0.8461538461538461,
          "bucket_hit": 0.5384615384615384,
          "rank_avg": 3.6923076923076925
        }
      },
      "consensus": {
        "n": 13,
        "mae": 0.37941542740650047,
        "bias": -0.06726127308077587,
        "hit_1c": 0.9230769230769231,
        "bucket_hit": 0.6153846153846154,
        "rank_avg": null
      },
      "days_measured": 13
    }
  },
  "global": {
    "models": {
      "MeteoFrance": {
        "n": 27,
        "mae": 0.7154754671707485,
        "bias": 0.4760359314323022,
        "hit_1c": 0.7407407407407407,
        "bucket_hit": 0.48148148148148145,
        "rank_avg": 3.185185185185185
      },
      "ICON": {
        "n": 27,
        "mae": 0.5809032331272929,
        "bias": 0.13703751388125618,
        "hit_1c": 0.8888888888888888,
        "bucket_hit": 0.5925925925925926,
        "rank_avg": 2.8518518518518516
      },
      "GFS": {
        "n": 27,
        "mae": 0.8985837336640151,
        "bias": 0.020482592324995476,
        "hit_1c": 0.7037037037037037,
        "bucket_hit": 0.4074074074074074,
        "rank_avg": 3.4814814814814814
      },
      "UKMO": {
        "n": 27,
        "mae": 0.47787664696994614,
        "bias": 0.1064398897351299,
        "hit_1c": 0.8148148148148148,
        "bucket_hit": 0.6666666666666666,
        "rank_avg": 2.185185185185185
      },
      "ECMWF": {
        "n": 27,
        "mae": 0.6896097781261756,
        "bias": 0.10918841013661999,
        "hit_1c": 0.7777777777777778,
        "bucket_hit": 0.48148148148148145,
        "rank_avg": 3.2962962962962963
      }
    },
    "consensus": {
      "n": 27,
      "mae": 0.5238703009243254,
      "bias": 0.16983686750206092,
      "hit_1c": 0.8888888888888888,
      "bucket_hit": 0.5925925925925926,
      "rank_avg": null
    },
    "days_measured": 27
  },
  "last_update": "2026-05-12T20:01:40.293391+03:00",
  "hit_window_c": 1.0
}