{
  "per_city": {
    "london": {
      "models": {
        "MeteoFrance": {
          "n": 14,
          "mae": 0.9304275745612357,
          "bias": 0.47271443659317125,
          "hit_1c": 0.5714285714285714,
          "bucket_hit": 0.2857142857142857,
          "rank_avg": 3.357142857142857
        },
        "ICON": {
          "n": 14,
          "mae": 0.8732631093344952,
          "bias": 0.2239306078986492,
          "hit_1c": 0.7142857142857143,
          "bucket_hit": 0.2857142857142857,
          "rank_avg": 3.357142857142857
        },
        "GFS": {
          "n": 14,
          "mae": 0.8686607334523674,
          "bias": 0.16566815361057977,
          "hit_1c": 0.7857142857142857,
          "bucket_hit": 0.35714285714285715,
          "rank_avg": 3.142857142857143
        },
        "UKMO": {
          "n": 14,
          "mae": 0.6560007595893651,
          "bias": 0.2715882094579815,
          "hit_1c": 0.7857142857142857,
          "bucket_hit": 0.42857142857142855,
          "rank_avg": 1.9285714285714286
        },
        "ECMWF": {
          "n": 14,
          "mae": 0.8757393162093461,
          "bias": 0.3182937482437043,
          "hit_1c": 0.6428571428571429,
          "bucket_hit": 0.35714285714285715,
          "rank_avg": 3.2142857142857144
        }
      },
      "consensus": {
        "n": 14,
        "mae": 0.7337578408352312,
        "bias": 0.29043903116081765,
        "hit_1c": 0.7857142857142857,
        "bucket_hit": 0.5,
        "rank_avg": null
      },
      "days_measured": 14
    },
    "paris": {
      "models": {
        "MeteoFrance": {
          "n": 13,
          "mae": 0.5383092472052203,
          "bias": 0.3375144831801307,
          "hit_1c": 0.8461538461538461,
          "bucket_hit": 0.6153846153846154,
          "rank_avg": 2.769230769230769
        },
        "ICON": {
          "n": 13,
          "mae": 0.4173434952218012,
          "bias": -0.1830939811046973,
          "hit_1c": 0.9230769230769231,
          "bucket_hit": 0.7692307692307693,
          "rank_avg": 2.4615384615384617
        },
        "GFS": {
          "n": 13,
          "mae": 0.9695325464724652,
          "bias": -0.1745951324092325,
          "hit_1c": 0.6153846153846154,
          "bucket_hit": 0.38461538461538464,
          "rank_avg": 3.6923076923076925
        },
        "UKMO": {
          "n": 13,
          "mae": 0.3556745409443238,
          "bias": -0.23024968351382966,
          "hit_1c": 0.8461538461538461,
          "bucket_hit": 0.7692307692307693,
          "rank_avg": 2.230769230769231
        },
        "ECMWF": {
          "n": 13,
          "mae": 0.7630105672668503,
          "bias": -0.44608925421749074,
          "hit_1c": 0.7692307692307693,
          "bucket_hit": 0.46153846153846156,
          "rank_avg": 3.8461538461538463
        }
      },
      "consensus": {
        "n": 13,
        "mae": 0.45145686793874845,
        "bias": -0.13930271361302388,
        "hit_1c": 0.9230769230769231,
        "bucket_hit": 0.5384615384615384,
        "rank_avg": null
      },
      "days_measured": 13
    }
  },
  "global": {
    "models": {
      "MeteoFrance": {
        "n": 27,
        "mae": 0.7416298613898208,
        "bias": 0.4076181627276332,
        "hit_1c": 0.7037037037037037,
        "bucket_hit": 0.4444444444444444,
        "rank_avg": 3.074074074074074
      },
      "ICON": {
        "n": 27,
        "mae": 0.6537462580950502,
        "bias": 0.027955805785926807,
        "hit_1c": 0.8148148148148148,
        "bucket_hit": 0.5185185185185185,
        "rank_avg": 2.925925925925926
      },
      "GFS": {
        "n": 27,
        "mae": 0.917228643425007,
        "bias": 0.001837682564003497,
        "hit_1c": 0.7037037037037037,
        "bucket_hit": 0.37037037037037035,
        "rank_avg": 3.4074074074074074
      },
      "UKMO": {
        "n": 27,
        "mae": 0.5113992469084193,
        "bias": 0.029962557286368725,
        "hit_1c": 0.8148148148148148,
        "bucket_hit": 0.5925925925925926,
        "rank_avg": 2.074074074074074
      },
      "ECMWF": {
        "n": 27,
        "mae": 0.821462511162959,
        "bias": -0.0497425122005748,
        "hit_1c": 0.7037037037037037,
        "bucket_hit": 0.4074074074074074,
        "rank_avg": 3.5185185185185186
      }
    },
    "consensus": {
      "n": 27,
      "mae": 0.5978351501813691,
      "bias": 0.08352633923267173,
      "hit_1c": 0.8518518518518519,
      "bucket_hit": 0.5185185185185185,
      "rank_avg": null
    },
    "days_measured": 27
  },
  "last_update": "2026-05-13T19:52:51.811215+03:00",
  "hit_window_c": 1.0
}