{
  "per_city": {
    "london": {
      "models": {
        "MeteoFrance": {
          "n": 13,
          "mae": 1.0895298697121283,
          "bias": -0.06419824748534134,
          "hit_1c": 0.46153846153846156,
          "bucket_hit": 0.3076923076923077,
          "rank_avg": 3.5384615384615383
        },
        "ICON": {
          "n": 13,
          "mae": 0.7763381954556279,
          "bias": -0.0885435533115503,
          "hit_1c": 0.6923076923076923,
          "bucket_hit": 0.38461538461538464,
          "rank_avg": 3.0
        },
        "GFS": {
          "n": 13,
          "mae": 0.8907583981968655,
          "bias": -0.19869938144681185,
          "hit_1c": 0.6923076923076923,
          "bucket_hit": 0.23076923076923078,
          "rank_avg": 3.0
        },
        "UKMO": {
          "n": 13,
          "mae": 0.7830562868141744,
          "bias": -0.24731134764867577,
          "hit_1c": 0.5384615384615384,
          "bucket_hit": 0.38461538461538464,
          "rank_avg": 2.076923076923077
        },
        "ECMWF": {
          "n": 13,
          "mae": 1.0363387801362065,
          "bias": -0.07933363291236194,
          "hit_1c": 0.6153846153846154,
          "bucket_hit": 0.23076923076923078,
          "rank_avg": 3.3846153846153846
        }
      },
      "consensus": {
        "n": 13,
        "mae": 0.8437799282711862,
        "bias": -0.13561723256094788,
        "hit_1c": 0.6923076923076923,
        "bucket_hit": 0.38461538461538464,
        "rank_avg": null
      },
      "days_measured": 13
    },
    "paris": {
      "models": {
        "MeteoFrance": {
          "n": 13,
          "mae": 0.595706762556235,
          "bias": 0.22230241454728164,
          "hit_1c": 0.7692307692307693,
          "bucket_hit": 0.5384615384615384,
          "rank_avg": 3.1538461538461537
        },
        "ICON": {
          "n": 13,
          "mae": 0.4618684687642019,
          "bias": -0.2858320346021684,
          "hit_1c": 0.8461538461538461,
          "bucket_hit": 0.7692307692307693,
          "rank_avg": 2.4615384615384617
        },
        "GFS": {
          "n": 13,
          "mae": 0.571061279872914,
          "bias": -0.31423297761239305,
          "hit_1c": 0.8461538461538461,
          "bucket_hit": 0.6923076923076923,
          "rank_avg": 3.230769230769231
        },
        "UKMO": {
          "n": 13,
          "mae": 0.3984951166785509,
          "bias": -0.3183476836978865,
          "hit_1c": 0.8461538461538461,
          "bucket_hit": 0.7692307692307693,
          "rank_avg": 2.3076923076923075
        },
        "ECMWF": {
          "n": 13,
          "mae": 0.9063163368216824,
          "bias": -0.6516007369171793,
          "hit_1c": 0.6153846153846154,
          "bucket_hit": 0.3076923076923077,
          "rank_avg": 3.8461538461538463
        }
      },
      "consensus": {
        "n": 13,
        "mae": 0.47901839882639774,
        "bias": -0.2695422036564687,
        "hit_1c": 0.9230769230769231,
        "bucket_hit": 0.6153846153846154,
        "rank_avg": null
      },
      "days_measured": 13
    }
  },
  "global": {
    "models": {
      "MeteoFrance": {
        "n": 26,
        "mae": 0.8426183161341818,
        "bias": 0.07905208353097014,
        "hit_1c": 0.6153846153846154,
        "bucket_hit": 0.4230769230769231,
        "rank_avg": 3.3461538461538463
      },
      "ICON": {
        "n": 26,
        "mae": 0.619103332109915,
        "bias": -0.18718779395685933,
        "hit_1c": 0.7692307692307693,
        "bucket_hit": 0.5769230769230769,
        "rank_avg": 2.730769230769231
      },
      "GFS": {
        "n": 26,
        "mae": 0.7309098390348898,
        "bias": -0.25646617952960243,
        "hit_1c": 0.7692307692307693,
        "bucket_hit": 0.46153846153846156,
        "rank_avg": 3.1153846153846154
      },
      "UKMO": {
        "n": 26,
        "mae": 0.5907757017463626,
        "bias": -0.28282951567328113,
        "hit_1c": 0.6923076923076923,
        "bucket_hit": 0.5769230769230769,
        "rank_avg": 2.1923076923076925
      },
      "ECMWF": {
        "n": 26,
        "mae": 0.9713275584789446,
        "bias": -0.36546718491477065,
        "hit_1c": 0.6153846153846154,
        "bucket_hit": 0.2692307692307692,
        "rank_avg": 3.6153846153846154
      }
    },
    "consensus": {
      "n": 26,
      "mae": 0.6613991635487919,
      "bias": -0.20257971810870828,
      "hit_1c": 0.8076923076923077,
      "bucket_hit": 0.5,
      "rank_avg": null
    },
    "days_measured": 26
  },
  "last_update": "2026-05-19T02:55:38.256193+03:00",
  "hit_window_c": 1.0
}