{
  "per_city": {
    "london": {
      "models": {
        "MeteoFrance": {
          "n": 14,
          "mae": 0.9883625081232014,
          "bias": 0.341922360174063,
          "hit_1c": 0.5,
          "bucket_hit": 0.2857142857142857,
          "rank_avg": 3.4285714285714284
        },
        "ICON": {
          "n": 14,
          "mae": 0.7812984908917767,
          "bias": 0.1923237977699394,
          "hit_1c": 0.7142857142857143,
          "bucket_hit": 0.42857142857142855,
          "rank_avg": 3.0
        },
        "GFS": {
          "n": 14,
          "mae": 0.8924078822903,
          "bias": 0.051389432662269155,
          "hit_1c": 0.7857142857142857,
          "bucket_hit": 0.35714285714285715,
          "rank_avg": 3.0714285714285716
        },
        "UKMO": {
          "n": 14,
          "mae": 0.7295192183003937,
          "bias": 0.07778403646123877,
          "hit_1c": 0.6428571428571429,
          "bucket_hit": 0.35714285714285715,
          "rank_avg": 2.142857142857143
        },
        "ECMWF": {
          "n": 14,
          "mae": 1.0084187802352536,
          "bias": -0.02204285863934568,
          "hit_1c": 0.5,
          "bucket_hit": 0.35714285714285715,
          "rank_avg": 3.357142857142857
        }
      },
      "consensus": {
        "n": 14,
        "mae": 0.8010643754532728,
        "bias": 0.128275353685633,
        "hit_1c": 0.7857142857142857,
        "bucket_hit": 0.42857142857142855,
        "rank_avg": null
      },
      "days_measured": 14
    },
    "paris": {
      "models": {
        "MeteoFrance": {
          "n": 13,
          "mae": 0.6468945257821626,
          "bias": 0.18190612768011094,
          "hit_1c": 0.7692307692307693,
          "bucket_hit": 0.46153846153846156,
          "rank_avg": 2.8461538461538463
        },
        "ICON": {
          "n": 13,
          "mae": 0.5485047997921123,
          "bias": -0.3142552856750084,
          "hit_1c": 0.8461538461538461,
          "bucket_hit": 0.6923076923076923,
          "rank_avg": 2.6153846153846154
        },
        "GFS": {
          "n": 13,
          "mae": 0.9095722014415137,
          "bias": -0.11463478737828102,
          "hit_1c": 0.6153846153846154,
          "bucket_hit": 0.38461538461538464,
          "rank_avg": 3.3846153846153846
        },
        "UKMO": {
          "n": 13,
          "mae": 0.5380693806612125,
          "bias": -0.45001529246148786,
          "hit_1c": 0.6923076923076923,
          "bucket_hit": 0.6153846153846154,
          "rank_avg": 2.3076923076923075
        },
        "ECMWF": {
          "n": 13,
          "mae": 0.9854796125009494,
          "bias": -0.6685582994515898,
          "hit_1c": 0.6153846153846154,
          "bucket_hit": 0.3076923076923077,
          "rank_avg": 3.8461538461538463
        }
      },
      "consensus": {
        "n": 13,
        "mae": 0.5852656617829755,
        "bias": -0.2731115074572509,
        "hit_1c": 0.8461538461538461,
        "bucket_hit": 0.46153846153846156,
        "rank_avg": null
      },
      "days_measured": 13
    }
  },
  "global": {
    "models": {
      "MeteoFrance": {
        "n": 27,
        "mae": 0.8239519981071455,
        "bias": 0.2648775074917898,
        "hit_1c": 0.6296296296296297,
        "bucket_hit": 0.37037037037037035,
        "rank_avg": 3.1481481481481484
      },
      "ICON": {
        "n": 27,
        "mae": 0.6692126396215679,
        "bias": -0.051584649814665096,
        "hit_1c": 0.7777777777777778,
        "bucket_hit": 0.5555555555555556,
        "rank_avg": 2.814814814814815
      },
      "GFS": {
        "n": 27,
        "mae": 0.9006721841038472,
        "bias": -0.028548154764662412,
        "hit_1c": 0.7037037037037037,
        "bucket_hit": 0.37037037037037035,
        "rank_avg": 3.2222222222222223
      },
      "UKMO": {
        "n": 27,
        "mae": 0.6373396668444916,
        "bias": -0.1763415663534074,
        "hit_1c": 0.6666666666666666,
        "bucket_hit": 0.48148148148148145,
        "rank_avg": 2.2222222222222223
      },
      "ECMWF": {
        "n": 27,
        "mae": 0.9973739957705887,
        "bias": -0.33332807088227806,
        "hit_1c": 0.5555555555555556,
        "bucket_hit": 0.3333333333333333,
        "rank_avg": 3.5925925925925926
      }
    },
    "consensus": {
      "n": 27,
      "mae": 0.6971612910935,
      "bias": -0.06498498686464442,
      "hit_1c": 0.8148148148148148,
      "bucket_hit": 0.4444444444444444,
      "rank_avg": null
    },
    "days_measured": 27
  },
  "last_update": "2026-05-15T20:55:37.978258+03:00",
  "hit_window_c": 1.0
}