{
  "per_city": {
    "london": {
      "models": {
        "MeteoFrance": {
          "n": 10,
          "mae": 1.2273303959025461,
          "bias": -0.22797460994493832,
          "hit_1c": 0.4,
          "bucket_hit": 0.3,
          "rank_avg": 4.1
        },
        "ICON": {
          "n": 10,
          "mae": 0.5473377559858402,
          "bias": -0.324779735003111,
          "hit_1c": 0.9,
          "bucket_hit": 0.5,
          "rank_avg": 2.4
        },
        "GFS": {
          "n": 10,
          "mae": 0.96418949501981,
          "bias": -0.11560373141154016,
          "hit_1c": 0.4,
          "bucket_hit": 0.3,
          "rank_avg": 3.2
        },
        "UKMO": {
          "n": 10,
          "mae": 0.5297685432095992,
          "bias": -0.1408970287732995,
          "hit_1c": 0.7,
          "bucket_hit": 0.7,
          "rank_avg": 2.5
        },
        "ECMWF": {
          "n": 10,
          "mae": 0.7718271661092881,
          "bias": 0.2862346462689178,
          "hit_1c": 0.8,
          "bucket_hit": 0.5,
          "rank_avg": 2.8
        }
      },
      "consensus": {
        "n": 10,
        "mae": 0.6961648070912803,
        "bias": -0.10460409177279306,
        "hit_1c": 0.6,
        "bucket_hit": 0.5,
        "rank_avg": null
      },
      "days_measured": 10
    },
    "paris": {
      "models": {
        "MeteoFrance": {
          "n": 11,
          "mae": 0.7755243151219474,
          "bias": 0.6067643822910923,
          "hit_1c": 0.6363636363636364,
          "bucket_hit": 0.45454545454545453,
          "rank_avg": 3.727272727272727
        },
        "ICON": {
          "n": 11,
          "mae": 0.28298067905270924,
          "bias": 0.13549219058647452,
          "hit_1c": 1.0,
          "bucket_hit": 0.9090909090909091,
          "rank_avg": 1.6363636363636365
        },
        "GFS": {
          "n": 11,
          "mae": 0.7044389109210226,
          "bias": -0.6016312495119022,
          "hit_1c": 0.7272727272727273,
          "bucket_hit": 0.36363636363636365,
          "rank_avg": 3.727272727272727
        },
        "UKMO": {
          "n": 11,
          "mae": 0.46326048730177954,
          "bias": 0.20176691230994334,
          "hit_1c": 0.9090909090909091,
          "bucket_hit": 0.7272727272727273,
          "rank_avg": 2.4545454545454546
        },
        "ECMWF": {
          "n": 11,
          "mae": 0.80052141274663,
          "bias": -0.6256884775078034,
          "hit_1c": 0.6363636363636364,
          "bucket_hit": 0.36363636363636365,
          "rank_avg": 3.4545454545454546
        }
      },
      "consensus": {
        "n": 11,
        "mae": 0.2502958747590789,
        "bias": -0.056659248366438805,
        "hit_1c": 1.0,
        "bucket_hit": 0.8181818181818182,
        "rank_avg": null
      },
      "days_measured": 11
    }
  },
  "global": {
    "models": {
      "MeteoFrance": {
        "n": 21,
        "mae": 0.9906700678746134,
        "bias": 0.20926962408345867,
        "hit_1c": 0.5238095238095238,
        "bucket_hit": 0.38095238095238093,
        "rank_avg": 3.9047619047619047
      },
      "ICON": {
        "n": 21,
        "mae": 0.40886500140181925,
        "bias": -0.08368491683713764,
        "hit_1c": 0.9523809523809523,
        "bucket_hit": 0.7142857142857143,
        "rank_avg": 2.0
      },
      "GFS": {
        "n": 21,
        "mae": 0.8281296652537785,
        "bias": -0.3701895742260155,
        "hit_1c": 0.5714285714285714,
        "bucket_hit": 0.3333333333333333,
        "rank_avg": 3.4761904761904763
      },
      "UKMO": {
        "n": 21,
        "mae": 0.494930990115027,
        "bias": 0.03859360703220866,
        "hit_1c": 0.8095238095238095,
        "bucket_hit": 0.7142857142857143,
        "rank_avg": 2.4761904761904763
      },
      "ECMWF": {
        "n": 21,
        "mae": 0.7868574857764673,
        "bias": -0.19143937094745997,
        "hit_1c": 0.7142857142857143,
        "bucket_hit": 0.42857142857142855,
        "rank_avg": 3.142857142857143
      }
    },
    "consensus": {
      "n": 21,
      "mae": 0.46261441396488906,
      "bias": -0.07949012617898846,
      "hit_1c": 0.8095238095238095,
      "bucket_hit": 0.6666666666666666,
      "rank_avg": null
    },
    "days_measured": 21
  },
  "last_update": "2026-05-28T01:03:05.272684+03:00",
  "hit_window_c": 1.0
}