{
  "per_city": {
    "london": {
      "models": {
        "MeteoFrance": {
          "n": 10,
          "mae": 0.9880764466562362,
          "bias": -0.4672285591912484,
          "hit_1c": 0.5,
          "bucket_hit": 0.4,
          "rank_avg": 3.6
        },
        "ICON": {
          "n": 10,
          "mae": 0.5391914985386382,
          "bias": -0.4419819080157644,
          "hit_1c": 0.9,
          "bucket_hit": 0.5,
          "rank_avg": 2.9
        },
        "GFS": {
          "n": 10,
          "mae": 0.860790348670724,
          "bias": -0.34025573132806636,
          "hit_1c": 0.5,
          "bucket_hit": 0.3,
          "rank_avg": 3.2
        },
        "UKMO": {
          "n": 10,
          "mae": 0.41640164432939153,
          "bias": -0.3265389405077565,
          "hit_1c": 0.8,
          "bucket_hit": 0.8,
          "rank_avg": 2.2
        },
        "ECMWF": {
          "n": 10,
          "mae": 0.7044084057906173,
          "bias": 0.2473416244778793,
          "hit_1c": 0.9,
          "bucket_hit": 0.5,
          "rank_avg": 3.1
        }
      },
      "consensus": {
        "n": 10,
        "mae": 0.5799707841024029,
        "bias": -0.26573270291299045,
        "hit_1c": 0.7,
        "bucket_hit": 0.6,
        "rank_avg": null
      },
      "days_measured": 10
    },
    "paris": {
      "models": {
        "MeteoFrance": {
          "n": 10,
          "mae": 0.6103317306249917,
          "bias": 0.42469580451105104,
          "hit_1c": 0.7,
          "bucket_hit": 0.6,
          "rank_avg": 3.5
        },
        "ICON": {
          "n": 10,
          "mae": 0.22153517744922818,
          "bias": 0.06568755068033187,
          "hit_1c": 1.0,
          "bucket_hit": 1.0,
          "rank_avg": 1.8
        },
        "GFS": {
          "n": 10,
          "mae": 0.6526699994348766,
          "bias": -0.5395815718848441,
          "hit_1c": 0.7,
          "bucket_hit": 0.5,
          "rank_avg": 3.9
        },
        "UKMO": {
          "n": 10,
          "mae": 0.29877685800114284,
          "bias": 0.13431302213803686,
          "hit_1c": 1.0,
          "bucket_hit": 0.9,
          "rank_avg": 2.2
        },
        "ECMWF": {
          "n": 10,
          "mae": 0.7205071767650197,
          "bias": -0.5281909480023105,
          "hit_1c": 0.7,
          "bucket_hit": 0.3,
          "rank_avg": 3.6
        }
      },
      "consensus": {
        "n": 10,
        "mae": 0.19270910001823366,
        "bias": -0.08861522851154646,
        "hit_1c": 1.0,
        "bucket_hit": 0.9,
        "rank_avg": null
      },
      "days_measured": 10
    }
  },
  "global": {
    "models": {
      "MeteoFrance": {
        "n": 20,
        "mae": 0.7992040886406139,
        "bias": -0.021266377340098685,
        "hit_1c": 0.6,
        "bucket_hit": 0.5,
        "rank_avg": 3.55
      },
      "ICON": {
        "n": 20,
        "mae": 0.3803633379939332,
        "bias": -0.1881471786677163,
        "hit_1c": 0.95,
        "bucket_hit": 0.75,
        "rank_avg": 2.35
      },
      "GFS": {
        "n": 20,
        "mae": 0.7567301740528003,
        "bias": -0.4399186516064552,
        "hit_1c": 0.6,
        "bucket_hit": 0.4,
        "rank_avg": 3.55
      },
      "UKMO": {
        "n": 20,
        "mae": 0.3575892511652672,
        "bias": -0.09611295918485982,
        "hit_1c": 0.9,
        "bucket_hit": 0.85,
        "rank_avg": 2.2
      },
      "ECMWF": {
        "n": 20,
        "mae": 0.7124577912778185,
        "bias": -0.14042466176221557,
        "hit_1c": 0.8,
        "bucket_hit": 0.4,
        "rank_avg": 3.35
      }
    },
    "consensus": {
      "n": 20,
      "mae": 0.3863399420603183,
      "bias": -0.17717396571226846,
      "hit_1c": 0.85,
      "bucket_hit": 0.75,
      "rank_avg": null
    },
    "days_measured": 20
  },
  "last_update": "2026-05-25T18:05:33.517112+03:00",
  "hit_window_c": 1.0
}