{
  "per_city": {
    "london": {
      "models": {
        "MeteoFrance": {
          "n": 13,
          "mae": 0.9179091693204051,
          "bias": 0.5931668426920331,
          "hit_1c": 0.6153846153846154,
          "bucket_hit": 0.3076923076923077,
          "rank_avg": 3.4615384615384617
        },
        "ICON": {
          "n": 13,
          "mae": 0.8370075247282956,
          "bias": 0.3445857092150907,
          "hit_1c": 0.7692307692307693,
          "bucket_hit": 0.3076923076923077,
          "rank_avg": 3.3076923076923075
        },
        "GFS": {
          "n": 13,
          "mae": 0.837279801727241,
          "bias": 0.2766128458790097,
          "hit_1c": 0.8461538461538461,
          "bucket_hit": 0.38461538461538464,
          "rank_avg": 3.1538461538461537
        },
        "UKMO": {
          "n": 13,
          "mae": 0.6320890556320614,
          "bias": 0.3668529110343118,
          "hit_1c": 0.7692307692307693,
          "bucket_hit": 0.46153846153846156,
          "rank_avg": 2.0
        },
        "ECMWF": {
          "n": 13,
          "mae": 0.8312057221010145,
          "bias": 0.45467603961765507,
          "hit_1c": 0.6923076923076923,
          "bucket_hit": 0.38461538461538464,
          "rank_avg": 3.076923076923077
        }
      },
      "consensus": {
        "n": 13,
        "mae": 0.6958023770773551,
        "bias": 0.40717886968762057,
        "hit_1c": 0.8461538461538461,
        "bucket_hit": 0.5384615384615384,
        "rank_avg": null
      },
      "days_measured": 13
    },
    "paris": {
      "models": {
        "MeteoFrance": {
          "n": 14,
          "mae": 0.5295014438334188,
          "bias": 0.34304916295297844,
          "hit_1c": 0.8571428571428571,
          "bucket_hit": 0.6428571428571429,
          "rank_avg": 2.857142857142857
        },
        "ICON": {
          "n": 14,
          "mae": 0.39589038842024404,
          "bias": -0.161658696740076,
          "hit_1c": 0.9285714285714286,
          "bucket_hit": 0.7857142857142857,
          "rank_avg": 2.4285714285714284
        },
        "GFS": {
          "n": 14,
          "mae": 0.9912802217244321,
          "bias": -0.25312405152285883,
          "hit_1c": 0.5714285714285714,
          "bucket_hit": 0.35714285714285715,
          "rank_avg": 3.7857142857142856
        },
        "UKMO": {
          "n": 14,
          "mae": 0.3381977880197293,
          "bias": -0.20587470611998462,
          "hit_1c": 0.8571428571428571,
          "bucket_hit": 0.7857142857142857,
          "rank_avg": 2.142857142857143
        },
        "ECMWF": {
          "n": 14,
          "mae": 0.7335098124620751,
          "bias": -0.3892257360590987,
          "hit_1c": 0.7857142857142857,
          "bucket_hit": 0.5,
          "rank_avg": 3.7857142857142856
        }
      },
      "consensus": {
        "n": 14,
        "mae": 0.42322423451455216,
        "bias": -0.1333668054978079,
        "hit_1c": 0.9285714285714286,
        "bucket_hit": 0.5714285714285714,
        "rank_avg": null
      },
      "days_measured": 14
    }
  },
  "global": {
    "models": {
      "MeteoFrance": {
        "n": 27,
        "mae": 0.7165125709197454,
        "bias": 0.46347619393844924,
        "hit_1c": 0.7407407407407407,
        "bucket_hit": 0.48148148148148145,
        "rank_avg": 3.1481481481481484
      },
      "ICON": {
        "n": 27,
        "mae": 0.6082801207167134,
        "bias": 0.08208860983093019,
        "hit_1c": 0.8518518518518519,
        "bucket_hit": 0.5555555555555556,
        "rank_avg": 2.8518518518518516
      },
      "GFS": {
        "n": 27,
        "mae": 0.9171318713554142,
        "bias": 0.001934454633596411,
        "hit_1c": 0.7037037037037037,
        "bucket_hit": 0.37037037037037035,
        "rank_avg": 3.4814814814814814
      },
      "UKMO": {
        "n": 27,
        "mae": 0.4797009909441855,
        "bias": 0.06988303547282476,
        "hit_1c": 0.8148148148148148,
        "bucket_hit": 0.6296296296296297,
        "rank_avg": 2.074074074074074
      },
      "ECMWF": {
        "n": 27,
        "mae": 0.7805485837697127,
        "bias": 0.017097341118597557,
        "hit_1c": 0.7407407407407407,
        "bucket_hit": 0.4444444444444444,
        "rank_avg": 3.4444444444444446
      }
    },
    "consensus": {
      "n": 27,
      "mae": 0.554465562415161,
      "bias": 0.12689592699887986,
      "hit_1c": 0.8888888888888888,
      "bucket_hit": 0.5555555555555556,
      "rank_avg": null
    },
    "days_measured": 27
  },
  "last_update": "2026-05-13T01:25:32.156377+03:00",
  "hit_window_c": 1.0
}