{
  "per_city": {
    "london": {
      "models": {
        "MeteoFrance": {
          "n": 11,
          "mae": 0.5590620490620488,
          "bias": -0.23545454545454578,
          "hit_1c": 0.8181818181818182,
          "bucket_hit": 0.5454545454545454,
          "rank_avg": 2.909090909090909
        },
        "ICON": {
          "n": 11,
          "mae": 0.5312337662337665,
          "bias": -0.07136363636363686,
          "hit_1c": 0.9090909090909091,
          "bucket_hit": 0.45454545454545453,
          "rank_avg": 3.3636363636363638
        },
        "GFS": {
          "n": 11,
          "mae": 0.47361038961039,
          "bias": -0.22100000000000025,
          "hit_1c": 0.8181818181818182,
          "bucket_hit": 0.7272727272727273,
          "rank_avg": 2.6363636363636362
        },
        "UKMO": {
          "n": 11,
          "mae": 0.47487157287157183,
          "bias": 0.22018181818181792,
          "hit_1c": 0.9090909090909091,
          "bucket_hit": 0.7272727272727273,
          "rank_avg": 3.090909090909091
        },
        "ECMWF": {
          "n": 11,
          "mae": 0.47226118326118327,
          "bias": 0.4094545454545454,
          "hit_1c": 0.8181818181818182,
          "bucket_hit": 0.6363636363636364,
          "rank_avg": 3.0
        }
      },
      "consensus": {
        "n": 11,
        "mae": 0.4256017316017319,
        "bias": 0.020363636363635737,
        "hit_1c": 1.0,
        "bucket_hit": 0.6363636363636364,
        "rank_avg": null
      },
      "days_measured": 11
    },
    "paris": {
      "models": {
        "MeteoFrance": {
          "n": 11,
          "mae": 0.5795021645021642,
          "bias": 0.4786363636363635,
          "hit_1c": 0.9090909090909091,
          "bucket_hit": 0.5454545454545454,
          "rank_avg": 3.1818181818181817
        },
        "ICON": {
          "n": 11,
          "mae": 0.33417893217893196,
          "bias": -0.004818181818181732,
          "hit_1c": 1.0,
          "bucket_hit": 0.8181818181818182,
          "rank_avg": 2.272727272727273
        },
        "GFS": {
          "n": 11,
          "mae": 0.8808181818181819,
          "bias": -0.5940000000000001,
          "hit_1c": 0.5454545454545454,
          "bucket_hit": 0.2727272727272727,
          "rank_avg": 3.6363636363636362
        },
        "UKMO": {
          "n": 11,
          "mae": 0.46719047619047704,
          "bias": 9.090909090920201e-05,
          "hit_1c": 1.0,
          "bucket_hit": 0.5454545454545454,
          "rank_avg": 2.727272727272727
        },
        "ECMWF": {
          "n": 11,
          "mae": 0.6957792207792207,
          "bias": -0.3772727272727275,
          "hit_1c": 0.8181818181818182,
          "bucket_hit": 0.45454545454545453,
          "rank_avg": 3.1818181818181817
        }
      },
      "consensus": {
        "n": 11,
        "mae": 0.36871803751803706,
        "bias": -0.09947272727272702,
        "hit_1c": 1.0,
        "bucket_hit": 0.5454545454545454,
        "rank_avg": null
      },
      "days_measured": 11
    }
  },
  "global": {
    "models": {
      "MeteoFrance": {
        "n": 22,
        "mae": 0.5692821067821066,
        "bias": 0.12159090909090887,
        "hit_1c": 0.8636363636363636,
        "bucket_hit": 0.5454545454545454,
        "rank_avg": 3.0454545454545454
      },
      "ICON": {
        "n": 22,
        "mae": 0.43270634920634926,
        "bias": -0.03809090909090929,
        "hit_1c": 0.9545454545454546,
        "bucket_hit": 0.6363636363636364,
        "rank_avg": 2.8181818181818183
      },
      "GFS": {
        "n": 22,
        "mae": 0.677214285714286,
        "bias": -0.40750000000000014,
        "hit_1c": 0.6818181818181818,
        "bucket_hit": 0.5,
        "rank_avg": 3.1363636363636362
      },
      "UKMO": {
        "n": 22,
        "mae": 0.47103102453102447,
        "bias": 0.11013636363636356,
        "hit_1c": 0.9545454545454546,
        "bucket_hit": 0.6363636363636364,
        "rank_avg": 2.909090909090909
      },
      "ECMWF": {
        "n": 22,
        "mae": 0.584020202020202,
        "bias": 0.016090909090908975,
        "hit_1c": 0.8181818181818182,
        "bucket_hit": 0.5454545454545454,
        "rank_avg": 3.090909090909091
      }
    },
    "consensus": {
      "n": 22,
      "mae": 0.3971598845598845,
      "bias": -0.03955454545454564,
      "hit_1c": 1.0,
      "bucket_hit": 0.5909090909090909,
      "rank_avg": null
    },
    "days_measured": 22
  },
  "last_update": "2026-04-30T06:05:37.734181+03:00",
  "hit_window_c": 1.0
}