{
  "per_city": {
    "london": {
      "models": {
        "MeteoFrance": {
          "n": 11,
          "mae": 0.5851993217893213,
          "bias": -0.26159181818181826,
          "hit_1c": 0.8181818181818182,
          "bucket_hit": 0.45454545454545453,
          "rank_avg": 3.1818181818181817
        },
        "ICON": {
          "n": 11,
          "mae": 0.571194220779221,
          "bias": -0.09666045454545466,
          "hit_1c": 0.9090909090909091,
          "bucket_hit": 0.45454545454545453,
          "rank_avg": 3.3636363636363638
        },
        "GFS": {
          "n": 11,
          "mae": 0.47466484415584403,
          "bias": -0.1814908181818182,
          "hit_1c": 0.9090909090909091,
          "bucket_hit": 0.6363636363636364,
          "rank_avg": 2.5454545454545454
        },
        "UKMO": {
          "n": 11,
          "mae": 0.4605295728715722,
          "bias": 0.2563489090909087,
          "hit_1c": 0.9090909090909091,
          "bucket_hit": 0.7272727272727273,
          "rank_avg": 2.909090909090909
        },
        "ECMWF": {
          "n": 11,
          "mae": 0.5341870014430011,
          "bias": 0.24018327272727288,
          "hit_1c": 0.8181818181818182,
          "bucket_hit": 0.5454545454545454,
          "rank_avg": 3.0
        }
      },
      "consensus": {
        "n": 11,
        "mae": 0.42551664069264045,
        "bias": -0.008642181818182205,
        "hit_1c": 1.0,
        "bucket_hit": 0.7272727272727273,
        "rank_avg": null
      },
      "days_measured": 11
    },
    "paris": {
      "models": {
        "MeteoFrance": {
          "n": 11,
          "mae": 0.4579308008658009,
          "bias": 0.2921440909090914,
          "hit_1c": 0.9090909090909091,
          "bucket_hit": 0.7272727272727273,
          "rank_avg": 2.727272727272727
        },
        "ICON": {
          "n": 11,
          "mae": 0.3134173867243865,
          "bias": -0.02993063636363596,
          "hit_1c": 1.0,
          "bucket_hit": 0.8181818181818182,
          "rank_avg": 2.3636363636363638
        },
        "GFS": {
          "n": 11,
          "mae": 0.9887714545454546,
          "bias": -0.7019532727272726,
          "hit_1c": 0.45454545454545453,
          "bucket_hit": 0.2727272727272727,
          "rank_avg": 3.909090909090909
        },
        "UKMO": {
          "n": 11,
          "mae": 0.40824765800865914,
          "bias": 0.11749354545454564,
          "hit_1c": 1.0,
          "bucket_hit": 0.5454545454545454,
          "rank_avg": 2.8181818181818183
        },
        "ECMWF": {
          "n": 11,
          "mae": 0.5493383116883114,
          "bias": -0.2308318181818181,
          "hit_1c": 0.9090909090909091,
          "bucket_hit": 0.7272727272727273,
          "rank_avg": 3.1818181818181817
        }
      },
      "consensus": {
        "n": 11,
        "mae": 0.37986092842712826,
        "bias": -0.11061561818181818,
        "hit_1c": 1.0,
        "bucket_hit": 0.45454545454545453,
        "rank_avg": null
      },
      "days_measured": 11
    }
  },
  "global": {
    "models": {
      "MeteoFrance": {
        "n": 22,
        "mae": 0.5215650613275611,
        "bias": 0.015276136363636571,
        "hit_1c": 0.8636363636363636,
        "bucket_hit": 0.5909090909090909,
        "rank_avg": 2.9545454545454546
      },
      "ICON": {
        "n": 22,
        "mae": 0.4423058037518038,
        "bias": -0.06329554545454531,
        "hit_1c": 0.9545454545454546,
        "bucket_hit": 0.6363636363636364,
        "rank_avg": 2.8636363636363638
      },
      "GFS": {
        "n": 22,
        "mae": 0.7317181493506493,
        "bias": -0.4417220454545454,
        "hit_1c": 0.6818181818181818,
        "bucket_hit": 0.45454545454545453,
        "rank_avg": 3.227272727272727
      },
      "UKMO": {
        "n": 22,
        "mae": 0.43438861544011564,
        "bias": 0.18692122727272717,
        "hit_1c": 0.9545454545454546,
        "bucket_hit": 0.6363636363636364,
        "rank_avg": 2.8636363636363638
      },
      "ECMWF": {
        "n": 22,
        "mae": 0.5417626565656563,
        "bias": 0.004675727272727379,
        "hit_1c": 0.8636363636363636,
        "bucket_hit": 0.6363636363636364,
        "rank_avg": 3.090909090909091
      }
    },
    "consensus": {
      "n": 22,
      "mae": 0.4026887845598843,
      "bias": -0.0596289000000002,
      "hit_1c": 1.0,
      "bucket_hit": 0.5909090909090909,
      "rank_avg": null
    },
    "days_measured": 22
  },
  "last_update": "2026-05-03T11:25:37.846359+03:00",
  "hit_window_c": 1.0
}