{
  "per_city": {
    "london": {
      "models": {
        "MeteoFrance": {
          "n": 12,
          "mae": 0.6756056894267118,
          "bias": 0.30954339986442186,
          "hit_1c": 0.75,
          "bucket_hit": 0.4166666666666667,
          "rank_avg": 3.4166666666666665
        },
        "ICON": {
          "n": 12,
          "mae": 0.6451037280691096,
          "bias": 0.21001682343683883,
          "hit_1c": 0.9166666666666666,
          "bucket_hit": 0.5,
          "rank_avg": 3.5
        },
        "GFS": {
          "n": 12,
          "mae": 0.6075073374624621,
          "bias": 0.13282766590328018,
          "hit_1c": 0.9166666666666666,
          "bucket_hit": 0.5833333333333334,
          "rank_avg": 3.0833333333333335
        },
        "UKMO": {
          "n": 12,
          "mae": 0.4949978032984476,
          "bias": 0.1799366998161028,
          "hit_1c": 0.9166666666666666,
          "bucket_hit": 0.5833333333333334,
          "rank_avg": 2.4166666666666665
        },
        "ECMWF": {
          "n": 12,
          "mae": 0.5353929667509597,
          "bias": 0.1203098848013946,
          "hit_1c": 0.8333333333333334,
          "bucket_hit": 0.5,
          "rank_avg": 2.5833333333333335
        }
      },
      "consensus": {
        "n": 12,
        "mae": 0.4821469660956173,
        "bias": 0.19052689476440796,
        "hit_1c": 0.9166666666666666,
        "bucket_hit": 0.6666666666666666,
        "rank_avg": null
      },
      "days_measured": 12
    },
    "paris": {
      "models": {
        "MeteoFrance": {
          "n": 11,
          "mae": 0.4982783146443493,
          "bias": 0.29434947657442073,
          "hit_1c": 0.9090909090909091,
          "bucket_hit": 0.6363636363636364,
          "rank_avg": 2.8181818181818183
        },
        "ICON": {
          "n": 11,
          "mae": 0.3132110332153529,
          "bias": -0.08195216140027141,
          "hit_1c": 1.0,
          "bucket_hit": 0.9090909090909091,
          "rank_avg": 2.272727272727273
        },
        "GFS": {
          "n": 11,
          "mae": 1.0533745701233626,
          "bias": -0.04888577377160272,
          "hit_1c": 0.45454545454545453,
          "bucket_hit": 0.36363636363636365,
          "rank_avg": 4.090909090909091
        },
        "UKMO": {
          "n": 11,
          "mae": 0.4117740746564755,
          "bias": -0.12289196513837165,
          "hit_1c": 0.8181818181818182,
          "bucket_hit": 0.7272727272727273,
          "rank_avg": 2.4545454545454546
        },
        "ECMWF": {
          "n": 11,
          "mae": 0.4687248642532993,
          "bias": -0.3133908396275599,
          "hit_1c": 0.9090909090909091,
          "bucket_hit": 0.7272727272727273,
          "rank_avg": 3.3636363636363638
        }
      },
      "consensus": {
        "n": 11,
        "mae": 0.3523462574800453,
        "bias": -0.05455425267267732,
        "hit_1c": 0.9090909090909091,
        "bucket_hit": 0.6363636363636364,
        "rank_avg": null
      },
      "days_measured": 11
    }
  },
  "global": {
    "models": {
      "MeteoFrance": {
        "n": 23,
        "mae": 0.590796944965582,
        "bias": 0.3022767408996387,
        "hit_1c": 0.8260869565217391,
        "bucket_hit": 0.5217391304347826,
        "rank_avg": 3.130434782608696
      },
      "ICON": {
        "n": 23,
        "mae": 0.4863724392260086,
        "bias": 0.07037948286256872,
        "hit_1c": 0.9565217391304348,
        "bucket_hit": 0.6956521739130435,
        "rank_avg": 2.9130434782608696
      },
      "GFS": {
        "n": 23,
        "mae": 0.8207481878655014,
        "bias": 0.04592123823268401,
        "hit_1c": 0.6956521739130435,
        "bucket_hit": 0.4782608695652174,
        "rank_avg": 3.5652173913043477
      },
      "UKMO": {
        "n": 23,
        "mae": 0.45519515046967834,
        "bias": 0.035105599185701976,
        "hit_1c": 0.8695652173913043,
        "bucket_hit": 0.6521739130434783,
        "rank_avg": 2.4347826086956523
      },
      "ECMWF": {
        "n": 23,
        "mae": 0.5035082220781656,
        "bias": -0.08711220079506192,
        "hit_1c": 0.8695652173913043,
        "bucket_hit": 0.6086956521739131,
        "rank_avg": 2.9565217391304346
      }
    },
    "consensus": {
      "n": 23,
      "mae": 0.4200683663229524,
      "bias": 0.0733141720771063,
      "hit_1c": 0.9130434782608695,
      "bucket_hit": 0.6521739130434783,
      "rank_avg": null
    },
    "days_measured": 23
  },
  "last_update": "2026-05-09T19:42:53.464891+03:00",
  "hit_window_c": 1.0
}