{
  "per_city": {
    "london": {
      "models": {
        "MeteoFrance": {
          "n": 13,
          "mae": 1.1269000907039348,
          "bias": -0.22151720584955867,
          "hit_1c": 0.38461538461538464,
          "bucket_hit": 0.3076923076923077,
          "rank_avg": 3.5384615384615383
        },
        "ICON": {
          "n": 13,
          "mae": 0.8032623525646072,
          "bias": -0.13734658968619953,
          "hit_1c": 0.6923076923076923,
          "bucket_hit": 0.38461538461538464,
          "rank_avg": 3.0
        },
        "GFS": {
          "n": 13,
          "mae": 0.8880161207887245,
          "bias": -0.20144165885495285,
          "hit_1c": 0.6923076923076923,
          "bucket_hit": 0.23076923076923078,
          "rank_avg": 3.0
        },
        "UKMO": {
          "n": 13,
          "mae": 0.804009026048971,
          "bias": -0.2682640868834723,
          "hit_1c": 0.5384615384615384,
          "bucket_hit": 0.38461538461538464,
          "rank_avg": 2.1538461538461537
        },
        "ECMWF": {
          "n": 13,
          "mae": 1.0483926067131537,
          "bias": -0.0672798063354146,
          "hit_1c": 0.6153846153846154,
          "bucket_hit": 0.23076923076923078,
          "rank_avg": 3.3076923076923075
        }
      },
      "consensus": {
        "n": 13,
        "mae": 0.8347838185300056,
        "bias": -0.179169869521919,
        "hit_1c": 0.6923076923076923,
        "bucket_hit": 0.38461538461538464,
        "rank_avg": null
      },
      "days_measured": 13
    },
    "paris": {
      "models": {
        "MeteoFrance": {
          "n": 13,
          "mae": 0.5906563101838049,
          "bias": 0.1554262165148154,
          "hit_1c": 0.7692307692307693,
          "bucket_hit": 0.5384615384615384,
          "rank_avg": 3.1538461538461537
        },
        "ICON": {
          "n": 13,
          "mae": 0.4389836420962976,
          "bias": -0.2508961581928979,
          "hit_1c": 0.8461538461538461,
          "bucket_hit": 0.7692307692307693,
          "rank_avg": 2.3846153846153846
        },
        "GFS": {
          "n": 13,
          "mae": 0.6188281917156628,
          "bias": -0.438489037899758,
          "hit_1c": 0.7692307692307693,
          "bucket_hit": 0.6153846153846154,
          "rank_avg": 3.3076923076923075
        },
        "UKMO": {
          "n": 13,
          "mae": 0.39941966455519495,
          "bias": -0.31927223157453055,
          "hit_1c": 0.8461538461538461,
          "bucket_hit": 0.7692307692307693,
          "rank_avg": 2.3846153846153846
        },
        "ECMWF": {
          "n": 13,
          "mae": 0.934021892175156,
          "bias": -0.5321940816254634,
          "hit_1c": 0.6153846153846154,
          "bucket_hit": 0.3076923076923077,
          "rank_avg": 3.769230769230769
        }
      },
      "consensus": {
        "n": 13,
        "mae": 0.48656125372549563,
        "bias": -0.27708505855556653,
        "hit_1c": 0.9230769230769231,
        "bucket_hit": 0.6153846153846154,
        "rank_avg": null
      },
      "days_measured": 13
    }
  },
  "global": {
    "models": {
      "MeteoFrance": {
        "n": 26,
        "mae": 0.8587782004438698,
        "bias": -0.03304549466737164,
        "hit_1c": 0.5769230769230769,
        "bucket_hit": 0.4230769230769231,
        "rank_avg": 3.3461538461538463
      },
      "ICON": {
        "n": 26,
        "mae": 0.6211229973304524,
        "bias": -0.1941213739395487,
        "hit_1c": 0.7692307692307693,
        "bucket_hit": 0.5769230769230769,
        "rank_avg": 2.6923076923076925
      },
      "GFS": {
        "n": 26,
        "mae": 0.7534221562521937,
        "bias": -0.31996534837735546,
        "hit_1c": 0.7307692307692307,
        "bucket_hit": 0.4230769230769231,
        "rank_avg": 3.1538461538461537
      },
      "UKMO": {
        "n": 26,
        "mae": 0.601714345302083,
        "bias": -0.29376815922900146,
        "hit_1c": 0.6923076923076923,
        "bucket_hit": 0.5769230769230769,
        "rank_avg": 2.269230769230769
      },
      "ECMWF": {
        "n": 26,
        "mae": 0.9912072494441551,
        "bias": -0.299736943980439,
        "hit_1c": 0.6153846153846154,
        "bucket_hit": 0.2692307692307692,
        "rank_avg": 3.5384615384615383
      }
    },
    "consensus": {
      "n": 26,
      "mae": 0.6606725361277506,
      "bias": -0.22812746403874276,
      "hit_1c": 0.8076923076923077,
      "bucket_hit": 0.5,
      "rank_avg": null
    },
    "days_measured": 26
  },
  "last_update": "2026-05-20T09:42:24.090989+03:00",
  "hit_window_c": 1.0
}