{
  "per_city": {
    "london": {
      "models": {
        "MeteoFrance": {
          "n": 11,
          "mae": 0.6253015922295346,
          "bias": 0.2203332070793306,
          "hit_1c": 0.7272727272727273,
          "bucket_hit": 0.45454545454545453,
          "rank_avg": 2.909090909090909
        },
        "ICON": {
          "n": 11,
          "mae": 0.6764758218558985,
          "bias": 0.15778728477314663,
          "hit_1c": 0.9090909090909091,
          "bucket_hit": 0.45454545454545453,
          "rank_avg": 3.4545454545454546
        },
        "GFS": {
          "n": 11,
          "mae": 0.5865633374343706,
          "bias": 0.08991934232013434,
          "hit_1c": 0.9090909090909091,
          "bucket_hit": 0.6363636363636364,
          "rank_avg": 2.8181818181818183
        },
        "UKMO": {
          "n": 11,
          "mae": 0.5980708098006612,
          "bias": 0.26512046908536196,
          "hit_1c": 0.8181818181818182,
          "bucket_hit": 0.5454545454545454,
          "rank_avg": 3.0
        },
        "ECMWF": {
          "n": 11,
          "mae": 0.60418862570695,
          "bias": 0.2590054289221006,
          "hit_1c": 0.7272727272727273,
          "bucket_hit": 0.5454545454545454,
          "rank_avg": 2.8181818181818183
        }
      },
      "consensus": {
        "n": 11,
        "mae": 0.5114448454807711,
        "bias": 0.19843314643601478,
        "hit_1c": 0.9090909090909091,
        "bucket_hit": 0.6363636363636364,
        "rank_avg": null
      },
      "days_measured": 11
    },
    "paris": {
      "models": {
        "MeteoFrance": {
          "n": 12,
          "mae": 0.43701461822011806,
          "bias": 0.16039731030681117,
          "hit_1c": 0.9166666666666666,
          "bucket_hit": 0.75,
          "rank_avg": 2.4166666666666665
        },
        "ICON": {
          "n": 12,
          "mae": 0.40870443055124744,
          "bias": -0.14513785833197046,
          "hit_1c": 1.0,
          "bucket_hit": 0.75,
          "rank_avg": 2.5833333333333335
        },
        "GFS": {
          "n": 12,
          "mae": 1.111760225539322,
          "bias": -0.13931622074166952,
          "hit_1c": 0.4166666666666667,
          "bucket_hit": 0.25,
          "rank_avg": 4.166666666666667
        },
        "UKMO": {
          "n": 12,
          "mae": 0.4997571447401124,
          "bias": -0.14566283006280253,
          "hit_1c": 0.8333333333333334,
          "bucket_hit": 0.5,
          "rank_avg": 2.5833333333333335
        },
        "ECMWF": {
          "n": 12,
          "mae": 0.5293061836224017,
          "bias": -0.236619042001188,
          "hit_1c": 0.9166666666666666,
          "bucket_hit": 0.6666666666666666,
          "rank_avg": 3.25
        }
      },
      "consensus": {
        "n": 12,
        "mae": 0.45264371830981026,
        "bias": -0.1012677281661641,
        "hit_1c": 0.9166666666666666,
        "bucket_hit": 0.4166666666666667,
        "rank_avg": null
      },
      "days_measured": 12
    }
  },
  "global": {
    "models": {
      "MeteoFrance": {
        "n": 23,
        "mae": 0.5270649101376651,
        "bias": 0.18906230441540742,
        "hit_1c": 0.8260869565217391,
        "bucket_hit": 0.6086956521739131,
        "rank_avg": 2.652173913043478
      },
      "ICON": {
        "n": 23,
        "mae": 0.536769009001298,
        "bias": -0.0002606159773492477,
        "hit_1c": 0.9565217391304348,
        "bucket_hit": 0.6086956521739131,
        "rank_avg": 3.0
      },
      "GFS": {
        "n": 23,
        "mae": 0.8605791051413015,
        "bias": -0.029681821016458984,
        "hit_1c": 0.6521739130434783,
        "bucket_hit": 0.43478260869565216,
        "rank_avg": 3.5217391304347827
      },
      "UKMO": {
        "n": 23,
        "mae": 0.5467767236821139,
        "bias": 0.05079874779066745,
        "hit_1c": 0.8260869565217391,
        "bucket_hit": 0.5217391304347826,
        "rank_avg": 2.782608695652174
      },
      "ECMWF": {
        "n": 23,
        "mae": 0.5651195254889247,
        "bias": 0.00041874844038479887,
        "hit_1c": 0.8260869565217391,
        "bucket_hit": 0.6086956521739131,
        "rank_avg": 3.0434782608695654
      }
    },
    "consensus": {
      "n": 23,
      "mae": 0.4807659965220089,
      "bias": 0.04206747273053015,
      "hit_1c": 0.9130434782608695,
      "bucket_hit": 0.5217391304347826,
      "rank_avg": null
    },
    "days_measured": 23
  },
  "last_update": "2026-05-07T01:07:50.240687+03:00",
  "hit_window_c": 1.0
}