{
  "per_city": {
    "london": {
      "models": {
        "MeteoFrance": {
          "n": 11,
          "mae": 1.0093699803309653,
          "bias": 0.40252724838458903,
          "hit_1c": 0.6363636363636364,
          "bucket_hit": 0.45454545454545453,
          "rank_avg": 3.5454545454545454
        },
        "ICON": {
          "n": 11,
          "mae": 0.5082155578444394,
          "bias": -0.17114120931161025,
          "hit_1c": 0.9090909090909091,
          "bucket_hit": 0.45454545454545453,
          "rank_avg": 2.5454545454545454
        },
        "GFS": {
          "n": 11,
          "mae": 0.987580493036832,
          "bias": 0.015296149717002227,
          "hit_1c": 0.45454545454545453,
          "bucket_hit": 0.45454545454545453,
          "rank_avg": 3.272727272727273
        },
        "UKMO": {
          "n": 11,
          "mae": 0.30081078366278874,
          "bias": 0.16780813123562927,
          "hit_1c": 0.9090909090909091,
          "bucket_hit": 0.8181818181818182,
          "rank_avg": 2.090909090909091
        },
        "ECMWF": {
          "n": 11,
          "mae": 0.8882796905481972,
          "bias": 0.5118318462672459,
          "hit_1c": 0.6363636363636364,
          "bucket_hit": 0.45454545454545453,
          "rank_avg": 3.5454545454545454
        }
      },
      "consensus": {
        "n": 11,
        "mae": 0.6050461840148377,
        "bias": 0.18526443325857175,
        "hit_1c": 0.7272727272727273,
        "bucket_hit": 0.5454545454545454,
        "rank_avg": null
      },
      "days_measured": 11
    },
    "paris": {
      "models": {
        "MeteoFrance": {
          "n": 11,
          "mae": 0.8517152692133924,
          "bias": 0.8326772626188776,
          "hit_1c": 0.6363636363636364,
          "bucket_hit": 0.2727272727272727,
          "rank_avg": 3.727272727272727
        },
        "ICON": {
          "n": 11,
          "mae": 0.3075164301911661,
          "bias": 0.11062146164150732,
          "hit_1c": 1.0,
          "bucket_hit": 0.9090909090909091,
          "rank_avg": 1.7272727272727273
        },
        "GFS": {
          "n": 11,
          "mae": 0.7456893618143545,
          "bias": -0.4500913001869539,
          "hit_1c": 0.8181818181818182,
          "bucket_hit": 0.2727272727272727,
          "rank_avg": 3.6363636363636362
        },
        "UKMO": {
          "n": 11,
          "mae": 0.559444973873335,
          "bias": 0.43526814392895635,
          "hit_1c": 0.8181818181818182,
          "bucket_hit": 0.6363636363636364,
          "rank_avg": 2.5454545454545454
        },
        "ECMWF": {
          "n": 11,
          "mae": 0.7566034975231148,
          "bias": -0.6313818620704145,
          "hit_1c": 0.7272727272727273,
          "bucket_hit": 0.45454545454545453,
          "rank_avg": 3.3636363636363638
        }
      },
      "consensus": {
        "n": 11,
        "mae": 0.3105462929526956,
        "bias": 0.05941874118639522,
        "hit_1c": 1.0,
        "bucket_hit": 0.7272727272727273,
        "rank_avg": null
      },
      "days_measured": 11
    }
  },
  "global": {
    "models": {
      "MeteoFrance": {
        "n": 22,
        "mae": 0.9305426247721788,
        "bias": 0.6176022555017333,
        "hit_1c": 0.6363636363636364,
        "bucket_hit": 0.36363636363636365,
        "rank_avg": 3.6363636363636362
      },
      "ICON": {
        "n": 22,
        "mae": 0.40786599401780277,
        "bias": -0.030259873835051465,
        "hit_1c": 0.9545454545454546,
        "bucket_hit": 0.6818181818181818,
        "rank_avg": 2.1363636363636362
      },
      "GFS": {
        "n": 22,
        "mae": 0.8666349274255932,
        "bias": -0.21739757523497583,
        "hit_1c": 0.6363636363636364,
        "bucket_hit": 0.36363636363636365,
        "rank_avg": 3.4545454545454546
      },
      "UKMO": {
        "n": 22,
        "mae": 0.4301278787680619,
        "bias": 0.3015381375822928,
        "hit_1c": 0.8636363636363636,
        "bucket_hit": 0.7272727272727273,
        "rank_avg": 2.3181818181818183
      },
      "ECMWF": {
        "n": 22,
        "mae": 0.8224415940356561,
        "bias": -0.059775007901584326,
        "hit_1c": 0.6818181818181818,
        "bucket_hit": 0.45454545454545453,
        "rank_avg": 3.4545454545454546
      }
    },
    "consensus": {
      "n": 22,
      "mae": 0.45779623848376666,
      "bias": 0.12234158722248348,
      "hit_1c": 0.8636363636363636,
      "bucket_hit": 0.6363636363636364,
      "rank_avg": null
    },
    "days_measured": 22
  },
  "last_update": "2026-05-31T17:17:32.404767+03:00",
  "hit_window_c": 1.0
}