{
  "per_city": {
    "london": {
      "models": {
        "MeteoFrance": {
          "n": 12,
          "mae": 1.0421330860021005,
          "bias": 0.2521060403204907,
          "hit_1c": 0.5833333333333334,
          "bucket_hit": 0.4166666666666667,
          "rank_avg": 3.6666666666666665
        },
        "ICON": {
          "n": 12,
          "mae": 0.5516024939147686,
          "bias": -0.24261767442634183,
          "hit_1c": 0.8333333333333334,
          "bucket_hit": 0.4166666666666667,
          "rank_avg": 2.5
        },
        "GFS": {
          "n": 12,
          "mae": 0.9398901310935127,
          "bias": -0.020586541902498052,
          "hit_1c": 0.5,
          "bucket_hit": 0.5,
          "rank_avg": 3.0833333333333335
        },
        "UKMO": {
          "n": 12,
          "mae": 0.36472722929385853,
          "bias": 0.06484010936302465,
          "hit_1c": 0.8333333333333334,
          "bucket_hit": 0.75,
          "rank_avg": 2.1666666666666665
        },
        "ECMWF": {
          "n": 12,
          "mae": 0.9152423701914513,
          "bias": 0.368193205222705,
          "hit_1c": 0.5833333333333334,
          "bucket_hit": 0.4166666666666667,
          "rank_avg": 3.5833333333333335
        }
      },
      "consensus": {
        "n": 12,
        "mae": 0.6400643714518152,
        "bias": 0.08438702771547686,
        "hit_1c": 0.6666666666666666,
        "bucket_hit": 0.5,
        "rank_avg": null
      },
      "days_measured": 12
    },
    "paris": {
      "models": {
        "MeteoFrance": {
          "n": 11,
          "mae": 0.9328577466622586,
          "bias": 0.6896966014097665,
          "hit_1c": 0.5454545454545454,
          "bucket_hit": 0.18181818181818182,
          "rank_avg": 3.727272727272727
        },
        "ICON": {
          "n": 11,
          "mae": 0.3325741041719868,
          "bias": 0.08556378766068659,
          "hit_1c": 1.0,
          "bucket_hit": 0.8181818181818182,
          "rank_avg": 1.7272727272727273
        },
        "GFS": {
          "n": 11,
          "mae": 0.8817180639106955,
          "bias": -0.586120002283295,
          "hit_1c": 0.7272727272727273,
          "bucket_hit": 0.2727272727272727,
          "rank_avg": 3.727272727272727
        },
        "UKMO": {
          "n": 11,
          "mae": 0.6073511512455899,
          "bias": 0.48317432130121124,
          "hit_1c": 0.8181818181818182,
          "bucket_hit": 0.5454545454545454,
          "rank_avg": 2.5454545454545454
        },
        "ECMWF": {
          "n": 11,
          "mae": 0.8670625131352878,
          "bias": -0.7418408776825874,
          "hit_1c": 0.6363636363636364,
          "bucket_hit": 0.45454545454545453,
          "rank_avg": 3.272727272727273
        }
      },
      "consensus": {
        "n": 11,
        "mae": 0.4257827816319665,
        "bias": -0.055817747492875665,
        "hit_1c": 0.9090909090909091,
        "bucket_hit": 0.6363636363636364,
        "rank_avg": null
      },
      "days_measured": 11
    }
  },
  "global": {
    "models": {
      "MeteoFrance": {
        "n": 23,
        "mae": 0.9898709671873935,
        "bias": 0.4613884825805792,
        "hit_1c": 0.5652173913043478,
        "bucket_hit": 0.30434782608695654,
        "rank_avg": 3.6956521739130435
      },
      "ICON": {
        "n": 23,
        "mae": 0.4468497857769164,
        "bias": -0.0856613229934152,
        "hit_1c": 0.9130434782608695,
        "bucket_hit": 0.6086956521739131,
        "rank_avg": 2.130434782608696
      },
      "GFS": {
        "n": 23,
        "mae": 0.9120687076582523,
        "bias": -0.2910590664324444,
        "hit_1c": 0.6086956521739131,
        "bucket_hit": 0.391304347826087,
        "rank_avg": 3.391304347826087
      },
      "UKMO": {
        "n": 23,
        "mae": 0.48076475718381706,
        "bias": 0.2649129933334617,
        "hit_1c": 0.8260869565217391,
        "bucket_hit": 0.6521739130434783,
        "rank_avg": 2.347826086956522
      },
      "ECMWF": {
        "n": 23,
        "mae": 0.8921998298602426,
        "bias": -0.1626926605146088,
        "hit_1c": 0.6086956521739131,
        "bucket_hit": 0.43478260869565216,
        "rank_avg": 3.4347826086956523
      }
    },
    "consensus": {
      "n": 23,
      "mae": 0.5375818719727571,
      "bias": 0.01733257000713435,
      "hit_1c": 0.782608695652174,
      "bucket_hit": 0.5652173913043478,
      "rank_avg": null
    },
    "days_measured": 23
  },
  "last_update": "2026-06-01T02:42:59.118676+03:00",
  "hit_window_c": 1.0
}