{
  "per_city": {
    "london": {
      "models": {
        "MeteoFrance": {
          "n": 13,
          "mae": 1.0125711661085761,
          "bias": 0.44868457321230165,
          "hit_1c": 0.46153846153846156,
          "bucket_hit": 0.3076923076923077,
          "rank_avg": 3.3846153846153846
        },
        "ICON": {
          "n": 13,
          "mae": 0.7777471564866949,
          "bias": 0.29135692753031084,
          "hit_1c": 0.6923076923076923,
          "bucket_hit": 0.46153846153846156,
          "rank_avg": 3.1538461538461537
        },
        "GFS": {
          "n": 13,
          "mae": 0.8781663598575419,
          "bias": 0.13823074855291723,
          "hit_1c": 0.7692307692307693,
          "bucket_hit": 0.38461538461538464,
          "rank_avg": 2.8461538461538463
        },
        "UKMO": {
          "n": 13,
          "mae": 0.7187296575698535,
          "bias": 0.11056477642838562,
          "hit_1c": 0.6153846153846154,
          "bucket_hit": 0.38461538461538464,
          "rank_avg": 2.0
        },
        "ECMWF": {
          "n": 13,
          "mae": 1.089279418107282,
          "bias": 0.0806312195989717,
          "hit_1c": 0.46153846153846156,
          "bucket_hit": 0.23076923076923078,
          "rank_avg": 3.6153846153846154
        }
      },
      "consensus": {
        "n": 13,
        "mae": 0.8160412669122457,
        "bias": 0.21389364906457756,
        "hit_1c": 0.7692307692307693,
        "bucket_hit": 0.46153846153846156,
        "rank_avg": null
      },
      "days_measured": 13
    },
    "paris": {
      "models": {
        "MeteoFrance": {
          "n": 13,
          "mae": 0.6338062921843917,
          "bias": 0.2285472647117109,
          "hit_1c": 0.7692307692307693,
          "bucket_hit": 0.46153846153846156,
          "rank_avg": 2.8461538461538463
        },
        "ICON": {
          "n": 13,
          "mae": 0.5507434141807482,
          "bias": -0.3164939000636443,
          "hit_1c": 0.8461538461538461,
          "bucket_hit": 0.6923076923076923,
          "rank_avg": 2.6923076923076925
        },
        "GFS": {
          "n": 13,
          "mae": 0.8894991758389887,
          "bias": -0.09456176177575606,
          "hit_1c": 0.6153846153846154,
          "bucket_hit": 0.46153846153846156,
          "rank_avg": 3.3846153846153846
        },
        "UKMO": {
          "n": 13,
          "mae": 0.5362233791431958,
          "bias": -0.4481692909434712,
          "hit_1c": 0.6923076923076923,
          "bucket_hit": 0.6153846153846154,
          "rank_avg": 2.3076923076923075
        },
        "ECMWF": {
          "n": 13,
          "mae": 0.979111491564114,
          "bias": -0.6621901785147545,
          "hit_1c": 0.6153846153846154,
          "bucket_hit": 0.3076923076923077,
          "rank_avg": 3.769230769230769
        }
      },
      "consensus": {
        "n": 13,
        "mae": 0.5707277276429072,
        "bias": -0.2585735733171826,
        "hit_1c": 0.8461538461538461,
        "bucket_hit": 0.46153846153846156,
        "rank_avg": null
      },
      "days_measured": 13
    }
  },
  "global": {
    "models": {
      "MeteoFrance": {
        "n": 26,
        "mae": 0.8231887291464838,
        "bias": 0.33861591896200627,
        "hit_1c": 0.6153846153846154,
        "bucket_hit": 0.38461538461538464,
        "rank_avg": 3.1153846153846154
      },
      "ICON": {
        "n": 26,
        "mae": 0.6642452853337217,
        "bias": -0.012568486266666708,
        "hit_1c": 0.7692307692307693,
        "bucket_hit": 0.5769230769230769,
        "rank_avg": 2.923076923076923
      },
      "GFS": {
        "n": 26,
        "mae": 0.8838327678482655,
        "bias": 0.021834493388580584,
        "hit_1c": 0.6923076923076923,
        "bucket_hit": 0.4230769230769231,
        "rank_avg": 3.1153846153846154
      },
      "UKMO": {
        "n": 26,
        "mae": 0.6274765183565247,
        "bias": -0.16880225725754278,
        "hit_1c": 0.6538461538461539,
        "bucket_hit": 0.5,
        "rank_avg": 2.1538461538461537
      },
      "ECMWF": {
        "n": 26,
        "mae": 1.034195454835698,
        "bias": -0.2907794794578914,
        "hit_1c": 0.5384615384615384,
        "bucket_hit": 0.2692307692307692,
        "rank_avg": 3.6923076923076925
      }
    },
    "consensus": {
      "n": 26,
      "mae": 0.6933844972775766,
      "bias": -0.022339962126302532,
      "hit_1c": 0.8076923076923077,
      "bucket_hit": 0.46153846153846156,
      "rank_avg": null
    },
    "days_measured": 26
  },
  "last_update": "2026-05-16T10:50:33.446532+03:00",
  "hit_window_c": 1.0
}