{
  "per_city": {
    "london": {
      "models": {
        "MeteoFrance": {
          "n": 10,
          "mae": 0.6184126984126983,
          "bias": -0.2555555555555557,
          "hit_1c": 0.8,
          "bucket_hit": 0.5,
          "rank_avg": 2.9
        },
        "ICON": {
          "n": 10,
          "mae": 0.5906349206349211,
          "bias": -0.07222222222222267,
          "hit_1c": 0.8,
          "bucket_hit": 0.4,
          "rank_avg": 3.4
        },
        "GFS": {
          "n": 10,
          "mae": 0.60718253968254,
          "bias": -0.12111111111111121,
          "hit_1c": 0.7,
          "bucket_hit": 0.6,
          "rank_avg": 2.7
        },
        "UKMO": {
          "n": 10,
          "mae": 0.5112698412698403,
          "bias": 0.231111111111111,
          "hit_1c": 0.8,
          "bucket_hit": 0.7,
          "rank_avg": 2.9
        },
        "ECMWF": {
          "n": 10,
          "mae": 0.5535317460317464,
          "bias": 0.4844444444444447,
          "hit_1c": 0.7,
          "bucket_hit": 0.6,
          "rank_avg": 3.1
        }
      },
      "consensus": {
        "n": 10,
        "mae": 0.4990952380952386,
        "bias": 0.05333333333333279,
        "hit_1c": 0.9,
        "bucket_hit": 0.6,
        "rank_avg": null
      },
      "days_measured": 10
    },
    "paris": {
      "models": {
        "MeteoFrance": {
          "n": 11,
          "mae": 0.6145021645021643,
          "bias": 0.3681818181818181,
          "hit_1c": 0.9090909090909091,
          "bucket_hit": 0.45454545454545453,
          "rank_avg": 3.0
        },
        "ICON": {
          "n": 11,
          "mae": 0.3689971139971137,
          "bias": -0.060909090909090906,
          "hit_1c": 1.0,
          "bucket_hit": 0.8181818181818182,
          "rank_avg": 2.1818181818181817
        },
        "GFS": {
          "n": 11,
          "mae": 1.0377272727272728,
          "bias": -0.7509090909090909,
          "hit_1c": 0.5454545454545454,
          "bucket_hit": 0.2727272727272727,
          "rank_avg": 3.6363636363636362
        },
        "UKMO": {
          "n": 11,
          "mae": 0.5298268398268408,
          "bias": -0.08272727272727275,
          "hit_1c": 1.0,
          "bucket_hit": 0.45454545454545453,
          "rank_avg": 2.909090909090909
        },
        "ECMWF": {
          "n": 11,
          "mae": 0.7912337662337663,
          "bias": -0.5363636363636363,
          "hit_1c": 0.7272727272727273,
          "bucket_hit": 0.36363636363636365,
          "rank_avg": 3.272727272727273
        }
      },
      "consensus": {
        "n": 11,
        "mae": 0.4431544011544007,
        "bias": -0.1739090909090906,
        "hit_1c": 1.0,
        "bucket_hit": 0.45454545454545453,
        "rank_avg": null
      },
      "days_measured": 11
    }
  },
  "global": {
    "models": {
      "MeteoFrance": {
        "n": 21,
        "mae": 0.6163643235071805,
        "bias": 0.07116402116402104,
        "hit_1c": 0.8571428571428571,
        "bucket_hit": 0.47619047619047616,
        "rank_avg": 2.9523809523809526
      },
      "ICON": {
        "n": 21,
        "mae": 0.4745389266817839,
        "bias": -0.0662962962962965,
        "hit_1c": 0.9047619047619048,
        "bucket_hit": 0.6190476190476191,
        "rank_avg": 2.761904761904762
      },
      "GFS": {
        "n": 21,
        "mae": 0.8327059712774,
        "bias": -0.451005291005291,
        "hit_1c": 0.6190476190476191,
        "bucket_hit": 0.42857142857142855,
        "rank_avg": 3.1904761904761907
      },
      "UKMO": {
        "n": 21,
        "mae": 0.5209901738473167,
        "bias": 0.06671957671957666,
        "hit_1c": 0.9047619047619048,
        "bucket_hit": 0.5714285714285714,
        "rank_avg": 2.9047619047619047
      },
      "ECMWF": {
        "n": 21,
        "mae": 0.6780423280423282,
        "bias": -0.05026455026455009,
        "hit_1c": 0.7142857142857143,
        "bucket_hit": 0.47619047619047616,
        "rank_avg": 3.1904761904761907
      }
    },
    "consensus": {
      "n": 21,
      "mae": 0.46979289493575205,
      "bias": -0.0656984126984128,
      "hit_1c": 0.9523809523809523,
      "bucket_hit": 0.5238095238095238,
      "rank_avg": null
    },
    "days_measured": 21
  },
  "last_update": "2026-04-29T01:50:31.701042+03:00",
  "hit_window_c": 1.0
}