{
  "per_city": {
    "london": {
      "models": {
        "MeteoFrance": {
          "n": 14,
          "mae": 0.9304275745612357,
          "bias": 0.47271443659317125,
          "hit_1c": 0.5714285714285714,
          "bucket_hit": 0.2857142857142857,
          "rank_avg": 3.357142857142857
        },
        "ICON": {
          "n": 14,
          "mae": 0.8732631093344952,
          "bias": 0.2239306078986492,
          "hit_1c": 0.7142857142857143,
          "bucket_hit": 0.2857142857142857,
          "rank_avg": 3.357142857142857
        },
        "GFS": {
          "n": 14,
          "mae": 0.8686607334523674,
          "bias": 0.16566815361057977,
          "hit_1c": 0.7857142857142857,
          "bucket_hit": 0.35714285714285715,
          "rank_avg": 3.142857142857143
        },
        "UKMO": {
          "n": 14,
          "mae": 0.6560007595893651,
          "bias": 0.2715882094579815,
          "hit_1c": 0.7857142857142857,
          "bucket_hit": 0.42857142857142855,
          "rank_avg": 1.9285714285714286
        },
        "ECMWF": {
          "n": 14,
          "mae": 0.8757393162093461,
          "bias": 0.3182937482437043,
          "hit_1c": 0.6428571428571429,
          "bucket_hit": 0.35714285714285715,
          "rank_avg": 3.2142857142857144
        }
      },
      "consensus": {
        "n": 14,
        "mae": 0.7337578408352312,
        "bias": 0.29043903116081765,
        "hit_1c": 0.7857142857142857,
        "bucket_hit": 0.5,
        "rank_avg": null
      },
      "days_measured": 14
    },
    "paris": {
      "models": {
        "MeteoFrance": {
          "n": 14,
          "mae": 0.5295014438334188,
          "bias": 0.34304916295297844,
          "hit_1c": 0.8571428571428571,
          "bucket_hit": 0.6428571428571429,
          "rank_avg": 2.857142857142857
        },
        "ICON": {
          "n": 14,
          "mae": 0.39589038842024404,
          "bias": -0.161658696740076,
          "hit_1c": 0.9285714285714286,
          "bucket_hit": 0.7857142857142857,
          "rank_avg": 2.4285714285714284
        },
        "GFS": {
          "n": 14,
          "mae": 0.9912802217244321,
          "bias": -0.25312405152285883,
          "hit_1c": 0.5714285714285714,
          "bucket_hit": 0.35714285714285715,
          "rank_avg": 3.7857142857142856
        },
        "UKMO": {
          "n": 14,
          "mae": 0.3381977880197293,
          "bias": -0.20587470611998462,
          "hit_1c": 0.8571428571428571,
          "bucket_hit": 0.7857142857142857,
          "rank_avg": 2.142857142857143
        },
        "ECMWF": {
          "n": 14,
          "mae": 0.7335098124620751,
          "bias": -0.3892257360590987,
          "hit_1c": 0.7857142857142857,
          "bucket_hit": 0.5,
          "rank_avg": 3.7857142857142856
        }
      },
      "consensus": {
        "n": 14,
        "mae": 0.42322423451455216,
        "bias": -0.1333668054978079,
        "hit_1c": 0.9285714285714286,
        "bucket_hit": 0.5714285714285714,
        "rank_avg": null
      },
      "days_measured": 14
    }
  },
  "global": {
    "models": {
      "MeteoFrance": {
        "n": 28,
        "mae": 0.7299645091973271,
        "bias": 0.40788179977307487,
        "hit_1c": 0.7142857142857143,
        "bucket_hit": 0.4642857142857143,
        "rank_avg": 3.107142857142857
      },
      "ICON": {
        "n": 28,
        "mae": 0.6345767488773697,
        "bias": 0.031135955579286594,
        "hit_1c": 0.8214285714285714,
        "bucket_hit": 0.5357142857142857,
        "rank_avg": 2.892857142857143
      },
      "GFS": {
        "n": 28,
        "mae": 0.9299704775883997,
        "bias": -0.04372794895613952,
        "hit_1c": 0.6785714285714286,
        "bucket_hit": 0.35714285714285715,
        "rank_avg": 3.4642857142857144
      },
      "UKMO": {
        "n": 28,
        "mae": 0.49709927380454716,
        "bias": 0.032856751668998437,
        "hit_1c": 0.8214285714285714,
        "bucket_hit": 0.6071428571428571,
        "rank_avg": 2.0357142857142856
      },
      "ECMWF": {
        "n": 28,
        "mae": 0.8046245643357105,
        "bias": -0.03546599390769721,
        "hit_1c": 0.7142857142857143,
        "bucket_hit": 0.42857142857142855,
        "rank_avg": 3.5
      }
    },
    "consensus": {
      "n": 28,
      "mae": 0.5784910376748916,
      "bias": 0.07853611283150487,
      "hit_1c": 0.8571428571428571,
      "bucket_hit": 0.5357142857142857,
      "rank_avg": null
    },
    "days_measured": 28
  },
  "last_update": "2026-05-13T14:57:52.788188+03:00",
  "hit_window_c": 1.0
}