{
  "per_city": {
    "london": {
      "models": {
        "MeteoFrance": {
          "n": 12,
          "mae": 0.947990433653831,
          "bias": 0.33711329134953366,
          "hit_1c": 0.5,
          "bucket_hit": 0.3333333333333333,
          "rank_avg": 3.4166666666666665
        },
        "ICON": {
          "n": 12,
          "mae": 0.7065166958913948,
          "bias": 0.14799983088961222,
          "hit_1c": 0.75,
          "bucket_hit": 0.4166666666666667,
          "rank_avg": 3.1666666666666665
        },
        "GFS": {
          "n": 12,
          "mae": 0.8060539696426651,
          "bias": -0.056323368163440225,
          "hit_1c": 0.8333333333333334,
          "bucket_hit": 0.3333333333333333,
          "rank_avg": 2.9166666666666665
        },
        "UKMO": {
          "n": 12,
          "mae": 0.6648053641044455,
          "bias": 0.028924011770306013,
          "hit_1c": 0.6666666666666666,
          "bucket_hit": 0.4166666666666667,
          "rank_avg": 1.9166666666666667
        },
        "ECMWF": {
          "n": 12,
          "mae": 1.0136767680180034,
          "bias": 0.10365003506099812,
          "hit_1c": 0.5833333333333334,
          "bucket_hit": 0.3333333333333333,
          "rank_avg": 3.5833333333333335
        }
      },
      "consensus": {
        "n": 12,
        "mae": 0.7361351944358644,
        "bias": 0.1122727601814022,
        "hit_1c": 0.8333333333333334,
        "bucket_hit": 0.5,
        "rank_avg": null
      },
      "days_measured": 12
    },
    "paris": {
      "models": {
        "MeteoFrance": {
          "n": 13,
          "mae": 0.5949704284527868,
          "bias": 0.22303874865072984,
          "hit_1c": 0.7692307692307693,
          "bucket_hit": 0.5384615384615384,
          "rank_avg": 3.0
        },
        "ICON": {
          "n": 13,
          "mae": 0.4972058947769201,
          "bias": -0.2504946085894502,
          "hit_1c": 0.8461538461538461,
          "bucket_hit": 0.7692307692307693,
          "rank_avg": 2.6923076923076925
        },
        "GFS": {
          "n": 13,
          "mae": 0.7325706701960465,
          "bias": -0.15272358728926058,
          "hit_1c": 0.7692307692307693,
          "bucket_hit": 0.6153846153846154,
          "rank_avg": 3.3076923076923075
        },
        "UKMO": {
          "n": 13,
          "mae": 0.3959278265660877,
          "bias": -0.27809707014702845,
          "hit_1c": 0.8461538461538461,
          "bucket_hit": 0.7692307692307693,
          "rank_avg": 2.076923076923077
        },
        "ECMWF": {
          "n": 13,
          "mae": 0.929522756890078,
          "bias": -0.6126014438407185,
          "hit_1c": 0.6153846153846154,
          "bucket_hit": 0.3076923076923077,
          "rank_avg": 3.923076923076923
        }
      },
      "consensus": {
        "n": 13,
        "mae": 0.5263297465688695,
        "bias": -0.214175592243145,
        "hit_1c": 0.9230769230769231,
        "bucket_hit": 0.5384615384615384,
        "rank_avg": null
      },
      "days_measured": 13
    }
  },
  "global": {
    "models": {
      "MeteoFrance": {
        "n": 25,
        "mae": 0.7644200309492879,
        "bias": 0.27779452914615566,
        "hit_1c": 0.64,
        "bucket_hit": 0.44,
        "rank_avg": 3.2
      },
      "ICON": {
        "n": 25,
        "mae": 0.5976750793118679,
        "bias": -0.059217277639500236,
        "hit_1c": 0.8,
        "bucket_hit": 0.6,
        "rank_avg": 2.92
      },
      "GFS": {
        "n": 25,
        "mae": 0.7678426539304235,
        "bias": -0.10645148210886682,
        "hit_1c": 0.8,
        "bucket_hit": 0.48,
        "rank_avg": 3.12
      },
      "UKMO": {
        "n": 25,
        "mae": 0.5249890445844995,
        "bias": -0.1307269508267079,
        "hit_1c": 0.76,
        "bucket_hit": 0.6,
        "rank_avg": 2.0
      },
      "ECMWF": {
        "n": 25,
        "mae": 0.9699166822314822,
        "bias": -0.2688007339678945,
        "hit_1c": 0.6,
        "bucket_hit": 0.32,
        "rank_avg": 3.76
      }
    },
    "consensus": {
      "n": 25,
      "mae": 0.6270363615450271,
      "bias": -0.05748038307936234,
      "hit_1c": 0.88,
      "bucket_hit": 0.52,
      "rank_avg": null
    },
    "days_measured": 25
  },
  "last_update": "2026-05-18T01:57:51.790628+03:00",
  "hit_window_c": 1.0
}