{
  "per_city": {
    "london": {
      "models": {
        "MeteoFrance": {
          "n": 13,
          "mae": 0.9935729761497422,
          "bias": 0.42968638325346775,
          "hit_1c": 0.46153846153846156,
          "bucket_hit": 0.3076923076923077,
          "rank_avg": 3.3846153846153846
        },
        "ICON": {
          "n": 13,
          "mae": 0.7923290566247102,
          "bias": 0.2767750273922956,
          "hit_1c": 0.6923076923076923,
          "bucket_hit": 0.38461538461538464,
          "rank_avg": 3.230769230769231
        },
        "GFS": {
          "n": 13,
          "mae": 0.9062188639618936,
          "bias": 0.11017824444856558,
          "hit_1c": 0.7692307692307693,
          "bucket_hit": 0.3076923076923077,
          "rank_avg": 3.076923076923077
        },
        "UKMO": {
          "n": 13,
          "mae": 0.7081309180764147,
          "bias": 0.12116351592182444,
          "hit_1c": 0.6153846153846154,
          "bucket_hit": 0.38461538461538464,
          "rank_avg": 1.8461538461538463
        },
        "ECMWF": {
          "n": 13,
          "mae": 1.0373762549143817,
          "bias": 0.1973515783386845,
          "hit_1c": 0.5384615384615384,
          "bucket_hit": 0.3076923076923077,
          "rank_avg": 3.4615384615384617
        }
      },
      "consensus": {
        "n": 13,
        "mae": 0.8029039661058557,
        "bias": 0.22703094987096753,
        "hit_1c": 0.7692307692307693,
        "bucket_hit": 0.46153846153846156,
        "rank_avg": null
      },
      "days_measured": 13
    },
    "paris": {
      "models": {
        "MeteoFrance": {
          "n": 13,
          "mae": 0.5887284500890579,
          "bias": 0.274132486824896,
          "hit_1c": 0.7692307692307693,
          "bucket_hit": 0.5384615384615384,
          "rank_avg": 2.8461538461538463
        },
        "ICON": {
          "n": 13,
          "mae": 0.49986641718986635,
          "bias": -0.25315513100239645,
          "hit_1c": 0.8461538461538461,
          "bucket_hit": 0.7692307692307693,
          "rank_avg": 2.6923076923076925
        },
        "GFS": {
          "n": 13,
          "mae": 0.8036501479054614,
          "bias": -0.008712733842228678,
          "hit_1c": 0.6923076923076923,
          "bucket_hit": 0.5384615384615384,
          "rank_avg": 3.3846153846153846
        },
        "UKMO": {
          "n": 13,
          "mae": 0.4662178162407844,
          "bias": -0.34838705982172513,
          "hit_1c": 0.7692307692307693,
          "bucket_hit": 0.6923076923076923,
          "rank_avg": 2.3076923076923075
        },
        "ECMWF": {
          "n": 13,
          "mae": 0.9044272284361364,
          "bias": -0.5875059153867769,
          "hit_1c": 0.6923076923076923,
          "bucket_hit": 0.3076923076923077,
          "rank_avg": 3.769230769230769
        }
      },
      "consensus": {
        "n": 13,
        "mae": 0.4968798249713704,
        "bias": -0.1847256706456458,
        "hit_1c": 0.9230769230769231,
        "bucket_hit": 0.5384615384615384,
        "rank_avg": null
      },
      "days_measured": 13
    }
  },
  "global": {
    "models": {
      "MeteoFrance": {
        "n": 26,
        "mae": 0.7911507131194001,
        "bias": 0.3519094350391819,
        "hit_1c": 0.6153846153846154,
        "bucket_hit": 0.4230769230769231,
        "rank_avg": 3.1153846153846154
      },
      "ICON": {
        "n": 26,
        "mae": 0.6460977369072883,
        "bias": 0.011809948194949559,
        "hit_1c": 0.7692307692307693,
        "bucket_hit": 0.5769230769230769,
        "rank_avg": 2.9615384615384617
      },
      "GFS": {
        "n": 26,
        "mae": 0.8549345059336778,
        "bias": 0.05073275530316845,
        "hit_1c": 0.7307692307692307,
        "bucket_hit": 0.4230769230769231,
        "rank_avg": 3.230769230769231
      },
      "UKMO": {
        "n": 26,
        "mae": 0.5871743671585995,
        "bias": -0.11361177194995034,
        "hit_1c": 0.6923076923076923,
        "bucket_hit": 0.5384615384615384,
        "rank_avg": 2.076923076923077
      },
      "ECMWF": {
        "n": 26,
        "mae": 0.970901741675259,
        "bias": -0.1950771685240462,
        "hit_1c": 0.6153846153846154,
        "bucket_hit": 0.3076923076923077,
        "rank_avg": 3.6153846153846154
      }
    },
    "consensus": {
      "n": 26,
      "mae": 0.6498918955386132,
      "bias": 0.02115263961266086,
      "hit_1c": 0.8461538461538461,
      "bucket_hit": 0.5,
      "rank_avg": null
    },
    "days_measured": 26
  },
  "last_update": "2026-05-17T15:25:32.691240+03:00",
  "hit_window_c": 1.0
}