{
  "per_city": {
    "london": {
      "models": {
        "MeteoFrance": {
          "n": 11,
          "mae": 1.0093699803309653,
          "bias": 0.40252724838458903,
          "hit_1c": 0.6363636363636364,
          "bucket_hit": 0.45454545454545453,
          "rank_avg": 3.5454545454545454
        },
        "ICON": {
          "n": 11,
          "mae": 0.5082155578444394,
          "bias": -0.17114120931161025,
          "hit_1c": 0.9090909090909091,
          "bucket_hit": 0.45454545454545453,
          "rank_avg": 2.5454545454545454
        },
        "GFS": {
          "n": 11,
          "mae": 0.987580493036832,
          "bias": 0.015296149717002227,
          "hit_1c": 0.45454545454545453,
          "bucket_hit": 0.45454545454545453,
          "rank_avg": 3.272727272727273
        },
        "UKMO": {
          "n": 11,
          "mae": 0.30081078366278874,
          "bias": 0.16780813123562927,
          "hit_1c": 0.9090909090909091,
          "bucket_hit": 0.8181818181818182,
          "rank_avg": 2.090909090909091
        },
        "ECMWF": {
          "n": 11,
          "mae": 0.8882796905481972,
          "bias": 0.5118318462672459,
          "hit_1c": 0.6363636363636364,
          "bucket_hit": 0.45454545454545453,
          "rank_avg": 3.5454545454545454
        }
      },
      "consensus": {
        "n": 11,
        "mae": 0.6050461840148377,
        "bias": 0.18526443325857175,
        "hit_1c": 0.7272727272727273,
        "bucket_hit": 0.5454545454545454,
        "rank_avg": null
      },
      "days_measured": 11
    },
    "paris": {
      "models": {
        "MeteoFrance": {
          "n": 12,
          "mae": 0.8834621019971826,
          "bias": 0.6605643855157316,
          "hit_1c": 0.5833333333333334,
          "bucket_hit": 0.25,
          "rank_avg": 3.6666666666666665
        },
        "ICON": {
          "n": 12,
          "mae": 0.3244418494786944,
          "bias": 0.05885121803458956,
          "hit_1c": 1.0,
          "bucket_hit": 0.8333333333333334,
          "rank_avg": 1.6666666666666667
        },
        "GFS": {
          "n": 12,
          "mae": 0.8543743066475787,
          "bias": -0.5834094168224615,
          "hit_1c": 0.75,
          "bucket_hit": 0.25,
          "rank_avg": 3.75
        },
        "UKMO": {
          "n": 12,
          "mae": 0.584885547389811,
          "bias": 0.4710567866074638,
          "hit_1c": 0.8333333333333334,
          "bucket_hit": 0.5833333333333334,
          "rank_avg": 2.5
        },
        "ECMWF": {
          "n": 12,
          "mae": 0.8576047175569874,
          "bias": -0.7428182183920121,
          "hit_1c": 0.6666666666666666,
          "bucket_hit": 0.4166666666666667,
          "rank_avg": 3.4166666666666665
        }
      },
      "consensus": {
        "n": 12,
        "mae": 0.404705467748367,
        "bias": -0.06557085312086712,
        "hit_1c": 0.9166666666666666,
        "bucket_hit": 0.6666666666666666,
        "rank_avg": null
      },
      "days_measured": 12
    }
  },
  "global": {
    "models": {
      "MeteoFrance": {
        "n": 23,
        "mae": 0.9436789133742091,
        "bias": 0.5371553199312721,
        "hit_1c": 0.6086956521739131,
        "bucket_hit": 0.34782608695652173,
        "rank_avg": 3.608695652173913
      },
      "ICON": {
        "n": 23,
        "mae": 0.41233362304492027,
        "bias": -0.05114516026141905,
        "hit_1c": 0.9565217391304348,
        "bucket_hit": 0.6521739130434783,
        "rank_avg": 2.0869565217391304
      },
      "GFS": {
        "n": 23,
        "mae": 0.9180816131815694,
        "bias": -0.29707197195576146,
        "hit_1c": 0.6086956521739131,
        "bucket_hit": 0.34782608695652173,
        "rank_avg": 3.5217391304347827
      },
      "UKMO": {
        "n": 23,
        "mae": 0.4490237038681916,
        "bias": 0.3260248209948473,
        "hit_1c": 0.8695652173913043,
        "bucket_hit": 0.6956521739130435,
        "rank_avg": 2.3043478260869565
      },
      "ECMWF": {
        "n": 23,
        "mae": 0.872275356813653,
        "bias": -0.14276818746801914,
        "hit_1c": 0.6521739130434783,
        "bucket_hit": 0.43478260869565216,
        "rank_avg": 3.4782608695652173
      }
    },
    "consensus": {
      "n": 23,
      "mae": 0.5005205929192877,
      "bias": 0.05439384906060364,
      "hit_1c": 0.8260869565217391,
      "bucket_hit": 0.6086956521739131,
      "rank_avg": null
    },
    "days_measured": 23
  },
  "last_update": "2026-06-01T01:52:55.088929+03:00",
  "hit_window_c": 1.0
}