{
  "per_city": {
    "london": {
      "models": {
        "MeteoFrance": {
          "n": 11,
          "mae": 0.6159200505646784,
          "bias": -0.24056348610067665,
          "hit_1c": 0.8181818181818182,
          "bucket_hit": 0.45454545454545453,
          "rank_avg": 3.090909090909091
        },
        "ICON": {
          "n": 11,
          "mae": 0.6057020607491684,
          "bias": -0.222077385424493,
          "hit_1c": 0.9090909090909091,
          "bucket_hit": 0.45454545454545453,
          "rank_avg": 3.4545454545454546
        },
        "GFS": {
          "n": 11,
          "mae": 0.5013716217666631,
          "bias": -0.20819759579263722,
          "hit_1c": 0.9090909090909091,
          "bucket_hit": 0.6363636363636364,
          "rank_avg": 2.727272727272727
        },
        "UKMO": {
          "n": 11,
          "mae": 0.4776400477025262,
          "bias": 0.07196243425995454,
          "hit_1c": 0.9090909090909091,
          "bucket_hit": 0.7272727272727273,
          "rank_avg": 3.0
        },
        "ECMWF": {
          "n": 11,
          "mae": 0.4597767354775616,
          "bias": 0.07822990232907595,
          "hit_1c": 0.8181818181818182,
          "bucket_hit": 0.6363636363636364,
          "rank_avg": 2.727272727272727
        }
      },
      "consensus": {
        "n": 11,
        "mae": 0.43373095774748616,
        "bias": -0.10412922614575525,
        "hit_1c": 1.0,
        "bucket_hit": 0.6363636363636364,
        "rank_avg": null
      },
      "days_measured": 11
    },
    "paris": {
      "models": {
        "MeteoFrance": {
          "n": 11,
          "mae": 0.48706587599728124,
          "bias": 0.2084635612321564,
          "hit_1c": 0.9090909090909091,
          "bucket_hit": 0.6363636363636364,
          "rank_avg": 2.6363636363636362
        },
        "ICON": {
          "n": 11,
          "mae": 0.3635403145981655,
          "bias": -0.10690683696468768,
          "hit_1c": 1.0,
          "bucket_hit": 0.7272727272727273,
          "rank_avg": 2.3636363636363638
        },
        "GFS": {
          "n": 11,
          "mae": 0.9849053343350863,
          "bias": -0.6980871525169043,
          "hit_1c": 0.45454545454545453,
          "bucket_hit": 0.18181818181818182,
          "rank_avg": 4.181818181818182
        },
        "UKMO": {
          "n": 11,
          "mae": 0.48088260241136377,
          "bias": 0.030564237415477372,
          "hit_1c": 0.9090909090909091,
          "bucket_hit": 0.45454545454545453,
          "rank_avg": 2.727272727272727
        },
        "ECMWF": {
          "n": 11,
          "mae": 0.5232773424922182,
          "bias": -0.20477084898572492,
          "hit_1c": 0.9090909090909091,
          "bucket_hit": 0.7272727272727273,
          "rank_avg": 3.090909090909091
        }
      },
      "consensus": {
        "n": 11,
        "mae": 0.42339271820924684,
        "bias": -0.15414740796393678,
        "hit_1c": 0.9090909090909091,
        "bucket_hit": 0.45454545454545453,
        "rank_avg": null
      },
      "days_measured": 11
    }
  },
  "global": {
    "models": {
      "MeteoFrance": {
        "n": 22,
        "mae": 0.5514929632809799,
        "bias": -0.016049962434260125,
        "hit_1c": 0.8636363636363636,
        "bucket_hit": 0.5454545454545454,
        "rank_avg": 2.8636363636363638
      },
      "ICON": {
        "n": 22,
        "mae": 0.48462118767366696,
        "bias": -0.16449211119459034,
        "hit_1c": 0.9545454545454546,
        "bucket_hit": 0.5909090909090909,
        "rank_avg": 2.909090909090909
      },
      "GFS": {
        "n": 22,
        "mae": 0.7431384780508746,
        "bias": -0.4531423741547708,
        "hit_1c": 0.6818181818181818,
        "bucket_hit": 0.4090909090909091,
        "rank_avg": 3.4545454545454546
      },
      "UKMO": {
        "n": 22,
        "mae": 0.479261325056945,
        "bias": 0.05126333583771596,
        "hit_1c": 0.9090909090909091,
        "bucket_hit": 0.5909090909090909,
        "rank_avg": 2.8636363636363638
      },
      "ECMWF": {
        "n": 22,
        "mae": 0.4915270389848899,
        "bias": -0.06327047332832449,
        "hit_1c": 0.8636363636363636,
        "bucket_hit": 0.6818181818181818,
        "rank_avg": 2.909090909090909
      }
    },
    "consensus": {
      "n": 22,
      "mae": 0.4285618379783665,
      "bias": -0.12913831705484602,
      "hit_1c": 0.9545454545454546,
      "bucket_hit": 0.5454545454545454,
      "rank_avg": null
    },
    "days_measured": 22
  },
  "last_update": "2026-05-05T00:49:00.261530+03:00",
  "hit_window_c": 1.0
}