{
  "per_city": {
    "london": {
      "models": {
        "MeteoFrance": {
          "n": 11,
          "mae": 0.8964115634073075,
          "bias": 0.05948161949472144,
          "hit_1c": 0.6363636363636364,
          "bucket_hit": 0.45454545454545453,
          "rank_avg": 3.5454545454545454
        },
        "ICON": {
          "n": 11,
          "mae": 0.4935437145753948,
          "bias": -0.27530882669767043,
          "hit_1c": 0.9090909090909091,
          "bucket_hit": 0.5454545454545454,
          "rank_avg": 2.6363636363636362
        },
        "GFS": {
          "n": 11,
          "mae": 0.9091778375747442,
          "bias": -0.06310650574508549,
          "hit_1c": 0.5454545454545454,
          "bucket_hit": 0.45454545454545453,
          "rank_avg": 3.3636363636363638
        },
        "UKMO": {
          "n": 11,
          "mae": 0.31983547210553004,
          "bias": 0.12546807801696727,
          "hit_1c": 0.9090909090909091,
          "bucket_hit": 0.8181818181818182,
          "rank_avg": 2.1818181818181817
        },
        "ECMWF": {
          "n": 11,
          "mae": 0.7398897830546987,
          "bias": 0.3634419387737473,
          "hit_1c": 0.7272727272727273,
          "bucket_hit": 0.5454545454545454,
          "rank_avg": 3.272727272727273
        }
      },
      "consensus": {
        "n": 11,
        "mae": 0.5026165436936462,
        "bias": 0.04199526076853679,
        "hit_1c": 0.8181818181818182,
        "bucket_hit": 0.6363636363636364,
        "rank_avg": null
      },
      "days_measured": 11
    },
    "paris": {
      "models": {
        "MeteoFrance": {
          "n": 10,
          "mae": 0.8497695726770385,
          "bias": 0.8288277654230722,
          "hit_1c": 0.6,
          "bucket_hit": 0.3,
          "rank_avg": 3.8
        },
        "ICON": {
          "n": 10,
          "mae": 0.3295662518553556,
          "bias": 0.11298178645073094,
          "hit_1c": 1.0,
          "bucket_hit": 0.9,
          "rank_avg": 1.8
        },
        "GFS": {
          "n": 10,
          "mae": 0.7319138057507178,
          "bias": -0.5834449224507214,
          "hit_1c": 0.8,
          "bucket_hit": 0.3,
          "rank_avg": 3.6
        },
        "UKMO": {
          "n": 10,
          "mae": 0.47970002218531815,
          "bias": 0.34310550924650157,
          "hit_1c": 0.9,
          "bucket_hit": 0.7,
          "rank_avg": 2.3
        },
        "ECMWF": {
          "n": 10,
          "mae": 0.8106505085779311,
          "bias": -0.7161333869749512,
          "hit_1c": 0.7,
          "bucket_hit": 0.4,
          "rank_avg": 3.5
        }
      },
      "consensus": {
        "n": 10,
        "mae": 0.2733076572818575,
        "bias": -0.0029326496610728725,
        "hit_1c": 1.0,
        "bucket_hit": 0.8,
        "rank_avg": null
      },
      "days_measured": 10
    }
  },
  "global": {
    "models": {
      "MeteoFrance": {
        "n": 21,
        "mae": 0.8742010916309889,
        "bias": 0.4258369270796504,
        "hit_1c": 0.6190476190476191,
        "bucket_hit": 0.38095238095238093,
        "rank_avg": 3.6666666666666665
      },
      "ICON": {
        "n": 21,
        "mae": 0.41545920851823326,
        "bias": -0.09040853472224122,
        "hit_1c": 0.9523809523809523,
        "bucket_hit": 0.7142857142857143,
        "rank_avg": 2.238095238095238
      },
      "GFS": {
        "n": 21,
        "mae": 0.8247663938490174,
        "bias": -0.3108867041763407,
        "hit_1c": 0.6666666666666666,
        "bucket_hit": 0.38095238095238093,
        "rank_avg": 3.4761904761904763
      },
      "UKMO": {
        "n": 21,
        "mae": 0.39596144833400054,
        "bias": 0.22910495003103123,
        "hit_1c": 0.9047619047619048,
        "bucket_hit": 0.7619047619047619,
        "rank_avg": 2.238095238095238
      },
      "ECMWF": {
        "n": 21,
        "mae": 0.7735853666371904,
        "bias": -0.1506415496780139,
        "hit_1c": 0.7142857142857143,
        "bucket_hit": 0.47619047619047616,
        "rank_avg": 3.380952380952381
      }
    },
    "consensus": {
      "n": 21,
      "mae": 0.3934218358785087,
      "bias": 0.020601017706817902,
      "hit_1c": 0.9047619047619048,
      "bucket_hit": 0.7142857142857143,
      "rank_avg": null
    },
    "days_measured": 21
  },
  "last_update": "2026-05-30T11:42:06.340413+03:00",
  "hit_window_c": 1.0
}