{
  "per_city": {
    "london": {
      "models": {
        "MeteoFrance": {
          "n": 11,
          "mae": 0.5763347763347763,
          "bias": -0.21818181818181837,
          "hit_1c": 0.8181818181818182,
          "bucket_hit": 0.5454545454545454,
          "rank_avg": 2.8181818181818183
        },
        "ICON": {
          "n": 11,
          "mae": 0.5707792207792213,
          "bias": -0.031818181818182106,
          "hit_1c": 0.8181818181818182,
          "bucket_hit": 0.45454545454545453,
          "rank_avg": 3.4545454545454546
        },
        "GFS": {
          "n": 11,
          "mae": 0.5682467532467537,
          "bias": -0.12636363636363657,
          "hit_1c": 0.7272727272727273,
          "bucket_hit": 0.6363636363636364,
          "rank_avg": 2.727272727272727
        },
        "UKMO": {
          "n": 11,
          "mae": 0.5074170274170264,
          "bias": 0.2527272727272725,
          "hit_1c": 0.8181818181818182,
          "bucket_hit": 0.7272727272727273,
          "rank_avg": 3.090909090909091
        },
        "ECMWF": {
          "n": 11,
          "mae": 0.5046248196248198,
          "bias": 0.44181818181818194,
          "hit_1c": 0.7272727272727273,
          "bucket_hit": 0.6363636363636364,
          "rank_avg": 2.909090909090909
        }
      },
      "consensus": {
        "n": 11,
        "mae": 0.4688744588744591,
        "bias": 0.06363636363636292,
        "hit_1c": 0.9090909090909091,
        "bucket_hit": 0.6363636363636364,
        "rank_avg": null
      },
      "days_measured": 11
    },
    "paris": {
      "models": {
        "MeteoFrance": {
          "n": 11,
          "mae": 0.6145021645021643,
          "bias": 0.3681818181818181,
          "hit_1c": 0.9090909090909091,
          "bucket_hit": 0.45454545454545453,
          "rank_avg": 3.0
        },
        "ICON": {
          "n": 11,
          "mae": 0.3689971139971137,
          "bias": -0.060909090909090906,
          "hit_1c": 1.0,
          "bucket_hit": 0.8181818181818182,
          "rank_avg": 2.1818181818181817
        },
        "GFS": {
          "n": 11,
          "mae": 1.0377272727272728,
          "bias": -0.7509090909090909,
          "hit_1c": 0.5454545454545454,
          "bucket_hit": 0.2727272727272727,
          "rank_avg": 3.6363636363636362
        },
        "UKMO": {
          "n": 11,
          "mae": 0.5298268398268408,
          "bias": -0.08272727272727275,
          "hit_1c": 1.0,
          "bucket_hit": 0.45454545454545453,
          "rank_avg": 2.909090909090909
        },
        "ECMWF": {
          "n": 11,
          "mae": 0.7912337662337663,
          "bias": -0.5363636363636363,
          "hit_1c": 0.7272727272727273,
          "bucket_hit": 0.36363636363636365,
          "rank_avg": 3.272727272727273
        }
      },
      "consensus": {
        "n": 11,
        "mae": 0.4431544011544007,
        "bias": -0.1739090909090906,
        "hit_1c": 1.0,
        "bucket_hit": 0.45454545454545453,
        "rank_avg": null
      },
      "days_measured": 11
    }
  },
  "global": {
    "models": {
      "MeteoFrance": {
        "n": 22,
        "mae": 0.5954184704184703,
        "bias": 0.07499999999999986,
        "hit_1c": 0.8636363636363636,
        "bucket_hit": 0.5,
        "rank_avg": 2.909090909090909
      },
      "ICON": {
        "n": 22,
        "mae": 0.46988816738816747,
        "bias": -0.0463636363636365,
        "hit_1c": 0.9090909090909091,
        "bucket_hit": 0.6363636363636364,
        "rank_avg": 2.8181818181818183
      },
      "GFS": {
        "n": 22,
        "mae": 0.802987012987013,
        "bias": -0.4386363636363637,
        "hit_1c": 0.6363636363636364,
        "bucket_hit": 0.45454545454545453,
        "rank_avg": 3.1818181818181817
      },
      "UKMO": {
        "n": 22,
        "mae": 0.5186219336219335,
        "bias": 0.08499999999999988,
        "hit_1c": 0.9090909090909091,
        "bucket_hit": 0.5909090909090909,
        "rank_avg": 3.0
      },
      "ECMWF": {
        "n": 22,
        "mae": 0.647929292929293,
        "bias": -0.047272727272727154,
        "hit_1c": 0.7272727272727273,
        "bucket_hit": 0.5,
        "rank_avg": 3.090909090909091
      }
    },
    "consensus": {
      "n": 22,
      "mae": 0.45601443001442993,
      "bias": -0.055136363636363844,
      "hit_1c": 0.9545454545454546,
      "bucket_hit": 0.5454545454545454,
      "rank_avg": null
    },
    "days_measured": 22
  },
  "last_update": "2026-04-29T04:35:39.084056+03:00",
  "hit_window_c": 1.0
}