{
  "per_city": {
    "london": {
      "models": {
        "MeteoFrance": {
          "n": 13,
          "mae": 1.0163844996304237,
          "bias": 0.16986509268037453,
          "hit_1c": 0.46153846153846156,
          "bucket_hit": 0.3076923076923077,
          "rank_avg": 3.5384615384615383
        },
        "ICON": {
          "n": 13,
          "mae": 0.7174000139681808,
          "bias": 0.07138447229121028,
          "hit_1c": 0.7692307692307693,
          "bucket_hit": 0.38461538461538464,
          "rank_avg": 3.0
        },
        "GFS": {
          "n": 13,
          "mae": 0.8243326359652724,
          "bias": -0.13227361921521877,
          "hit_1c": 0.7692307692307693,
          "bucket_hit": 0.3076923076923077,
          "rank_avg": 2.923076923076923
        },
        "UKMO": {
          "n": 13,
          "mae": 0.723583721617204,
          "bias": -0.08321814388666414,
          "hit_1c": 0.6153846153846154,
          "bucket_hit": 0.38461538461538464,
          "rank_avg": 2.076923076923077
        },
        "ECMWF": {
          "n": 13,
          "mae": 1.0052131731751568,
          "bias": 0.026165414282383007,
          "hit_1c": 0.6153846153846154,
          "bucket_hit": 0.3076923076923077,
          "rank_avg": 3.4615384615384617
        }
      },
      "consensus": {
        "n": 13,
        "mae": 0.7727611610316748,
        "bias": 0.010384643230417477,
        "hit_1c": 0.7692307692307693,
        "bucket_hit": 0.46153846153846156,
        "rank_avg": null
      },
      "days_measured": 13
    },
    "paris": {
      "models": {
        "MeteoFrance": {
          "n": 13,
          "mae": 0.5949704284527868,
          "bias": 0.22303874865072984,
          "hit_1c": 0.7692307692307693,
          "bucket_hit": 0.5384615384615384,
          "rank_avg": 3.0
        },
        "ICON": {
          "n": 13,
          "mae": 0.4972058947769201,
          "bias": -0.2504946085894502,
          "hit_1c": 0.8461538461538461,
          "bucket_hit": 0.7692307692307693,
          "rank_avg": 2.6923076923076925
        },
        "GFS": {
          "n": 13,
          "mae": 0.7325706701960465,
          "bias": -0.15272358728926058,
          "hit_1c": 0.7692307692307693,
          "bucket_hit": 0.6153846153846154,
          "rank_avg": 3.3076923076923075
        },
        "UKMO": {
          "n": 13,
          "mae": 0.3959278265660877,
          "bias": -0.27809707014702845,
          "hit_1c": 0.8461538461538461,
          "bucket_hit": 0.7692307692307693,
          "rank_avg": 2.076923076923077
        },
        "ECMWF": {
          "n": 13,
          "mae": 0.929522756890078,
          "bias": -0.6126014438407185,
          "hit_1c": 0.6153846153846154,
          "bucket_hit": 0.3076923076923077,
          "rank_avg": 3.923076923076923
        }
      },
      "consensus": {
        "n": 13,
        "mae": 0.5263297465688695,
        "bias": -0.214175592243145,
        "hit_1c": 0.9230769230769231,
        "bucket_hit": 0.5384615384615384,
        "rank_avg": null
      },
      "days_measured": 13
    }
  },
  "global": {
    "models": {
      "MeteoFrance": {
        "n": 26,
        "mae": 0.8056774640416051,
        "bias": 0.1964519206655522,
        "hit_1c": 0.6153846153846154,
        "bucket_hit": 0.4230769230769231,
        "rank_avg": 3.269230769230769
      },
      "ICON": {
        "n": 26,
        "mae": 0.6073029543725504,
        "bias": -0.08955506814911995,
        "hit_1c": 0.8076923076923077,
        "bucket_hit": 0.5769230769230769,
        "rank_avg": 2.8461538461538463
      },
      "GFS": {
        "n": 26,
        "mae": 0.7784516530806596,
        "bias": -0.14249860325223968,
        "hit_1c": 0.7692307692307693,
        "bucket_hit": 0.46153846153846156,
        "rank_avg": 3.1153846153846154
      },
      "UKMO": {
        "n": 26,
        "mae": 0.5597557740916458,
        "bias": -0.1806576070168463,
        "hit_1c": 0.7307692307692307,
        "bucket_hit": 0.5769230769230769,
        "rank_avg": 2.076923076923077
      },
      "ECMWF": {
        "n": 26,
        "mae": 0.9673679650326175,
        "bias": -0.2932180147791677,
        "hit_1c": 0.6153846153846154,
        "bucket_hit": 0.3076923076923077,
        "rank_avg": 3.6923076923076925
      }
    },
    "consensus": {
      "n": 26,
      "mae": 0.6495454538002721,
      "bias": -0.10189547450636376,
      "hit_1c": 0.8461538461538461,
      "bucket_hit": 0.5,
      "rank_avg": null
    },
    "days_measured": 26
  },
  "last_update": "2026-05-18T11:02:06.711522+03:00",
  "hit_window_c": 1.0
}