{
  "per_city": {
    "london": {
      "models": {
        "MeteoFrance": {
          "n": 1,
          "mae": 0.6999999999999993,
          "bias": 0.6999999999999993,
          "hit_1c": 1.0,
          "bucket_hit": 0.0,
          "rank_avg": 1.0
        },
        "ICON": {
          "n": 1,
          "mae": 1.3000000000000007,
          "bias": 1.3000000000000007,
          "hit_1c": 0.0,
          "bucket_hit": 0.0,
          "rank_avg": 5.0
        },
        "GFS": {
          "n": 1,
          "mae": 1.1999999999999993,
          "bias": 1.1999999999999993,
          "hit_1c": 0.0,
          "bucket_hit": 0.0,
          "rank_avg": 2.0
        },
        "UKMO": {
          "n": 1,
          "mae": 1.1999999999999993,
          "bias": 1.1999999999999993,
          "hit_1c": 0.0,
          "bucket_hit": 0.0,
          "rank_avg": 3.0
        },
        "ECMWF": {
          "n": 1,
          "mae": 1.3000000000000007,
          "bias": 1.3000000000000007,
          "hit_1c": 0.0,
          "bucket_hit": 0.0,
          "rank_avg": 4.0
        }
      },
      "consensus": {
        "n": 1,
        "mae": 1.1400000000000006,
        "bias": 1.1400000000000006,
        "hit_1c": 0.0,
        "bucket_hit": 0.0,
        "rank_avg": null
      },
      "days_measured": 1
    },
    "paris": {
      "models": {
        "MeteoFrance": {
          "n": 2,
          "mae": 0.5999999999999996,
          "bias": -0.20000000000000107,
          "hit_1c": 1.0,
          "bucket_hit": 0.5,
          "rank_avg": 3.0
        },
        "ICON": {
          "n": 2,
          "mae": 0.4499999999999993,
          "bias": -0.05000000000000071,
          "hit_1c": 1.0,
          "bucket_hit": 1.0,
          "rank_avg": 2.0
        },
        "GFS": {
          "n": 2,
          "mae": 1.5999999999999996,
          "bias": -1.5999999999999996,
          "hit_1c": 0.5,
          "bucket_hit": 0.5,
          "rank_avg": 3.0
        },
        "UKMO": {
          "n": 2,
          "mae": 0.5500000000000007,
          "bias": -0.5500000000000007,
          "hit_1c": 1.0,
          "bucket_hit": 0.5,
          "rank_avg": 2.5
        },
        "ECMWF": {
          "n": 2,
          "mae": 1.0999999999999996,
          "bias": -1.0999999999999996,
          "hit_1c": 0.5,
          "bucket_hit": 0.0,
          "rank_avg": 4.5
        }
      },
      "consensus": {
        "n": 2,
        "mae": 0.4875000000000007,
        "bias": -0.4875000000000007,
        "hit_1c": 1.0,
        "bucket_hit": 0.5,
        "rank_avg": null
      },
      "days_measured": 2
    }
  },
  "global": {
    "models": {
      "MeteoFrance": {
        "n": 3,
        "mae": 0.6333333333333329,
        "bias": 0.09999999999999905,
        "hit_1c": 1.0,
        "bucket_hit": 0.3333333333333333,
        "rank_avg": 2.3333333333333335
      },
      "ICON": {
        "n": 3,
        "mae": 0.7333333333333331,
        "bias": 0.39999999999999974,
        "hit_1c": 0.6666666666666666,
        "bucket_hit": 0.6666666666666666,
        "rank_avg": 3.0
      },
      "GFS": {
        "n": 3,
        "mae": 1.4666666666666661,
        "bias": -0.6666666666666666,
        "hit_1c": 0.3333333333333333,
        "bucket_hit": 0.3333333333333333,
        "rank_avg": 2.6666666666666665
      },
      "UKMO": {
        "n": 3,
        "mae": 0.7666666666666669,
        "bias": 0.033333333333332625,
        "hit_1c": 0.6666666666666666,
        "bucket_hit": 0.3333333333333333,
        "rank_avg": 2.6666666666666665
      },
      "ECMWF": {
        "n": 3,
        "mae": 1.1666666666666667,
        "bias": -0.29999999999999954,
        "hit_1c": 0.3333333333333333,
        "bucket_hit": 0.0,
        "rank_avg": 4.333333333333333
      }
    },
    "consensus": {
      "n": 3,
      "mae": 0.7050000000000006,
      "bias": 0.054999999999999716,
      "hit_1c": 0.6666666666666666,
      "bucket_hit": 0.3333333333333333,
      "rank_avg": null
    },
    "days_measured": 3
  },
  "last_update": "2026-04-20T01:35:30.102681+03:00",
  "hit_window_c": 1.0
}