{
  "per_city": {
    "london": {
      "models": {
        "MeteoFrance": {
          "n": 11,
          "mae": 0.9905084122316116,
          "bias": -0.9498153953678377,
          "hit_1c": 0.45454545454545453,
          "bucket_hit": 0.2727272727272727,
          "rank_avg": 3.5454545454545454
        },
        "ICON": {
          "n": 11,
          "mae": 0.5804612053788233,
          "bias": -0.5051029280190913,
          "hit_1c": 0.8181818181818182,
          "bucket_hit": 0.5454545454545454,
          "rank_avg": 2.8181818181818183
        },
        "GFS": {
          "n": 11,
          "mae": 0.7978395037444312,
          "bias": -0.6664194952714522,
          "hit_1c": 0.5454545454545454,
          "bucket_hit": 0.2727272727272727,
          "rank_avg": 3.0
        },
        "UKMO": {
          "n": 11,
          "mae": 0.6361723287984831,
          "bias": -0.6138302634150541,
          "hit_1c": 0.6363636363636364,
          "bucket_hit": 0.5454545454545454,
          "rank_avg": 2.4545454545454546
        },
        "ECMWF": {
          "n": 11,
          "mae": 0.7939226445631877,
          "bias": -0.4880996177175481,
          "hit_1c": 0.7272727272727273,
          "bucket_hit": 0.45454545454545453,
          "rank_avg": 3.1818181818181817
        }
      },
      "consensus": {
        "n": 11,
        "mae": 0.6790533308449251,
        "bias": -0.6446535399581959,
        "hit_1c": 0.7272727272727273,
        "bucket_hit": 0.45454545454545453,
        "rank_avg": null
      },
      "days_measured": 11
    },
    "paris": {
      "models": {
        "MeteoFrance": {
          "n": 10,
          "mae": 0.5196371407755063,
          "bias": -0.009450509638485016,
          "hit_1c": 0.8,
          "bucket_hit": 0.6,
          "rank_avg": 3.1
        },
        "ICON": {
          "n": 10,
          "mae": 0.35567019757501406,
          "bias": -0.22598282107669085,
          "hit_1c": 0.9,
          "bucket_hit": 0.9,
          "rank_avg": 2.0
        },
        "GFS": {
          "n": 10,
          "mae": 0.6044872851657107,
          "bias": -0.49139885761567825,
          "hit_1c": 0.7,
          "bucket_hit": 0.6,
          "rank_avg": 3.6
        },
        "UKMO": {
          "n": 10,
          "mae": 0.5461272755108973,
          "bias": -0.16716514361612003,
          "hit_1c": 0.8,
          "bucket_hit": 0.7,
          "rank_avg": 2.7
        },
        "ECMWF": {
          "n": 10,
          "mae": 0.8197379563538378,
          "bias": -0.6274217275911285,
          "hit_1c": 0.7,
          "bucket_hit": 0.3,
          "rank_avg": 3.6
        }
      },
      "consensus": {
        "n": 10,
        "mae": 0.4083776834143077,
        "bias": -0.30428381190762044,
        "hit_1c": 0.9,
        "bucket_hit": 0.7,
        "rank_avg": null
      },
      "days_measured": 10
    }
  },
  "global": {
    "models": {
      "MeteoFrance": {
        "n": 21,
        "mae": 0.7662839972525138,
        "bias": -0.5020225926395745,
        "hit_1c": 0.6190476190476191,
        "bucket_hit": 0.42857142857142855,
        "rank_avg": 3.3333333333333335
      },
      "ICON": {
        "n": 21,
        "mae": 0.4734178683293903,
        "bias": -0.37218859137985294,
        "hit_1c": 0.8571428571428571,
        "bucket_hit": 0.7142857142857143,
        "rank_avg": 2.4285714285714284
      },
      "GFS": {
        "n": 21,
        "mae": 0.7057670187069454,
        "bias": -0.5830763344829885,
        "hit_1c": 0.6190476190476191,
        "bucket_hit": 0.42857142857142855,
        "rank_avg": 3.2857142857142856
      },
      "UKMO": {
        "n": 21,
        "mae": 0.5932937319948708,
        "bias": -0.4011325873203236,
        "hit_1c": 0.7142857142857143,
        "bucket_hit": 0.6190476190476191,
        "rank_avg": 2.5714285714285716
      },
      "ECMWF": {
        "n": 21,
        "mae": 0.806215650177783,
        "bias": -0.5544434795621103,
        "hit_1c": 0.7142857142857143,
        "bucket_hit": 0.38095238095238093,
        "rank_avg": 3.380952380952381
      }
    },
    "consensus": {
      "n": 21,
      "mae": 0.5501601654017739,
      "bias": -0.48257271707696947,
      "hit_1c": 0.8095238095238095,
      "bucket_hit": 0.5714285714285714,
      "rank_avg": null
    },
    "days_measured": 21
  },
  "last_update": "2026-05-23T10:12:53.657044+03:00",
  "hit_window_c": 1.0
}