{
  "per_city": {
    "london": {
      "models": {
        "MeteoFrance": {
          "n": 8,
          "mae": 0.589285714285714,
          "bias": -0.41428571428571415,
          "hit_1c": 0.875,
          "bucket_hit": 0.5,
          "rank_avg": 2.75
        },
        "ICON": {
          "n": 8,
          "mae": 0.6642857142857148,
          "bias": -0.1642857142857148,
          "hit_1c": 0.75,
          "bucket_hit": 0.25,
          "rank_avg": 3.5
        },
        "GFS": {
          "n": 8,
          "mae": 0.6053571428571431,
          "bias": -0.23035714285714315,
          "hit_1c": 0.625,
          "bucket_hit": 0.625,
          "rank_avg": 2.75
        },
        "UKMO": {
          "n": 8,
          "mae": 0.449404761904761,
          "bias": 0.17142857142857126,
          "hit_1c": 0.875,
          "bucket_hit": 0.75,
          "rank_avg": 2.875
        },
        "ECMWF": {
          "n": 8,
          "mae": 0.502380952380953,
          "bias": 0.42678571428571455,
          "hit_1c": 0.75,
          "bucket_hit": 0.625,
          "rank_avg": 3.125
        }
      },
      "consensus": {
        "n": 8,
        "mae": 0.487142857142858,
        "bias": -0.04214285714285726,
        "hit_1c": 0.875,
        "bucket_hit": 0.625,
        "rank_avg": null
      },
      "days_measured": 8
    },
    "paris": {
      "models": {
        "MeteoFrance": {
          "n": 8,
          "mae": 0.5464285714285715,
          "bias": 0.27857142857142825,
          "hit_1c": 1.0,
          "bucket_hit": 0.5,
          "rank_avg": 3.0
        },
        "ICON": {
          "n": 8,
          "mae": 0.2839285714285713,
          "bias": -0.10892857142857149,
          "hit_1c": 1.0,
          "bucket_hit": 1.0,
          "rank_avg": 1.75
        },
        "GFS": {
          "n": 8,
          "mae": 1.1375,
          "bias": -1.1375,
          "hit_1c": 0.5,
          "bucket_hit": 0.25,
          "rank_avg": 3.75
        },
        "UKMO": {
          "n": 8,
          "mae": 0.4690476190476196,
          "bias": -0.2357142857142862,
          "hit_1c": 1.0,
          "bucket_hit": 0.625,
          "rank_avg": 2.875
        },
        "ECMWF": {
          "n": 8,
          "mae": 0.901785714285714,
          "bias": -0.8017857142857143,
          "hit_1c": 0.625,
          "bucket_hit": 0.25,
          "rank_avg": 3.625
        }
      },
      "consensus": {
        "n": 8,
        "mae": 0.3579464285714282,
        "bias": -0.34794642857142843,
        "hit_1c": 1.0,
        "bucket_hit": 0.625,
        "rank_avg": null
      },
      "days_measured": 8
    }
  },
  "global": {
    "models": {
      "MeteoFrance": {
        "n": 16,
        "mae": 0.5678571428571427,
        "bias": -0.06785714285714295,
        "hit_1c": 0.9375,
        "bucket_hit": 0.5,
        "rank_avg": 2.875
      },
      "ICON": {
        "n": 16,
        "mae": 0.47410714285714306,
        "bias": -0.13660714285714315,
        "hit_1c": 0.875,
        "bucket_hit": 0.625,
        "rank_avg": 2.625
      },
      "GFS": {
        "n": 16,
        "mae": 0.8714285714285716,
        "bias": -0.6839285714285716,
        "hit_1c": 0.5625,
        "bucket_hit": 0.4375,
        "rank_avg": 3.25
      },
      "UKMO": {
        "n": 16,
        "mae": 0.4592261904761903,
        "bias": -0.03214285714285747,
        "hit_1c": 0.9375,
        "bucket_hit": 0.6875,
        "rank_avg": 2.875
      },
      "ECMWF": {
        "n": 16,
        "mae": 0.7020833333333335,
        "bias": -0.1874999999999999,
        "hit_1c": 0.6875,
        "bucket_hit": 0.4375,
        "rank_avg": 3.375
      }
    },
    "consensus": {
      "n": 16,
      "mae": 0.4225446428571431,
      "bias": -0.19504464285714285,
      "hit_1c": 0.9375,
      "bucket_hit": 0.625,
      "rank_avg": null
    },
    "days_measured": 16
  },
  "last_update": "2026-04-26T15:40:38.772794+03:00",
  "hit_window_c": 1.0
}