{
  "per_city": {
    "london": {
      "models": {
        "MeteoFrance": {
          "n": 12,
          "mae": 0.5812600463509551,
          "bias": -0.23718319559228687,
          "hit_1c": 0.8333333333333334,
          "bucket_hit": 0.5,
          "rank_avg": 3.0
        },
        "ICON": {
          "n": 12,
          "mae": 0.5968935556867377,
          "bias": -0.16190426997245191,
          "hit_1c": 0.9166666666666666,
          "bucket_hit": 0.4166666666666667,
          "rank_avg": 3.4166666666666665
        },
        "GFS": {
          "n": 12,
          "mae": 0.4679239866194411,
          "bias": -0.1991811294765841,
          "hit_1c": 0.9166666666666666,
          "bucket_hit": 0.6666666666666666,
          "rank_avg": 2.5833333333333335
        },
        "UKMO": {
          "n": 12,
          "mae": 0.5128367103939824,
          "bias": 0.1409655647382917,
          "hit_1c": 0.9166666666666666,
          "bucket_hit": 0.6666666666666666,
          "rank_avg": 3.0833333333333335
        },
        "ECMWF": {
          "n": 12,
          "mae": 0.5297953408544315,
          "bias": 0.18004407713498635,
          "hit_1c": 0.75,
          "bucket_hit": 0.5833333333333334,
          "rank_avg": 2.9166666666666665
        }
      },
      "consensus": {
        "n": 12,
        "mae": 0.437586711268529,
        "bias": -0.055451790633608944,
        "hit_1c": 1.0,
        "bucket_hit": 0.6666666666666666,
        "rank_avg": null
      },
      "days_measured": 12
    },
    "paris": {
      "models": {
        "MeteoFrance": {
          "n": 11,
          "mae": 0.48706587599728124,
          "bias": 0.2084635612321564,
          "hit_1c": 0.9090909090909091,
          "bucket_hit": 0.6363636363636364,
          "rank_avg": 2.6363636363636362
        },
        "ICON": {
          "n": 11,
          "mae": 0.3635403145981655,
          "bias": -0.10690683696468768,
          "hit_1c": 1.0,
          "bucket_hit": 0.7272727272727273,
          "rank_avg": 2.3636363636363638
        },
        "GFS": {
          "n": 11,
          "mae": 0.9849053343350863,
          "bias": -0.6980871525169043,
          "hit_1c": 0.45454545454545453,
          "bucket_hit": 0.18181818181818182,
          "rank_avg": 4.181818181818182
        },
        "UKMO": {
          "n": 11,
          "mae": 0.48088260241136377,
          "bias": 0.030564237415477372,
          "hit_1c": 0.9090909090909091,
          "bucket_hit": 0.45454545454545453,
          "rank_avg": 2.727272727272727
        },
        "ECMWF": {
          "n": 11,
          "mae": 0.5232773424922182,
          "bias": -0.20477084898572492,
          "hit_1c": 0.9090909090909091,
          "bucket_hit": 0.7272727272727273,
          "rank_avg": 3.090909090909091
        }
      },
      "consensus": {
        "n": 11,
        "mae": 0.42339271820924684,
        "bias": -0.15414740796393678,
        "hit_1c": 0.9090909090909091,
        "bucket_hit": 0.45454545454545453,
        "rank_avg": null
      },
      "days_measured": 11
    }
  },
  "global": {
    "models": {
      "MeteoFrance": {
        "n": 23,
        "mae": 0.5362106605296328,
        "bias": -0.024047790154509655,
        "hit_1c": 0.8695652173913043,
        "bucket_hit": 0.5652173913043478,
        "rank_avg": 2.8260869565217392
      },
      "ICON": {
        "n": 23,
        "mae": 0.4852898316878554,
        "bias": -0.13560114983830382,
        "hit_1c": 0.9565217391304348,
        "bucket_hit": 0.5652173913043478,
        "rank_avg": 2.9130434782608696
      },
      "GFS": {
        "n": 23,
        "mae": 0.7151759355269236,
        "bias": -0.4377883578871721,
        "hit_1c": 0.6956521739130435,
        "bucket_hit": 0.43478260869565216,
        "rank_avg": 3.347826086956522
      },
      "UKMO": {
        "n": 23,
        "mae": 0.49755431092403435,
        "bias": 0.08816492993172832,
        "hit_1c": 0.9130434782608695,
        "bucket_hit": 0.5652173913043478,
        "rank_avg": 2.9130434782608696
      },
      "ECMWF": {
        "n": 23,
        "mae": 0.5266780372898947,
        "bias": -0.003997844053179918,
        "hit_1c": 0.8260869565217391,
        "bucket_hit": 0.6521739130434783,
        "rank_avg": 3.0
      }
    },
    "consensus": {
      "n": 23,
      "mae": 0.43079827980539404,
      "bias": -0.10265404240028747,
      "hit_1c": 0.9565217391304348,
      "bucket_hit": 0.5652173913043478,
      "rank_avg": null
    },
    "days_measured": 23
  },
  "last_update": "2026-05-04T15:27:49.289136+03:00",
  "hit_window_c": 1.0
}