{
  "per_city": {
    "london": {
      "models": {
        "MeteoFrance": {
          "n": 5,
          "mae": 0.43999999999999984,
          "bias": -0.16000000000000014,
          "hit_1c": 1.0,
          "bucket_hit": 0.6,
          "rank_avg": 2.2
        },
        "ICON": {
          "n": 5,
          "mae": 0.5800000000000001,
          "bias": 0.21999999999999992,
          "hit_1c": 0.8,
          "bucket_hit": 0.4,
          "rank_avg": 3.2
        },
        "GFS": {
          "n": 5,
          "mae": 0.6399999999999999,
          "bias": -0.039999999999999855,
          "hit_1c": 0.6,
          "bucket_hit": 0.6,
          "rank_avg": 3.0
        },
        "UKMO": {
          "n": 5,
          "mae": 0.5799999999999997,
          "bias": 0.33999999999999986,
          "hit_1c": 0.8,
          "bucket_hit": 0.6,
          "rank_avg": 2.8
        },
        "ECMWF": {
          "n": 5,
          "mae": 0.7400000000000002,
          "bias": 0.7400000000000002,
          "hit_1c": 0.6,
          "bucket_hit": 0.4,
          "rank_avg": 3.8
        }
      },
      "consensus": {
        "n": 5,
        "mae": 0.4920000000000009,
        "bias": 0.22000000000000028,
        "hit_1c": 0.8,
        "bucket_hit": 0.6,
        "rank_avg": null
      },
      "days_measured": 5
    },
    "paris": {
      "models": {
        "MeteoFrance": {
          "n": 5,
          "mae": 0.6199999999999999,
          "bias": 0.29999999999999966,
          "hit_1c": 1.0,
          "bucket_hit": 0.4,
          "rank_avg": 3.4
        },
        "ICON": {
          "n": 5,
          "mae": 0.29999999999999966,
          "bias": -0.1400000000000002,
          "hit_1c": 1.0,
          "bucket_hit": 1.0,
          "rank_avg": 1.6
        },
        "GFS": {
          "n": 5,
          "mae": 1.2599999999999998,
          "bias": -1.2599999999999998,
          "hit_1c": 0.6,
          "bucket_hit": 0.4,
          "rank_avg": 3.0
        },
        "UKMO": {
          "n": 5,
          "mae": 0.44000000000000056,
          "bias": -0.44000000000000056,
          "hit_1c": 1.0,
          "bucket_hit": 0.8,
          "rank_avg": 2.6
        },
        "ECMWF": {
          "n": 5,
          "mae": 1.1799999999999997,
          "bias": -1.1799999999999997,
          "hit_1c": 0.4,
          "bucket_hit": 0.0,
          "rank_avg": 4.4
        }
      },
      "consensus": {
        "n": 5,
        "mae": 0.45899999999999963,
        "bias": -0.45899999999999963,
        "hit_1c": 1.0,
        "bucket_hit": 0.6,
        "rank_avg": null
      },
      "days_measured": 5
    }
  },
  "global": {
    "models": {
      "MeteoFrance": {
        "n": 10,
        "mae": 0.5299999999999999,
        "bias": 0.06999999999999976,
        "hit_1c": 1.0,
        "bucket_hit": 0.5,
        "rank_avg": 2.8
      },
      "ICON": {
        "n": 10,
        "mae": 0.43999999999999984,
        "bias": 0.039999999999999855,
        "hit_1c": 0.9,
        "bucket_hit": 0.7,
        "rank_avg": 2.4
      },
      "GFS": {
        "n": 10,
        "mae": 0.9499999999999998,
        "bias": -0.6499999999999998,
        "hit_1c": 0.6,
        "bucket_hit": 0.5,
        "rank_avg": 3.0
      },
      "UKMO": {
        "n": 10,
        "mae": 0.5100000000000001,
        "bias": -0.05000000000000036,
        "hit_1c": 0.9,
        "bucket_hit": 0.7,
        "rank_avg": 2.7
      },
      "ECMWF": {
        "n": 10,
        "mae": 0.96,
        "bias": -0.21999999999999975,
        "hit_1c": 0.5,
        "bucket_hit": 0.2,
        "rank_avg": 4.1
      }
    },
    "consensus": {
      "n": 10,
      "mae": 0.47550000000000026,
      "bias": -0.11949999999999968,
      "hit_1c": 0.9,
      "bucket_hit": 0.6,
      "rank_avg": null
    },
    "days_measured": 10
  },
  "last_update": "2026-04-23T16:15:43.587901+03:00",
  "hit_window_c": 1.0
}