{
  "per_city": {
    "london": {
      "models": {
        "MeteoFrance": {
          "n": 13,
          "mae": 1.1669936795929767,
          "bias": -0.5069218810329216,
          "hit_1c": 0.38461538461538464,
          "bucket_hit": 0.23076923076923078,
          "rank_avg": 3.6923076923076925
        },
        "ICON": {
          "n": 13,
          "mae": 0.7733373444654722,
          "bias": -0.19424453876164954,
          "hit_1c": 0.6923076923076923,
          "bucket_hit": 0.38461538461538464,
          "rank_avg": 2.8461538461538463
        },
        "GFS": {
          "n": 13,
          "mae": 0.8971382023489398,
          "bias": -0.3554301660646996,
          "hit_1c": 0.6153846153846154,
          "bucket_hit": 0.23076923076923078,
          "rank_avg": 2.923076923076923
        },
        "UKMO": {
          "n": 13,
          "mae": 0.7653297812495988,
          "bias": -0.31121967491265445,
          "hit_1c": 0.5384615384615384,
          "bucket_hit": 0.46153846153846156,
          "rank_avg": 2.230769230769231
        },
        "ECMWF": {
          "n": 13,
          "mae": 0.9930373939622015,
          "bias": -0.09175067412149805,
          "hit_1c": 0.6153846153846154,
          "bucket_hit": 0.38461538461538464,
          "rank_avg": 3.3076923076923075
        }
      },
      "consensus": {
        "n": 13,
        "mae": 0.8287134570334326,
        "bias": -0.2919133869786841,
        "hit_1c": 0.6923076923076923,
        "bucket_hit": 0.38461538461538464,
        "rank_avg": null
      },
      "days_measured": 13
    },
    "paris": {
      "models": {
        "MeteoFrance": {
          "n": 12,
          "mae": 0.573852354435391,
          "bias": 0.10235308629398565,
          "hit_1c": 0.75,
          "bucket_hit": 0.5833333333333334,
          "rank_avg": 3.0833333333333335
        },
        "ICON": {
          "n": 12,
          "mae": 0.4224162730470467,
          "bias": -0.24752760701880364,
          "hit_1c": 0.8333333333333334,
          "bucket_hit": 0.8333333333333334,
          "rank_avg": 2.25
        },
        "GFS": {
          "n": 12,
          "mae": 0.564951206542939,
          "bias": -0.3403100483385228,
          "hit_1c": 0.8333333333333334,
          "bucket_hit": 0.5833333333333334,
          "rank_avg": 3.25
        },
        "UKMO": {
          "n": 12,
          "mae": 0.501157155271911,
          "bias": -0.20837589487472177,
          "hit_1c": 0.8333333333333334,
          "bucket_hit": 0.6666666666666666,
          "rank_avg": 2.5833333333333335
        },
        "ECMWF": {
          "n": 12,
          "mae": 0.9505604539025985,
          "bias": -0.514355030037129,
          "hit_1c": 0.6666666666666666,
          "bucket_hit": 0.25,
          "rank_avg": 3.8333333333333335
        }
      },
      "consensus": {
        "n": 12,
        "mae": 0.5035419507930211,
        "bias": -0.24164309879503806,
        "hit_1c": 0.9166666666666666,
        "bucket_hit": 0.5833333333333334,
        "rank_avg": null
      },
      "days_measured": 12
    }
  },
  "global": {
    "models": {
      "MeteoFrance": {
        "n": 25,
        "mae": 0.8822858435173354,
        "bias": -0.2144698967160061,
        "hit_1c": 0.56,
        "bucket_hit": 0.4,
        "rank_avg": 3.4
      },
      "ICON": {
        "n": 25,
        "mae": 0.604895230184628,
        "bias": -0.21982041152508353,
        "hit_1c": 0.76,
        "bucket_hit": 0.6,
        "rank_avg": 2.56
      },
      "GFS": {
        "n": 25,
        "mae": 0.7376884443620594,
        "bias": -0.34817250955613477,
        "hit_1c": 0.72,
        "bucket_hit": 0.4,
        "rank_avg": 3.08
      },
      "UKMO": {
        "n": 25,
        "mae": 0.6385269207803086,
        "bias": -0.2618546604944468,
        "hit_1c": 0.68,
        "bucket_hit": 0.56,
        "rank_avg": 2.4
      },
      "ECMWF": {
        "n": 25,
        "mae": 0.972648462733592,
        "bias": -0.29460076496100096,
        "hit_1c": 0.64,
        "bucket_hit": 0.32,
        "rank_avg": 3.56
      }
    },
    "consensus": {
      "n": 25,
      "mae": 0.6726311340380352,
      "bias": -0.267783648650534,
      "hit_1c": 0.8,
      "bucket_hit": 0.48,
      "rank_avg": null
    },
    "days_measured": 25
  },
  "last_update": "2026-05-22T12:42:58.862941+03:00",
  "hit_window_c": 1.0
}