{
  "per_city": {
    "london": {
      "models": {
        "MeteoFrance": {
          "n": 11,
          "mae": 1.0393793868061707,
          "bias": 0.3725178419093835,
          "hit_1c": 0.5454545454545454,
          "bucket_hit": 0.45454545454545453,
          "rank_avg": 3.4545454545454546
        },
        "ICON": {
          "n": 11,
          "mae": 0.5734174257341403,
          "bias": -0.23634307720131112,
          "hit_1c": 0.8181818181818182,
          "bucket_hit": 0.45454545454545453,
          "rank_avg": 2.4545454545454546
        },
        "GFS": {
          "n": 11,
          "mae": 0.9760828821230173,
          "bias": 0.026793760630816944,
          "hit_1c": 0.5454545454545454,
          "bucket_hit": 0.45454545454545453,
          "rank_avg": 3.1818181818181817
        },
        "UKMO": {
          "n": 11,
          "mae": 0.3926968124413425,
          "bias": 0.0759221024570755,
          "hit_1c": 0.8181818181818182,
          "bucket_hit": 0.7272727272727273,
          "rank_avg": 2.090909090909091
        },
        "ECMWF": {
          "n": 11,
          "mae": 1.0568952556176263,
          "bias": 0.34321628119781683,
          "hit_1c": 0.45454545454545453,
          "bucket_hit": 0.2727272727272727,
          "rank_avg": 3.8181818181818183
        }
      },
      "consensus": {
        "n": 11,
        "mae": 0.6738892354746523,
        "bias": 0.1164213817987571,
        "hit_1c": 0.6363636363636364,
        "bucket_hit": 0.45454545454545453,
        "rank_avg": null
      },
      "days_measured": 11
    },
    "paris": {
      "models": {
        "MeteoFrance": {
          "n": 11,
          "mae": 0.8710441117404474,
          "bias": 0.5570290389589068,
          "hit_1c": 0.6363636363636364,
          "bucket_hit": 0.2727272727272727,
          "rank_avg": 3.6363636363636362
        },
        "ICON": {
          "n": 11,
          "mae": 0.31069660451448394,
          "bias": 0.0481292357012409,
          "hit_1c": 1.0,
          "bucket_hit": 0.8181818181818182,
          "rank_avg": 1.5454545454545454
        },
        "GFS": {
          "n": 11,
          "mae": 0.8736010818329525,
          "bias": -0.6331242566731664,
          "hit_1c": 0.7272727272727273,
          "bucket_hit": 0.2727272727272727,
          "rank_avg": 3.727272727272727
        },
        "UKMO": {
          "n": 11,
          "mae": 0.5514610583609205,
          "bias": 0.37579798817995813,
          "hit_1c": 0.8181818181818182,
          "bucket_hit": 0.6363636363636364,
          "rank_avg": 2.4545454545454546
        },
        "ECMWF": {
          "n": 11,
          "mae": 0.9264086356532512,
          "bias": -0.8021600501314261,
          "hit_1c": 0.6363636363636364,
          "bucket_hit": 0.36363636363636365,
          "rank_avg": 3.6363636363636362
        }
      },
      "consensus": {
        "n": 11,
        "mae": 0.4081123642272137,
        "bias": -0.13277812236692943,
        "hit_1c": 0.9090909090909091,
        "bucket_hit": 0.7272727272727273,
        "rank_avg": null
      },
      "days_measured": 11
    }
  },
  "global": {
    "models": {
      "MeteoFrance": {
        "n": 22,
        "mae": 0.955211749273309,
        "bias": 0.4647734404341451,
        "hit_1c": 0.5909090909090909,
        "bucket_hit": 0.36363636363636365,
        "rank_avg": 3.5454545454545454
      },
      "ICON": {
        "n": 22,
        "mae": 0.4420570151243121,
        "bias": -0.09410692075003511,
        "hit_1c": 0.9090909090909091,
        "bucket_hit": 0.6363636363636364,
        "rank_avg": 2.0
      },
      "GFS": {
        "n": 22,
        "mae": 0.9248419819779848,
        "bias": -0.3031652480211747,
        "hit_1c": 0.6363636363636364,
        "bucket_hit": 0.36363636363636365,
        "rank_avg": 3.4545454545454546
      },
      "UKMO": {
        "n": 22,
        "mae": 0.4720789354011315,
        "bias": 0.2258600453185168,
        "hit_1c": 0.8181818181818182,
        "bucket_hit": 0.6818181818181818,
        "rank_avg": 2.272727272727273
      },
      "ECMWF": {
        "n": 22,
        "mae": 0.9916519456354387,
        "bias": -0.22947188446680464,
        "hit_1c": 0.5454545454545454,
        "bucket_hit": 0.3181818181818182,
        "rank_avg": 3.727272727272727
      }
    },
    "consensus": {
      "n": 22,
      "mae": 0.541000799850933,
      "bias": -0.00817837028408616,
      "hit_1c": 0.7727272727272727,
      "bucket_hit": 0.5909090909090909,
      "rank_avg": null
    },
    "days_measured": 22
  },
  "last_update": "2026-06-02T06:32:39.333682+03:00",
  "hit_window_c": 1.0
}