{
  "per_city": {
    "london": {
      "models": {
        "MeteoFrance": {
          "n": 12,
          "mae": 0.6756056894267118,
          "bias": 0.30954339986442186,
          "hit_1c": 0.75,
          "bucket_hit": 0.4166666666666667,
          "rank_avg": 3.4166666666666665
        },
        "ICON": {
          "n": 12,
          "mae": 0.6451037280691096,
          "bias": 0.21001682343683883,
          "hit_1c": 0.9166666666666666,
          "bucket_hit": 0.5,
          "rank_avg": 3.5
        },
        "GFS": {
          "n": 12,
          "mae": 0.6075073374624621,
          "bias": 0.13282766590328018,
          "hit_1c": 0.9166666666666666,
          "bucket_hit": 0.5833333333333334,
          "rank_avg": 3.0833333333333335
        },
        "UKMO": {
          "n": 12,
          "mae": 0.4949978032984476,
          "bias": 0.1799366998161028,
          "hit_1c": 0.9166666666666666,
          "bucket_hit": 0.5833333333333334,
          "rank_avg": 2.4166666666666665
        },
        "ECMWF": {
          "n": 12,
          "mae": 0.5353929667509597,
          "bias": 0.1203098848013946,
          "hit_1c": 0.8333333333333334,
          "bucket_hit": 0.5,
          "rank_avg": 2.5833333333333335
        }
      },
      "consensus": {
        "n": 12,
        "mae": 0.4821469660956173,
        "bias": 0.19052689476440796,
        "hit_1c": 0.9166666666666666,
        "bucket_hit": 0.6666666666666666,
        "rank_avg": null
      },
      "days_measured": 12
    },
    "paris": {
      "models": {
        "MeteoFrance": {
          "n": 12,
          "mae": 0.4803662328684311,
          "bias": 0.2462092424154414,
          "hit_1c": 0.9166666666666666,
          "bucket_hit": 0.6666666666666666,
          "rank_avg": 2.6666666666666665
        },
        "ICON": {
          "n": 12,
          "mae": 0.353198076743703,
          "bias": -0.14121077757987832,
          "hit_1c": 1.0,
          "bucket_hit": 0.8333333333333334,
          "rank_avg": 2.5
        },
        "GFS": {
          "n": 12,
          "mae": 1.027051689279749,
          "bias": -0.10627029262396921,
          "hit_1c": 0.5,
          "bucket_hit": 0.3333333333333333,
          "rank_avg": 4.083333333333333
        },
        "UKMO": {
          "n": 12,
          "mae": 0.4232929017684359,
          "bias": -0.15848430137684075,
          "hit_1c": 0.8333333333333334,
          "bucket_hit": 0.6666666666666666,
          "rank_avg": 2.5
        },
        "ECMWF": {
          "n": 12,
          "mae": 0.47028945889885776,
          "bias": -0.3278999363252633,
          "hit_1c": 0.9166666666666666,
          "bucket_hit": 0.75,
          "rank_avg": 3.25
        }
      },
      "consensus": {
        "n": 12,
        "mae": 0.3705072175048561,
        "bias": -0.09753121309810216,
        "hit_1c": 0.9166666666666666,
        "bucket_hit": 0.5833333333333334,
        "rank_avg": null
      },
      "days_measured": 12
    }
  },
  "global": {
    "models": {
      "MeteoFrance": {
        "n": 24,
        "mae": 0.5779859611475715,
        "bias": 0.2778763211399316,
        "hit_1c": 0.8333333333333334,
        "bucket_hit": 0.5416666666666666,
        "rank_avg": 3.0416666666666665
      },
      "ICON": {
        "n": 24,
        "mae": 0.4991509024064063,
        "bias": 0.03440302292848026,
        "hit_1c": 0.9583333333333334,
        "bucket_hit": 0.6666666666666666,
        "rank_avg": 3.0
      },
      "GFS": {
        "n": 24,
        "mae": 0.8172795133711054,
        "bias": 0.01327868663965548,
        "hit_1c": 0.7083333333333334,
        "bucket_hit": 0.4583333333333333,
        "rank_avg": 3.5833333333333335
      },
      "UKMO": {
        "n": 24,
        "mae": 0.45914535253344174,
        "bias": 0.010726199219631027,
        "hit_1c": 0.875,
        "bucket_hit": 0.625,
        "rank_avg": 2.4583333333333335
      },
      "ECMWF": {
        "n": 24,
        "mae": 0.5028412128249088,
        "bias": -0.10379502576193438,
        "hit_1c": 0.875,
        "bucket_hit": 0.625,
        "rank_avg": 2.9166666666666665
      }
    },
    "consensus": {
      "n": 24,
      "mae": 0.4263270918002367,
      "bias": 0.04649784083315289,
      "hit_1c": 0.9166666666666666,
      "bucket_hit": 0.625,
      "rank_avg": null
    },
    "days_measured": 24
  },
  "last_update": "2026-05-09T07:31:57.378907+03:00",
  "hit_window_c": 1.0
}