{
  "per_city": {
    "london": {
      "models": {
        "MeteoFrance": {
          "n": 11,
          "mae": 0.6933665387721063,
          "bias": 0.29402585924960806,
          "hit_1c": 0.7272727272727273,
          "bucket_hit": 0.36363636363636365,
          "rank_avg": 3.272727272727273
        },
        "ICON": {
          "n": 11,
          "mae": 0.6244691855778203,
          "bias": 0.2356507783651984,
          "hit_1c": 0.9090909090909091,
          "bucket_hit": 0.5454545454545454,
          "rank_avg": 3.272727272727273
        },
        "GFS": {
          "n": 11,
          "mae": 0.6472200206000726,
          "bias": 0.15836823327804436,
          "hit_1c": 0.9090909090909091,
          "bucket_hit": 0.5454545454545454,
          "rank_avg": 3.0
        },
        "UKMO": {
          "n": 11,
          "mae": 0.593817692271625,
          "bias": 0.26937358661439814,
          "hit_1c": 0.8181818181818182,
          "bucket_hit": 0.5454545454545454,
          "rank_avg": 2.727272727272727
        },
        "ECMWF": {
          "n": 11,
          "mae": 0.6076989546793996,
          "bias": 0.28113047650926926,
          "hit_1c": 0.7272727272727273,
          "bucket_hit": 0.5454545454545454,
          "rank_avg": 2.727272727272727
        }
      },
      "consensus": {
        "n": 11,
        "mae": 0.5242712693978433,
        "bias": 0.24770978680330363,
        "hit_1c": 0.9090909090909091,
        "bucket_hit": 0.6363636363636364,
        "rank_avg": null
      },
      "days_measured": 11
    },
    "paris": {
      "models": {
        "MeteoFrance": {
          "n": 12,
          "mae": 0.5242728713956896,
          "bias": 0.2901158809426998,
          "hit_1c": 0.8333333333333334,
          "bucket_hit": 0.6666666666666666,
          "rank_avg": 2.6666666666666665
        },
        "ICON": {
          "n": 12,
          "mae": 0.37898771327142916,
          "bias": -0.11542114105215218,
          "hit_1c": 1.0,
          "bucket_hit": 0.75,
          "rank_avg": 2.4166666666666665
        },
        "GFS": {
          "n": 12,
          "mae": 1.0528829933506854,
          "bias": -0.08043898855303293,
          "hit_1c": 0.5,
          "bucket_hit": 0.3333333333333333,
          "rank_avg": 4.0
        },
        "UKMO": {
          "n": 12,
          "mae": 0.4562841890489772,
          "bias": -0.10218987437166731,
          "hit_1c": 0.8333333333333334,
          "bucket_hit": 0.5833333333333334,
          "rank_avg": 2.4166666666666665
        },
        "ECMWF": {
          "n": 12,
          "mae": 0.5415615953885272,
          "bias": -0.24887445376731362,
          "hit_1c": 0.9166666666666666,
          "bucket_hit": 0.6666666666666666,
          "rank_avg": 3.5
        }
      },
      "consensus": {
        "n": 12,
        "mae": 0.4166767152426649,
        "bias": -0.05136171536029336,
        "hit_1c": 0.9166666666666666,
        "bucket_hit": 0.5,
        "rank_avg": null
      },
      "days_measured": 12
    }
  },
  "global": {
    "models": {
      "MeteoFrance": {
        "n": 23,
        "mae": 0.6051437557931062,
        "bias": 0.2919858705677429,
        "hit_1c": 0.782608695652174,
        "bucket_hit": 0.5217391304347826,
        "rank_avg": 2.9565217391304346
      },
      "ICON": {
        "n": 23,
        "mae": 0.4963918956788336,
        "bias": 0.05248282040831984,
        "hit_1c": 0.9565217391304348,
        "bucket_hit": 0.6521739130434783,
        "rank_avg": 2.8260869565217392
      },
      "GFS": {
        "n": 23,
        "mae": 0.8588702672525662,
        "bias": 0.033773161018351865,
        "hit_1c": 0.6956521739130435,
        "bucket_hit": 0.43478260869565216,
        "rank_avg": 3.5217391304347827
      },
      "UKMO": {
        "n": 23,
        "mae": 0.5220610818945913,
        "bias": 0.07551438957819008,
        "hit_1c": 0.8260869565217391,
        "bucket_hit": 0.5652173913043478,
        "rank_avg": 2.5652173913043477
      },
      "ECMWF": {
        "n": 23,
        "mae": 0.5731925063537271,
        "bias": 0.004606165060617313,
        "hit_1c": 0.8260869565217391,
        "bucket_hit": 0.6086956521739131,
        "rank_avg": 3.130434782608696
      }
    },
    "consensus": {
      "n": 23,
      "mae": 0.4681349802734024,
      "bias": 0.09167248132664434,
      "hit_1c": 0.9130434782608695,
      "bucket_hit": 0.5652173913043478,
      "rank_avg": null
    },
    "days_measured": 23
  },
  "last_update": "2026-05-08T01:55:40.023162+03:00",
  "hit_window_c": 1.0
}