{
  "per_city": {
    "london": {
      "models": {
        "MeteoFrance": {
          "n": 12,
          "mae": 1.1119772532000634,
          "bias": -0.3488081513995545,
          "hit_1c": 0.4166666666666667,
          "bucket_hit": 0.3333333333333333,
          "rank_avg": 3.4166666666666665
        },
        "ICON": {
          "n": 12,
          "mae": 0.8231717801420909,
          "bias": -0.1958212406296164,
          "hit_1c": 0.6666666666666666,
          "bucket_hit": 0.4166666666666667,
          "rank_avg": 3.0
        },
        "GFS": {
          "n": 12,
          "mae": 0.8835481502942887,
          "bias": -0.29669777765302846,
          "hit_1c": 0.6666666666666666,
          "bucket_hit": 0.25,
          "rank_avg": 2.9166666666666665
        },
        "UKMO": {
          "n": 12,
          "mae": 0.8267909104375849,
          "bias": -0.3348382952392286,
          "hit_1c": 0.5,
          "bucket_hit": 0.4166666666666667,
          "rank_avg": 2.1666666666666665
        },
        "ECMWF": {
          "n": 12,
          "mae": 1.0925195303150221,
          "bias": -0.11612558382092682,
          "hit_1c": 0.5833333333333334,
          "bucket_hit": 0.25,
          "rank_avg": 3.5
        }
      },
      "consensus": {
        "n": 12,
        "mae": 0.839991618974448,
        "bias": -0.2584582097484704,
        "hit_1c": 0.6666666666666666,
        "bucket_hit": 0.4166666666666667,
        "rank_avg": null
      },
      "days_measured": 12
    },
    "paris": {
      "models": {
        "MeteoFrance": {
          "n": 13,
          "mae": 0.5166754692463116,
          "bias": 0.08144537557732202,
          "hit_1c": 0.8461538461538461,
          "bucket_hit": 0.6153846153846154,
          "rank_avg": 3.0
        },
        "ICON": {
          "n": 13,
          "mae": 0.4507907511051484,
          "bias": -0.26270326720174875,
          "hit_1c": 0.8461538461538461,
          "bucket_hit": 0.7692307692307693,
          "rank_avg": 2.3846153846153846
        },
        "GFS": {
          "n": 13,
          "mae": 0.6349912504092731,
          "bias": -0.4546520965933682,
          "hit_1c": 0.7692307692307693,
          "bucket_hit": 0.5384615384615384,
          "rank_avg": 3.3846153846153846
        },
        "UKMO": {
          "n": 13,
          "mae": 0.4179113379569061,
          "bias": -0.285800227287589,
          "hit_1c": 0.8461538461538461,
          "bucket_hit": 0.7692307692307693,
          "rank_avg": 2.3846153846153846
        },
        "ECMWF": {
          "n": 13,
          "mae": 0.9641925314610376,
          "bias": -0.5623647209113449,
          "hit_1c": 0.6153846153846154,
          "bucket_hit": 0.23076923076923078,
          "rank_avg": 3.8461538461538463
        }
      },
      "consensus": {
        "n": 13,
        "mae": 0.4934244042329126,
        "bias": -0.29681498728334543,
        "hit_1c": 0.9230769230769231,
        "bucket_hit": 0.6153846153846154,
        "rank_avg": null
      },
      "days_measured": 13
    }
  },
  "global": {
    "models": {
      "MeteoFrance": {
        "n": 25,
        "mae": 0.8024203255441124,
        "bias": -0.12507631737157873,
        "hit_1c": 0.64,
        "bucket_hit": 0.48,
        "rank_avg": 3.2
      },
      "ICON": {
        "n": 25,
        "mae": 0.6295336450428808,
        "bias": -0.2305998944471252,
        "hit_1c": 0.76,
        "bucket_hit": 0.6,
        "rank_avg": 2.68
      },
      "GFS": {
        "n": 25,
        "mae": 0.7542985623540805,
        "bias": -0.3788340235020051,
        "hit_1c": 0.72,
        "bucket_hit": 0.4,
        "rank_avg": 3.16
      },
      "UKMO": {
        "n": 25,
        "mae": 0.614173532747632,
        "bias": -0.309338499904376,
        "hit_1c": 0.68,
        "bucket_hit": 0.6,
        "rank_avg": 2.28
      },
      "ECMWF": {
        "n": 25,
        "mae": 1.0257894909109502,
        "bias": -0.34816993510794425,
        "hit_1c": 0.6,
        "bucket_hit": 0.24,
        "rank_avg": 3.68
      }
    },
    "consensus": {
      "n": 25,
      "mae": 0.6597766673088494,
      "bias": -0.2784037340666054,
      "hit_1c": 0.8,
      "bucket_hit": 0.52,
      "rank_avg": null
    },
    "days_measured": 25
  },
  "last_update": "2026-05-21T01:40:34.464110+03:00",
  "hit_window_c": 1.0
}