{
  "per_city": {
    "london": {
      "models": {
        "MeteoFrance": {
          "n": 11,
          "mae": 0.6082273383182472,
          "bias": -0.2846198347107441,
          "hit_1c": 0.8181818181818182,
          "bucket_hit": 0.45454545454545453,
          "rank_avg": 3.1818181818181817
        },
        "ICON": {
          "n": 11,
          "mae": 0.6188188902007087,
          "bias": -0.14428512396694224,
          "hit_1c": 0.9090909090909091,
          "bucket_hit": 0.36363636363636365,
          "rank_avg": 3.4545454545454546
        },
        "GFS": {
          "n": 11,
          "mae": 0.4821913813459269,
          "bias": -0.18901735537190104,
          "hit_1c": 0.9090909090909091,
          "bucket_hit": 0.6363636363636364,
          "rank_avg": 2.6363636363636362
        },
        "UKMO": {
          "n": 11,
          "mae": 0.5140801679128942,
          "bias": 0.19915867768595016,
          "hit_1c": 0.9090909090909091,
          "bucket_hit": 0.6363636363636364,
          "rank_avg": 3.0
        },
        "ECMWF": {
          "n": 11,
          "mae": 0.47831738160829024,
          "bias": 0.2960528925619838,
          "hit_1c": 0.8181818181818182,
          "bucket_hit": 0.6363636363636364,
          "rank_avg": 2.727272727272727
        }
      },
      "consensus": {
        "n": 11,
        "mae": 0.44141660763478896,
        "bias": -0.024542148760330725,
        "hit_1c": 1.0,
        "bucket_hit": 0.6363636363636364,
        "rank_avg": null
      },
      "days_measured": 11
    },
    "paris": {
      "models": {
        "MeteoFrance": {
          "n": 11,
          "mae": 0.4607649744195202,
          "bias": 0.28930991735537215,
          "hit_1c": 0.9090909090909091,
          "bucket_hit": 0.7272727272727273,
          "rank_avg": 2.727272727272727
        },
        "ICON": {
          "n": 11,
          "mae": 0.31423099829463425,
          "bias": -0.05759752066115647,
          "hit_1c": 1.0,
          "bucket_hit": 0.8181818181818182,
          "rank_avg": 2.272727272727273
        },
        "GFS": {
          "n": 11,
          "mae": 1.0447140495867766,
          "bias": -0.7578958677685947,
          "hit_1c": 0.45454545454545453,
          "bucket_hit": 0.18181818181818182,
          "rank_avg": 4.2727272727272725
        },
        "UKMO": {
          "n": 11,
          "mae": 0.40782617866981624,
          "bias": 0.10362066115702491,
          "hit_1c": 1.0,
          "bucket_hit": 0.5454545454545454,
          "rank_avg": 2.727272727272727
        },
        "ECMWF": {
          "n": 11,
          "mae": 0.5237544273907908,
          "bias": -0.20524793388429752,
          "hit_1c": 0.9090909090909091,
          "bucket_hit": 0.7272727272727273,
          "rank_avg": 3.0
        }
      },
      "consensus": {
        "n": 11,
        "mae": 0.39480745900564074,
        "bias": -0.12556214876033067,
        "hit_1c": 1.0,
        "bucket_hit": 0.45454545454545453,
        "rank_avg": null
      },
      "days_measured": 11
    }
  },
  "global": {
    "models": {
      "MeteoFrance": {
        "n": 22,
        "mae": 0.5344961563688837,
        "bias": 0.002345041322314016,
        "hit_1c": 0.8636363636363636,
        "bucket_hit": 0.5909090909090909,
        "rank_avg": 2.9545454545454546
      },
      "ICON": {
        "n": 22,
        "mae": 0.46652494424767144,
        "bias": -0.10094132231404936,
        "hit_1c": 0.9545454545454546,
        "bucket_hit": 0.5909090909090909,
        "rank_avg": 2.8636363636363638
      },
      "GFS": {
        "n": 22,
        "mae": 0.7634527154663519,
        "bias": -0.47345661157024793,
        "hit_1c": 0.6818181818181818,
        "bucket_hit": 0.4090909090909091,
        "rank_avg": 3.4545454545454546
      },
      "UKMO": {
        "n": 22,
        "mae": 0.46095317329135527,
        "bias": 0.15138966942148754,
        "hit_1c": 0.9545454545454546,
        "bucket_hit": 0.5909090909090909,
        "rank_avg": 2.8636363636363638
      },
      "ECMWF": {
        "n": 22,
        "mae": 0.5010359044995405,
        "bias": 0.04540247933884312,
        "hit_1c": 0.8636363636363636,
        "bucket_hit": 0.6818181818181818,
        "rank_avg": 2.8636363636363638
      }
    },
    "consensus": {
      "n": 22,
      "mae": 0.41811203332021485,
      "bias": -0.0750521487603307,
      "hit_1c": 1.0,
      "bucket_hit": 0.5454545454545454,
      "rank_avg": null
    },
    "days_measured": 22
  },
  "last_update": "2026-05-03T19:57:54.057292+03:00",
  "hit_window_c": 1.0
}