{
  "per_city": {
    "london": {
      "models": {
        "MeteoFrance": {
          "n": 10,
          "mae": 0.6423582539682535,
          "bias": -0.2863900000000001,
          "hit_1c": 0.8,
          "bucket_hit": 0.4,
          "rank_avg": 3.4
        },
        "ICON": {
          "n": 10,
          "mae": 0.584572142857143,
          "bias": -0.06258499999999997,
          "hit_1c": 0.9,
          "bucket_hit": 0.4,
          "rank_avg": 3.4
        },
        "GFS": {
          "n": 10,
          "mae": 0.43320242857142865,
          "bias": -0.11071100000000023,
          "hit_1c": 0.9,
          "bucket_hit": 0.7,
          "rank_avg": 2.4
        },
        "UKMO": {
          "n": 10,
          "mae": 0.5045807301587294,
          "bias": 0.2799819999999995,
          "hit_1c": 0.9,
          "bucket_hit": 0.7,
          "rank_avg": 3.0
        },
        "ECMWF": {
          "n": 10,
          "mae": 0.49158330158730124,
          "bias": 0.3602240000000002,
          "hit_1c": 0.8,
          "bucket_hit": 0.6,
          "rank_avg": 2.8
        }
      },
      "consensus": {
        "n": 10,
        "mae": 0.42245790476190415,
        "bias": 0.036103999999999914,
        "hit_1c": 1.0,
        "bucket_hit": 0.7,
        "rank_avg": null
      },
      "days_measured": 10
    },
    "paris": {
      "models": {
        "MeteoFrance": {
          "n": 11,
          "mae": 0.4579308008658009,
          "bias": 0.2921440909090914,
          "hit_1c": 0.9090909090909091,
          "bucket_hit": 0.7272727272727273,
          "rank_avg": 2.727272727272727
        },
        "ICON": {
          "n": 11,
          "mae": 0.3134173867243865,
          "bias": -0.02993063636363596,
          "hit_1c": 1.0,
          "bucket_hit": 0.8181818181818182,
          "rank_avg": 2.3636363636363638
        },
        "GFS": {
          "n": 11,
          "mae": 0.9887714545454546,
          "bias": -0.7019532727272726,
          "hit_1c": 0.45454545454545453,
          "bucket_hit": 0.2727272727272727,
          "rank_avg": 3.909090909090909
        },
        "UKMO": {
          "n": 11,
          "mae": 0.40824765800865914,
          "bias": 0.11749354545454564,
          "hit_1c": 1.0,
          "bucket_hit": 0.5454545454545454,
          "rank_avg": 2.8181818181818183
        },
        "ECMWF": {
          "n": 11,
          "mae": 0.5493383116883114,
          "bias": -0.2308318181818181,
          "hit_1c": 0.9090909090909091,
          "bucket_hit": 0.7272727272727273,
          "rank_avg": 3.1818181818181817
        }
      },
      "consensus": {
        "n": 11,
        "mae": 0.37986092842712826,
        "bias": -0.11061561818181818,
        "hit_1c": 1.0,
        "bucket_hit": 0.45454545454545453,
        "rank_avg": null
      },
      "days_measured": 11
    }
  },
  "global": {
    "models": {
      "MeteoFrance": {
        "n": 21,
        "mae": 0.5457533975812545,
        "bias": 0.01665166666666688,
        "hit_1c": 0.8571428571428571,
        "bucket_hit": 0.5714285714285714,
        "rank_avg": 3.0476190476190474
      },
      "ICON": {
        "n": 21,
        "mae": 0.44253869916855626,
        "bias": -0.04548033333333311,
        "hit_1c": 0.9523809523809523,
        "bucket_hit": 0.6190476190476191,
        "rank_avg": 2.857142857142857
      },
      "GFS": {
        "n": 21,
        "mae": 0.7242147755102041,
        "bias": -0.42040933333333336,
        "hit_1c": 0.6666666666666666,
        "bucket_hit": 0.47619047619047616,
        "rank_avg": 3.1904761904761907
      },
      "UKMO": {
        "n": 21,
        "mae": 0.4541205495086926,
        "bias": 0.19486899999999988,
        "hit_1c": 0.9523809523809523,
        "bucket_hit": 0.6190476190476191,
        "rank_avg": 2.9047619047619047
      },
      "ECMWF": {
        "n": 21,
        "mae": 0.5218359259259256,
        "bias": 0.05062333333333345,
        "hit_1c": 0.8571428571428571,
        "bucket_hit": 0.6666666666666666,
        "rank_avg": 3.0
      }
    },
    "consensus": {
      "n": 21,
      "mae": 0.40014520287225963,
      "bias": -0.040749133333333375,
      "hit_1c": 1.0,
      "bucket_hit": 0.5714285714285714,
      "rank_avg": null
    },
    "days_measured": 21
  },
  "last_update": "2026-05-03T01:32:53.241805+03:00",
  "hit_window_c": 1.0
}