{
  "per_city": {
    "london": {
      "models": {
        "MeteoFrance": {
          "n": 12,
          "mae": 0.6242083934583933,
          "bias": -0.32756818181818215,
          "hit_1c": 0.8333333333333334,
          "bucket_hit": 0.4166666666666667,
          "rank_avg": 3.1666666666666665
        },
        "ICON": {
          "n": 12,
          "mae": 0.6422506493506496,
          "bias": -0.20726136363636374,
          "hit_1c": 0.9166666666666666,
          "bucket_hit": 0.3333333333333333,
          "rank_avg": 3.5
        },
        "GFS": {
          "n": 12,
          "mae": 0.558675432900433,
          "bias": -0.28993257575757597,
          "hit_1c": 0.8333333333333334,
          "bucket_hit": 0.5833333333333334,
          "rank_avg": 2.8333333333333335
        },
        "UKMO": {
          "n": 12,
          "mae": 0.5129068205868198,
          "bias": 0.1408954545454543,
          "hit_1c": 0.9166666666666666,
          "bucket_hit": 0.6666666666666666,
          "rank_avg": 2.9166666666666665
        },
        "ECMWF": {
          "n": 12,
          "mae": 0.455124266474266,
          "bias": 0.28804848484848505,
          "hit_1c": 0.8333333333333334,
          "bucket_hit": 0.6666666666666666,
          "rank_avg": 2.5833333333333335
        }
      },
      "consensus": {
        "n": 12,
        "mae": 0.46129855699855665,
        "bias": -0.07916363636363662,
        "hit_1c": 1.0,
        "bucket_hit": 0.5833333333333334,
        "rank_avg": null
      },
      "days_measured": 12
    },
    "paris": {
      "models": {
        "MeteoFrance": {
          "n": 11,
          "mae": 0.4607649744195202,
          "bias": 0.28930991735537215,
          "hit_1c": 0.9090909090909091,
          "bucket_hit": 0.7272727272727273,
          "rank_avg": 2.727272727272727
        },
        "ICON": {
          "n": 11,
          "mae": 0.31423099829463425,
          "bias": -0.05759752066115647,
          "hit_1c": 1.0,
          "bucket_hit": 0.8181818181818182,
          "rank_avg": 2.272727272727273
        },
        "GFS": {
          "n": 11,
          "mae": 1.0447140495867766,
          "bias": -0.7578958677685947,
          "hit_1c": 0.45454545454545453,
          "bucket_hit": 0.18181818181818182,
          "rank_avg": 4.2727272727272725
        },
        "UKMO": {
          "n": 11,
          "mae": 0.40782617866981624,
          "bias": 0.10362066115702491,
          "hit_1c": 1.0,
          "bucket_hit": 0.5454545454545454,
          "rank_avg": 2.727272727272727
        },
        "ECMWF": {
          "n": 11,
          "mae": 0.5237544273907908,
          "bias": -0.20524793388429752,
          "hit_1c": 0.9090909090909091,
          "bucket_hit": 0.7272727272727273,
          "rank_avg": 3.0
        }
      },
      "consensus": {
        "n": 11,
        "mae": 0.39480745900564074,
        "bias": -0.12556214876033067,
        "hit_1c": 1.0,
        "bucket_hit": 0.45454545454545453,
        "rank_avg": null
      },
      "days_measured": 11
    }
  },
  "global": {
    "models": {
      "MeteoFrance": {
        "n": 23,
        "mae": 0.5460398017441497,
        "bias": -0.03253952569169967,
        "hit_1c": 0.8695652173913043,
        "bucket_hit": 0.5652173913043478,
        "rank_avg": 2.9565217391304346
      },
      "ICON": {
        "n": 23,
        "mae": 0.48537168580212053,
        "bias": -0.13568300395256896,
        "hit_1c": 0.9565217391304348,
        "bucket_hit": 0.5652173913043478,
        "rank_avg": 2.9130434782608696
      },
      "GFS": {
        "n": 23,
        "mae": 0.7911286843591192,
        "bias": -0.5137411067193676,
        "hit_1c": 0.6521739130434783,
        "bucket_hit": 0.391304347826087,
        "rank_avg": 3.5217391304347827
      },
      "UKMO": {
        "n": 23,
        "mae": 0.4626508614091224,
        "bias": 0.12306837944664024,
        "hit_1c": 0.9565217391304348,
        "bucket_hit": 0.6086956521739131,
        "rank_avg": 2.8260869565217392
      },
      "ECMWF": {
        "n": 23,
        "mae": 0.487947386912604,
        "bias": 0.052124110671936875,
        "hit_1c": 0.8695652173913043,
        "bucket_hit": 0.6956521739130435,
        "rank_avg": 2.782608695652174
      }
    },
    "consensus": {
      "n": 23,
      "mae": 0.4294984666541186,
      "bias": -0.10135422924901204,
      "hit_1c": 1.0,
      "bucket_hit": 0.5217391304347826,
      "rank_avg": null
    },
    "days_measured": 23
  },
  "last_update": "2026-05-03T15:02:35.782132+03:00",
  "hit_window_c": 1.0
}