{
  "per_city": {
    "london": {
      "models": {
        "MeteoFrance": {
          "n": 11,
          "mae": 0.6118802308802305,
          "bias": -0.2882727272727274,
          "hit_1c": 0.8181818181818182,
          "bucket_hit": 0.45454545454545453,
          "rank_avg": 3.0
        },
        "ICON": {
          "n": 11,
          "mae": 0.6059155844155844,
          "bias": -0.14604545454545476,
          "hit_1c": 0.9090909090909091,
          "bucket_hit": 0.36363636363636365,
          "rank_avg": 3.6363636363636362
        },
        "GFS": {
          "n": 11,
          "mae": 0.5029831168831173,
          "bias": -0.15526363636363671,
          "hit_1c": 0.8181818181818182,
          "bucket_hit": 0.6363636363636364,
          "rank_avg": 2.727272727272727
        },
        "UKMO": {
          "n": 11,
          "mae": 0.485980663780663,
          "bias": 0.1727090909090905,
          "hit_1c": 0.9090909090909091,
          "bucket_hit": 0.7272727272727273,
          "rank_avg": 2.909090909090909
        },
        "ECMWF": {
          "n": 11,
          "mae": 0.4640430014430014,
          "bias": 0.40123636363636356,
          "hit_1c": 0.8181818181818182,
          "bucket_hit": 0.6363636363636364,
          "rank_avg": 2.727272727272727
        }
      },
      "consensus": {
        "n": 11,
        "mae": 0.4418199134199133,
        "bias": -0.0031272727272730286,
        "hit_1c": 1.0,
        "bucket_hit": 0.6363636363636364,
        "rank_avg": null
      },
      "days_measured": 11
    },
    "paris": {
      "models": {
        "MeteoFrance": {
          "n": 10,
          "mae": 0.518802380952381,
          "bias": 0.40785000000000016,
          "hit_1c": 0.9,
          "bucket_hit": 0.6,
          "rank_avg": 2.7
        },
        "ICON": {
          "n": 10,
          "mae": 0.3130668253968253,
          "bias": -0.030769999999999697,
          "hit_1c": 1.0,
          "bucket_hit": 0.8,
          "rank_avg": 2.3
        },
        "GFS": {
          "n": 10,
          "mae": 1.12556,
          "bias": -0.8100599999999998,
          "hit_1c": 0.4,
          "bucket_hit": 0.1,
          "rank_avg": 4.3
        },
        "UKMO": {
          "n": 10,
          "mae": 0.4569195238095249,
          "bias": 0.057089999999999995,
          "hit_1c": 1.0,
          "bucket_hit": 0.5,
          "rank_avg": 2.7
        },
        "ECMWF": {
          "n": 10,
          "mae": 0.6218571428571428,
          "bias": -0.2715000000000002,
          "hit_1c": 0.8,
          "bucket_hit": 0.6,
          "rank_avg": 3.0
        }
      },
      "consensus": {
        "n": 10,
        "mae": 0.4256478412698407,
        "bias": -0.1294779999999996,
        "hit_1c": 1.0,
        "bucket_hit": 0.4,
        "rank_avg": null
      },
      "days_measured": 10
    }
  },
  "global": {
    "models": {
      "MeteoFrance": {
        "n": 21,
        "mae": 0.567557445200302,
        "bias": 0.04321428571428575,
        "hit_1c": 0.8571428571428571,
        "bucket_hit": 0.5238095238095238,
        "rank_avg": 2.857142857142857
      },
      "ICON": {
        "n": 21,
        "mae": 0.4664637944066515,
        "bias": -0.09115238095238092,
        "hit_1c": 0.9523809523809523,
        "bucket_hit": 0.5714285714285714,
        "rank_avg": 3.0
      },
      "GFS": {
        "n": 21,
        "mae": 0.799448299319728,
        "bias": -0.4670714285714287,
        "hit_1c": 0.6190476190476191,
        "bucket_hit": 0.38095238095238093,
        "rank_avg": 3.4761904761904763
      },
      "UKMO": {
        "n": 21,
        "mae": 0.4721420256991687,
        "bias": 0.11765238095238073,
        "hit_1c": 0.9523809523809523,
        "bucket_hit": 0.6190476190476191,
        "rank_avg": 2.8095238095238093
      },
      "ECMWF": {
        "n": 21,
        "mae": 0.5391925925925926,
        "bias": 0.08088571428571416,
        "hit_1c": 0.8095238095238095,
        "bucket_hit": 0.6190476190476191,
        "rank_avg": 2.857142857142857
      }
    },
    "consensus": {
      "n": 21,
      "mae": 0.4341189266817834,
      "bias": -0.06329428571428568,
      "hit_1c": 1.0,
      "bucket_hit": 0.5238095238095238,
      "rank_avg": null
    },
    "days_measured": 21
  },
  "last_update": "2026-05-01T12:25:38.769526+03:00",
  "hit_window_c": 1.0
}