{
  "per_city": {
    "london": {
      "models": {
        "MeteoFrance": {
          "n": 12,
          "mae": 1.1153517927780832,
          "bias": -0.1345203341858423,
          "hit_1c": 0.4166666666666667,
          "bucket_hit": 0.3333333333333333,
          "rank_avg": 3.4166666666666665
        },
        "ICON": {
          "n": 12,
          "mae": 0.8291819854746924,
          "bias": -0.10777324235641735,
          "hit_1c": 0.6666666666666666,
          "bucket_hit": 0.3333333333333333,
          "rank_avg": 3.0
        },
        "GFS": {
          "n": 12,
          "mae": 0.9058148765732822,
          "bias": -0.27443105137403495,
          "hit_1c": 0.6666666666666666,
          "bucket_hit": 0.25,
          "rank_avg": 2.9166666666666665
        },
        "UKMO": {
          "n": 12,
          "mae": 0.8428842716249086,
          "bias": -0.2624939208622852,
          "hit_1c": 0.5,
          "bucket_hit": 0.3333333333333333,
          "rank_avg": 2.1666666666666665
        },
        "ECMWF": {
          "n": 12,
          "mae": 1.110950797557732,
          "bias": -0.09769431657821714,
          "hit_1c": 0.5833333333333334,
          "bucket_hit": 0.16666666666666666,
          "rank_avg": 3.5
        }
      },
      "consensus": {
        "n": 12,
        "mae": 0.8856310178301195,
        "bias": -0.17538257307135904,
        "hit_1c": 0.6666666666666666,
        "bucket_hit": 0.3333333333333333,
        "rank_avg": null
      },
      "days_measured": 12
    },
    "paris": {
      "models": {
        "MeteoFrance": {
          "n": 12,
          "mae": 0.6063887237999358,
          "bias": 0.20186734679023624,
          "hit_1c": 0.75,
          "bucket_hit": 0.5,
          "rank_avg": 3.1666666666666665
        },
        "ICON": {
          "n": 12,
          "mae": 0.469037960327749,
          "bias": -0.2783318233188794,
          "hit_1c": 0.8333333333333334,
          "bucket_hit": 0.75,
          "rank_avg": 2.5
        },
        "GFS": {
          "n": 12,
          "mae": 0.5772180977881565,
          "bias": -0.3818506811542595,
          "hit_1c": 0.8333333333333334,
          "bucket_hit": 0.6666666666666666,
          "rank_avg": 3.1666666666666665
        },
        "UKMO": {
          "n": 12,
          "mae": 0.40960265940804375,
          "bias": -0.3227762736789906,
          "hit_1c": 0.8333333333333334,
          "bucket_hit": 0.75,
          "rank_avg": 2.4166666666666665
        },
        "ECMWF": {
          "n": 12,
          "mae": 0.9321712690902747,
          "bias": -0.6562293691937297,
          "hit_1c": 0.5833333333333334,
          "bucket_hit": 0.3333333333333333,
          "rank_avg": 3.75
        }
      },
      "consensus": {
        "n": 12,
        "mae": 0.5143967048785473,
        "bias": -0.28746416011112413,
        "hit_1c": 0.9166666666666666,
        "bucket_hit": 0.5833333333333334,
        "rank_avg": null
      },
      "days_measured": 12
    }
  },
  "global": {
    "models": {
      "MeteoFrance": {
        "n": 24,
        "mae": 0.8608702582890094,
        "bias": 0.033673506302196975,
        "hit_1c": 0.5833333333333334,
        "bucket_hit": 0.4166666666666667,
        "rank_avg": 3.2916666666666665
      },
      "ICON": {
        "n": 24,
        "mae": 0.6491099729012207,
        "bias": -0.19305253283764837,
        "hit_1c": 0.75,
        "bucket_hit": 0.5416666666666666,
        "rank_avg": 2.75
      },
      "GFS": {
        "n": 24,
        "mae": 0.7415164871807193,
        "bias": -0.32814086626414724,
        "hit_1c": 0.75,
        "bucket_hit": 0.4583333333333333,
        "rank_avg": 3.0416666666666665
      },
      "UKMO": {
        "n": 24,
        "mae": 0.6262434655164762,
        "bias": -0.2926350972706379,
        "hit_1c": 0.6666666666666666,
        "bucket_hit": 0.5416666666666666,
        "rank_avg": 2.2916666666666665
      },
      "ECMWF": {
        "n": 24,
        "mae": 1.0215610333240035,
        "bias": -0.3769618428859734,
        "hit_1c": 0.5833333333333334,
        "bucket_hit": 0.25,
        "rank_avg": 3.625
      }
    },
    "consensus": {
      "n": 24,
      "mae": 0.7000138613543334,
      "bias": -0.2314233665912416,
      "hit_1c": 0.7916666666666666,
      "bucket_hit": 0.4583333333333333,
      "rank_avg": null
    },
    "days_measured": 24
  },
  "last_update": "2026-05-19T18:05:52.445012+03:00",
  "hit_window_c": 1.0
}