{
  "per_city": {
    "london": {
      "models": {
        "MeteoFrance": {
          "n": 12,
          "mae": 0.6242083934583933,
          "bias": -0.32756818181818215,
          "hit_1c": 0.8333333333333334,
          "bucket_hit": 0.4166666666666667,
          "rank_avg": 3.1666666666666665
        },
        "ICON": {
          "n": 12,
          "mae": 0.6422506493506496,
          "bias": -0.20726136363636374,
          "hit_1c": 0.9166666666666666,
          "bucket_hit": 0.3333333333333333,
          "rank_avg": 3.5
        },
        "GFS": {
          "n": 12,
          "mae": 0.558675432900433,
          "bias": -0.28993257575757597,
          "hit_1c": 0.8333333333333334,
          "bucket_hit": 0.5833333333333334,
          "rank_avg": 2.8333333333333335
        },
        "UKMO": {
          "n": 12,
          "mae": 0.5129068205868198,
          "bias": 0.1408954545454543,
          "hit_1c": 0.9166666666666666,
          "bucket_hit": 0.6666666666666666,
          "rank_avg": 2.9166666666666665
        },
        "ECMWF": {
          "n": 12,
          "mae": 0.455124266474266,
          "bias": 0.28804848484848505,
          "hit_1c": 0.8333333333333334,
          "bucket_hit": 0.6666666666666666,
          "rank_avg": 2.5833333333333335
        }
      },
      "consensus": {
        "n": 12,
        "mae": 0.46129855699855665,
        "bias": -0.07916363636363662,
        "hit_1c": 1.0,
        "bucket_hit": 0.5833333333333334,
        "rank_avg": null
      },
      "days_measured": 12
    },
    "paris": {
      "models": {
        "MeteoFrance": {
          "n": 12,
          "mae": 0.48070122655122677,
          "bias": 0.3235340909090911,
          "hit_1c": 0.9166666666666666,
          "bucket_hit": 0.6666666666666666,
          "rank_avg": 2.8333333333333335
        },
        "ICON": {
          "n": 12,
          "mae": 0.2880450817700814,
          "bias": -0.05279772727272677,
          "hit_1c": 1.0,
          "bucket_hit": 0.8333333333333334,
          "rank_avg": 2.1666666666666665
        },
        "GFS": {
          "n": 12,
          "mae": 1.0076545454545454,
          "bias": -0.7447378787878786,
          "hit_1c": 0.5,
          "bucket_hit": 0.16666666666666666,
          "rank_avg": 4.166666666666667
        },
        "UKMO": {
          "n": 12,
          "mae": 0.40717399711399827,
          "bias": 0.061652272727272805,
          "hit_1c": 1.0,
          "bucket_hit": 0.5833333333333334,
          "rank_avg": 2.6666666666666665
        },
        "ECMWF": {
          "n": 12,
          "mae": 0.5717748917748916,
          "bias": -0.27981060606060604,
          "hit_1c": 0.8333333333333334,
          "bucket_hit": 0.6666666666666666,
          "rank_avg": 3.1666666666666665
        }
      },
      "consensus": {
        "n": 12,
        "mae": 0.3852401707551705,
        "bias": -0.13843196969696958,
        "hit_1c": 1.0,
        "bucket_hit": 0.5,
        "rank_avg": null
      },
      "days_measured": 12
    }
  },
  "global": {
    "models": {
      "MeteoFrance": {
        "n": 24,
        "mae": 0.55245481000481,
        "bias": -0.0020170454545455443,
        "hit_1c": 0.875,
        "bucket_hit": 0.5416666666666666,
        "rank_avg": 3.0
      },
      "ICON": {
        "n": 24,
        "mae": 0.4651478655603655,
        "bias": -0.13002954545454526,
        "hit_1c": 0.9583333333333334,
        "bucket_hit": 0.5833333333333334,
        "rank_avg": 2.8333333333333335
      },
      "GFS": {
        "n": 24,
        "mae": 0.7831649891774891,
        "bias": -0.5173352272727273,
        "hit_1c": 0.6666666666666666,
        "bucket_hit": 0.375,
        "rank_avg": 3.5
      },
      "UKMO": {
        "n": 24,
        "mae": 0.46004040885040903,
        "bias": 0.10127386363636355,
        "hit_1c": 0.9583333333333334,
        "bucket_hit": 0.625,
        "rank_avg": 2.7916666666666665
      },
      "ECMWF": {
        "n": 24,
        "mae": 0.5134495791245788,
        "bias": 0.004118939393939518,
        "hit_1c": 0.8333333333333334,
        "bucket_hit": 0.6666666666666666,
        "rank_avg": 2.875
      }
    },
    "consensus": {
      "n": 24,
      "mae": 0.4232693638768636,
      "bias": -0.1087978030303031,
      "hit_1c": 1.0,
      "bucket_hit": 0.5416666666666666,
      "rank_avg": null
    },
    "days_measured": 24
  },
  "last_update": "2026-05-03T13:48:52.878594+03:00",
  "hit_window_c": 1.0
}