{
  "per_city": {
    "london": {
      "models": {
        "MeteoFrance": {
          "n": 7,
          "mae": 0.6690476190476186,
          "bias": -0.46904761904761877,
          "hit_1c": 0.8571428571428571,
          "bucket_hit": 0.42857142857142855,
          "rank_avg": 3.0
        },
        "ICON": {
          "n": 7,
          "mae": 0.6571428571428576,
          "bias": -0.08571428571428617,
          "hit_1c": 0.7142857142857143,
          "bucket_hit": 0.2857142857142857,
          "rank_avg": 3.2857142857142856
        },
        "GFS": {
          "n": 7,
          "mae": 0.6857142857142858,
          "bias": -0.25714285714285723,
          "hit_1c": 0.5714285714285714,
          "bucket_hit": 0.5714285714285714,
          "rank_avg": 2.857142857142857
        },
        "UKMO": {
          "n": 7,
          "mae": 0.49761904761904674,
          "bias": 0.21190476190476154,
          "hit_1c": 0.8571428571428571,
          "bucket_hit": 0.7142857142857143,
          "rank_avg": 2.7142857142857144
        },
        "ECMWF": {
          "n": 7,
          "mae": 0.55952380952381,
          "bias": 0.502380952380953,
          "hit_1c": 0.7142857142857143,
          "bucket_hit": 0.5714285714285714,
          "rank_avg": 3.142857142857143
        }
      },
      "consensus": {
        "n": 7,
        "mae": 0.528095238095239,
        "bias": -0.01952380952380953,
        "hit_1c": 0.8571428571428571,
        "bucket_hit": 0.5714285714285714,
        "rank_avg": null
      },
      "days_measured": 7
    },
    "paris": {
      "models": {
        "MeteoFrance": {
          "n": 7,
          "mae": 0.5880952380952384,
          "bias": 0.3547619047619041,
          "hit_1c": 1.0,
          "bucket_hit": 0.42857142857142855,
          "rank_avg": 3.142857142857143
        },
        "ICON": {
          "n": 7,
          "mae": 0.261904761904762,
          "bias": -0.06190476190476219,
          "hit_1c": 1.0,
          "bucket_hit": 1.0,
          "rank_avg": 1.5714285714285714
        },
        "GFS": {
          "n": 7,
          "mae": 1.15,
          "bias": -1.15,
          "hit_1c": 0.5714285714285714,
          "bucket_hit": 0.2857142857142857,
          "rank_avg": 3.5714285714285716
        },
        "UKMO": {
          "n": 7,
          "mae": 0.4476190476190481,
          "bias": -0.18095238095238134,
          "hit_1c": 1.0,
          "bucket_hit": 0.7142857142857143,
          "rank_avg": 2.7142857142857144
        },
        "ECMWF": {
          "n": 7,
          "mae": 0.9999999999999994,
          "bias": -0.8857142857142856,
          "hit_1c": 0.5714285714285714,
          "bucket_hit": 0.14285714285714285,
          "rank_avg": 4.0
        }
      },
      "consensus": {
        "n": 7,
        "mae": 0.3354761904761899,
        "bias": -0.3240476190476187,
        "hit_1c": 1.0,
        "bucket_hit": 0.7142857142857143,
        "rank_avg": null
      },
      "days_measured": 7
    }
  },
  "global": {
    "models": {
      "MeteoFrance": {
        "n": 14,
        "mae": 0.6285714285714284,
        "bias": -0.05714285714285732,
        "hit_1c": 0.9285714285714286,
        "bucket_hit": 0.42857142857142855,
        "rank_avg": 3.0714285714285716
      },
      "ICON": {
        "n": 14,
        "mae": 0.4595238095238098,
        "bias": -0.07380952380952419,
        "hit_1c": 0.8571428571428571,
        "bucket_hit": 0.6428571428571429,
        "rank_avg": 2.4285714285714284
      },
      "GFS": {
        "n": 14,
        "mae": 0.9178571428571428,
        "bias": -0.7035714285714285,
        "hit_1c": 0.5714285714285714,
        "bucket_hit": 0.42857142857142855,
        "rank_avg": 3.2142857142857144
      },
      "UKMO": {
        "n": 14,
        "mae": 0.4726190476190474,
        "bias": 0.015476190476190104,
        "hit_1c": 0.9285714285714286,
        "bucket_hit": 0.7142857142857143,
        "rank_avg": 2.7142857142857144
      },
      "ECMWF": {
        "n": 14,
        "mae": 0.7797619047619048,
        "bias": -0.1916666666666663,
        "hit_1c": 0.6428571428571429,
        "bucket_hit": 0.35714285714285715,
        "rank_avg": 3.5714285714285716
      }
    },
    "consensus": {
      "n": 14,
      "mae": 0.4317857142857144,
      "bias": -0.17178571428571413,
      "hit_1c": 0.9285714285714286,
      "bucket_hit": 0.6428571428571429,
      "rank_avg": null
    },
    "days_measured": 14
  },
  "last_update": "2026-04-25T03:32:49.708640+03:00",
  "hit_window_c": 1.0
}