{
  "per_city": {
    "london": {
      "models": {
        "MeteoFrance": {
          "n": 10,
          "mae": 0.6237192539682536,
          "bias": -0.2677510000000002,
          "hit_1c": 0.8,
          "bucket_hit": 0.4,
          "rank_avg": 3.3
        },
        "ICON": {
          "n": 10,
          "mae": 0.5783136428571432,
          "bias": -0.15632650000000012,
          "hit_1c": 0.9,
          "bucket_hit": 0.5,
          "rank_avg": 3.4
        },
        "GFS": {
          "n": 10,
          "mae": 0.5121313285714285,
          "bias": -0.18963990000000006,
          "hit_1c": 0.9,
          "bucket_hit": 0.6,
          "rank_avg": 2.7
        },
        "UKMO": {
          "n": 10,
          "mae": 0.41658253015872937,
          "bias": 0.1919837999999995,
          "hit_1c": 0.9,
          "bucket_hit": 0.8,
          "rank_avg": 2.8
        },
        "ECMWF": {
          "n": 10,
          "mae": 0.4576057015873012,
          "bias": 0.1342016000000001,
          "hit_1c": 0.9,
          "bucket_hit": 0.6,
          "rank_avg": 2.8
        }
      },
      "consensus": {
        "n": 10,
        "mae": 0.42006830476190443,
        "bias": -0.05750640000000047,
        "hit_1c": 1.0,
        "bucket_hit": 0.7,
        "rank_avg": null
      },
      "days_measured": 10
    },
    "paris": {
      "models": {
        "MeteoFrance": {
          "n": 10,
          "mae": 0.47372388095238094,
          "bias": 0.29135850000000046,
          "hit_1c": 0.9,
          "bucket_hit": 0.7,
          "rank_avg": 2.8
        },
        "ICON": {
          "n": 10,
          "mae": 0.3247591253968253,
          "bias": -0.012923699999999627,
          "hit_1c": 1.0,
          "bucket_hit": 0.8,
          "rank_avg": 2.5
        },
        "GFS": {
          "n": 10,
          "mae": 0.8676486000000001,
          "bias": -0.5521486,
          "hit_1c": 0.5,
          "bucket_hit": 0.3,
          "rank_avg": 3.8
        },
        "UKMO": {
          "n": 10,
          "mae": 0.419072423809525,
          "bias": 0.15924290000000027,
          "hit_1c": 1.0,
          "bucket_hit": 0.5,
          "rank_avg": 2.8
        },
        "ECMWF": {
          "n": 10,
          "mae": 0.43427214285714266,
          "bias": -0.083915,
          "hit_1c": 1.0,
          "bucket_hit": 0.8,
          "rank_avg": 3.1
        }
      },
      "consensus": {
        "n": 10,
        "mae": 0.33584702126984106,
        "bias": -0.03967717999999998,
        "hit_1c": 1.0,
        "bucket_hit": 0.5,
        "rank_avg": null
      },
      "days_measured": 10
    }
  },
  "global": {
    "models": {
      "MeteoFrance": {
        "n": 20,
        "mae": 0.5487215674603172,
        "bias": 0.011803750000000158,
        "hit_1c": 0.85,
        "bucket_hit": 0.55,
        "rank_avg": 3.05
      },
      "ICON": {
        "n": 20,
        "mae": 0.4515363841269842,
        "bias": -0.08462509999999987,
        "hit_1c": 0.95,
        "bucket_hit": 0.65,
        "rank_avg": 2.95
      },
      "GFS": {
        "n": 20,
        "mae": 0.6898899642857143,
        "bias": -0.37089425,
        "hit_1c": 0.7,
        "bucket_hit": 0.45,
        "rank_avg": 3.25
      },
      "UKMO": {
        "n": 20,
        "mae": 0.41782747698412714,
        "bias": 0.1756133499999999,
        "hit_1c": 0.95,
        "bucket_hit": 0.65,
        "rank_avg": 2.8
      },
      "ECMWF": {
        "n": 20,
        "mae": 0.4459389222222219,
        "bias": 0.025143300000000045,
        "hit_1c": 0.95,
        "bucket_hit": 0.7,
        "rank_avg": 2.95
      }
    },
    "consensus": {
      "n": 20,
      "mae": 0.37795766301587275,
      "bias": -0.048591790000000225,
      "hit_1c": 1.0,
      "bucket_hit": 0.6,
      "rank_avg": null
    },
    "days_measured": 20
  },
  "last_update": "2026-05-03T13:32:31.281535+03:00",
  "hit_window_c": 1.0
}