{
  "per_city": {
    "london": {
      "models": {
        "MeteoFrance": {
          "n": 12,
          "mae": 1.0664766768948386,
          "bias": 0.22776244942775273,
          "hit_1c": 0.5,
          "bucket_hit": 0.4166666666666667,
          "rank_avg": 3.5833333333333335
        },
        "ICON": {
          "n": 12,
          "mae": 0.5792297690146176,
          "bias": -0.27024494952619094,
          "hit_1c": 0.8333333333333334,
          "bucket_hit": 0.4166666666666667,
          "rank_avg": 2.5
        },
        "GFS": {
          "n": 12,
          "mae": 0.9961017922579091,
          "bias": -0.0767982030668944,
          "hit_1c": 0.5,
          "bucket_hit": 0.4166666666666667,
          "rank_avg": 3.25
        },
        "UKMO": {
          "n": 12,
          "mae": 0.3656852919055904,
          "bias": 0.06388204675129276,
          "hit_1c": 0.8333333333333334,
          "bucket_hit": 0.75,
          "rank_avg": 2.0
        },
        "ECMWF": {
          "n": 12,
          "mae": 0.9779664179254036,
          "bias": 0.30546915748875253,
          "hit_1c": 0.5,
          "bucket_hit": 0.3333333333333333,
          "rank_avg": 3.6666666666666665
        }
      },
      "consensus": {
        "n": 12,
        "mae": 0.6744372989523487,
        "bias": 0.05001410021494331,
        "hit_1c": 0.6666666666666666,
        "bucket_hit": 0.4166666666666667,
        "rank_avg": null
      },
      "days_measured": 12
    },
    "paris": {
      "models": {
        "MeteoFrance": {
          "n": 12,
          "mae": 0.8875943178912177,
          "bias": 0.5997471678414721,
          "hit_1c": 0.5833333333333334,
          "bucket_hit": 0.25,
          "rank_avg": 3.75
        },
        "ICON": {
          "n": 12,
          "mae": 0.3119899111293784,
          "bias": 0.07130315638390557,
          "hit_1c": 1.0,
          "bucket_hit": 0.8333333333333334,
          "rank_avg": 1.6666666666666667
        },
        "GFS": {
          "n": 12,
          "mae": 0.8260648917278631,
          "bias": -0.5551000019027459,
          "hit_1c": 0.75,
          "bucket_hit": 0.3333333333333333,
          "rank_avg": 3.5833333333333335
        },
        "UKMO": {
          "n": 12,
          "mae": 0.5803364154168916,
          "bias": 0.4193119344176761,
          "hit_1c": 0.8333333333333334,
          "bucket_hit": 0.5833333333333334,
          "rank_avg": 2.5833333333333335
        },
        "ECMWF": {
          "n": 12,
          "mae": 0.849653897233798,
          "bias": -0.7348673980688227,
          "hit_1c": 0.6666666666666666,
          "bucket_hit": 0.4166666666666667,
          "rank_avg": 3.4166666666666665
        }
      },
      "consensus": {
        "n": 12,
        "mae": 0.4174754470027322,
        "bias": -0.0783408323752323,
        "hit_1c": 0.9166666666666666,
        "bucket_hit": 0.6666666666666666,
        "rank_avg": null
      },
      "days_measured": 12
    }
  },
  "global": {
    "models": {
      "MeteoFrance": {
        "n": 24,
        "mae": 0.9770354973930281,
        "bias": 0.4137548086346124,
        "hit_1c": 0.5416666666666666,
        "bucket_hit": 0.3333333333333333,
        "rank_avg": 3.6666666666666665
      },
      "ICON": {
        "n": 24,
        "mae": 0.44560984007199805,
        "bias": -0.09947089657114268,
        "hit_1c": 0.9166666666666666,
        "bucket_hit": 0.625,
        "rank_avg": 2.0833333333333335
      },
      "GFS": {
        "n": 24,
        "mae": 0.9110833419928861,
        "bias": -0.31594910248482017,
        "hit_1c": 0.625,
        "bucket_hit": 0.375,
        "rank_avg": 3.4166666666666665
      },
      "UKMO": {
        "n": 24,
        "mae": 0.473010853661241,
        "bias": 0.24159699058448444,
        "hit_1c": 0.8333333333333334,
        "bucket_hit": 0.6666666666666666,
        "rank_avg": 2.2916666666666665
      },
      "ECMWF": {
        "n": 24,
        "mae": 0.9138101575796008,
        "bias": -0.2146991202900351,
        "hit_1c": 0.5833333333333334,
        "bucket_hit": 0.375,
        "rank_avg": 3.5416666666666665
      }
    },
    "consensus": {
      "n": 24,
      "mae": 0.5459563729775404,
      "bias": -0.014163366080144494,
      "hit_1c": 0.7916666666666666,
      "bucket_hit": 0.5416666666666666,
      "rank_avg": null
    },
    "days_measured": 24
  },
  "last_update": "2026-06-02T02:27:45.151780+03:00",
  "hit_window_c": 1.0
}