{
  "per_city": {
    "london": {
      "models": {
        "MeteoFrance": {
          "n": 10,
          "mae": 0.5639682539682539,
          "bias": -0.31000000000000016,
          "hit_1c": 0.8,
          "bucket_hit": 0.6,
          "rank_avg": 3.0
        },
        "ICON": {
          "n": 10,
          "mae": 0.49785714285714333,
          "bias": -0.1650000000000004,
          "hit_1c": 0.9,
          "bucket_hit": 0.5,
          "rank_avg": 3.3
        },
        "GFS": {
          "n": 10,
          "mae": 0.5050714285714291,
          "bias": -0.2590000000000002,
          "hit_1c": 0.8,
          "bucket_hit": 0.7,
          "rank_avg": 2.8
        },
        "UKMO": {
          "n": 10,
          "mae": 0.4381587301587292,
          "bias": 0.15799999999999984,
          "hit_1c": 0.9,
          "bucket_hit": 0.8,
          "rank_avg": 3.1
        },
        "ECMWF": {
          "n": 10,
          "mae": 0.4250873015873017,
          "bias": 0.35600000000000004,
          "hit_1c": 0.8,
          "bucket_hit": 0.7,
          "rank_avg": 2.8
        }
      },
      "consensus": {
        "n": 10,
        "mae": 0.401761904761905,
        "bias": -0.04400000000000084,
        "hit_1c": 1.0,
        "bucket_hit": 0.7,
        "rank_avg": null
      },
      "days_measured": 10
    },
    "paris": {
      "models": {
        "MeteoFrance": {
          "n": 11,
          "mae": 0.5795021645021642,
          "bias": 0.4786363636363635,
          "hit_1c": 0.9090909090909091,
          "bucket_hit": 0.5454545454545454,
          "rank_avg": 3.1818181818181817
        },
        "ICON": {
          "n": 11,
          "mae": 0.33417893217893196,
          "bias": -0.004818181818181732,
          "hit_1c": 1.0,
          "bucket_hit": 0.8181818181818182,
          "rank_avg": 2.272727272727273
        },
        "GFS": {
          "n": 11,
          "mae": 0.8808181818181819,
          "bias": -0.5940000000000001,
          "hit_1c": 0.5454545454545454,
          "bucket_hit": 0.2727272727272727,
          "rank_avg": 3.6363636363636362
        },
        "UKMO": {
          "n": 11,
          "mae": 0.46719047619047704,
          "bias": 9.090909090920201e-05,
          "hit_1c": 1.0,
          "bucket_hit": 0.5454545454545454,
          "rank_avg": 2.727272727272727
        },
        "ECMWF": {
          "n": 11,
          "mae": 0.6957792207792207,
          "bias": -0.3772727272727275,
          "hit_1c": 0.8181818181818182,
          "bucket_hit": 0.45454545454545453,
          "rank_avg": 3.1818181818181817
        }
      },
      "consensus": {
        "n": 11,
        "mae": 0.36871803751803706,
        "bias": -0.09947272727272702,
        "hit_1c": 1.0,
        "bucket_hit": 0.5454545454545454,
        "rank_avg": null
      },
      "days_measured": 11
    }
  },
  "global": {
    "models": {
      "MeteoFrance": {
        "n": 21,
        "mae": 0.5721050642479212,
        "bias": 0.10309523809523798,
        "hit_1c": 0.8571428571428571,
        "bucket_hit": 0.5714285714285714,
        "rank_avg": 3.0952380952380953
      },
      "ICON": {
        "n": 21,
        "mae": 0.4121209372637945,
        "bias": -0.08109523809523823,
        "hit_1c": 0.9523809523809523,
        "bucket_hit": 0.6666666666666666,
        "rank_avg": 2.761904761904762
      },
      "GFS": {
        "n": 21,
        "mae": 0.7018911564625854,
        "bias": -0.43447619047619057,
        "hit_1c": 0.6666666666666666,
        "bucket_hit": 0.47619047619047616,
        "rank_avg": 3.238095238095238
      },
      "UKMO": {
        "n": 21,
        "mae": 0.4533658352229781,
        "bias": 0.07528571428571426,
        "hit_1c": 0.9523809523809523,
        "bucket_hit": 0.6666666666666666,
        "rank_avg": 2.9047619047619047
      },
      "ECMWF": {
        "n": 21,
        "mae": 0.566878306878307,
        "bias": -0.028095238095238173,
        "hit_1c": 0.8095238095238095,
        "bucket_hit": 0.5714285714285714,
        "rank_avg": 3.0
      }
    },
    "consensus": {
      "n": 21,
      "mae": 0.38445321239606944,
      "bias": -0.07305714285714313,
      "hit_1c": 1.0,
      "bucket_hit": 0.6190476190476191,
      "rank_avg": null
    },
    "days_measured": 21
  },
  "last_update": "2026-04-30T01:41:51.260666+03:00",
  "hit_window_c": 1.0
}