{
  "per_city": {
    "london": {
      "models": {
        "MeteoFrance": {
          "n": 10,
          "mae": 0.6184126984126983,
          "bias": -0.2555555555555557,
          "hit_1c": 0.8,
          "bucket_hit": 0.5,
          "rank_avg": 2.9
        },
        "ICON": {
          "n": 10,
          "mae": 0.5906349206349211,
          "bias": -0.07222222222222267,
          "hit_1c": 0.8,
          "bucket_hit": 0.4,
          "rank_avg": 3.4
        },
        "GFS": {
          "n": 10,
          "mae": 0.60718253968254,
          "bias": -0.12111111111111121,
          "hit_1c": 0.7,
          "bucket_hit": 0.6,
          "rank_avg": 2.7
        },
        "UKMO": {
          "n": 10,
          "mae": 0.5112698412698403,
          "bias": 0.231111111111111,
          "hit_1c": 0.8,
          "bucket_hit": 0.7,
          "rank_avg": 2.9
        },
        "ECMWF": {
          "n": 10,
          "mae": 0.5535317460317464,
          "bias": 0.4844444444444447,
          "hit_1c": 0.7,
          "bucket_hit": 0.6,
          "rank_avg": 3.1
        }
      },
      "consensus": {
        "n": 10,
        "mae": 0.4990952380952386,
        "bias": 0.05333333333333279,
        "hit_1c": 0.9,
        "bucket_hit": 0.6,
        "rank_avg": null
      },
      "days_measured": 10
    },
    "paris": {
      "models": {
        "MeteoFrance": {
          "n": 10,
          "mae": 0.5876190476190475,
          "bias": 0.3166666666666666,
          "hit_1c": 0.9,
          "bucket_hit": 0.5,
          "rank_avg": 3.0
        },
        "ICON": {
          "n": 10,
          "mae": 0.3873412698412695,
          "bias": -0.0855555555555556,
          "hit_1c": 1.0,
          "bucket_hit": 0.8,
          "rank_avg": 2.2
        },
        "GFS": {
          "n": 10,
          "mae": 1.0275,
          "bias": -0.9400000000000001,
          "hit_1c": 0.6,
          "bucket_hit": 0.3,
          "rank_avg": 3.5
        },
        "UKMO": {
          "n": 10,
          "mae": 0.4838095238095246,
          "bias": -0.19000000000000022,
          "hit_1c": 1.0,
          "bucket_hit": 0.5,
          "rank_avg": 2.8
        },
        "ECMWF": {
          "n": 10,
          "mae": 0.8603571428571428,
          "bias": -0.6,
          "hit_1c": 0.7,
          "bucket_hit": 0.3,
          "rank_avg": 3.5
        }
      },
      "consensus": {
        "n": 10,
        "mae": 0.4214920634920631,
        "bias": -0.25727777777777733,
        "hit_1c": 1.0,
        "bucket_hit": 0.5,
        "rank_avg": null
      },
      "days_measured": 10
    }
  },
  "global": {
    "models": {
      "MeteoFrance": {
        "n": 20,
        "mae": 0.6030158730158729,
        "bias": 0.030555555555555447,
        "hit_1c": 0.85,
        "bucket_hit": 0.5,
        "rank_avg": 2.95
      },
      "ICON": {
        "n": 20,
        "mae": 0.4889880952380953,
        "bias": -0.07888888888888915,
        "hit_1c": 0.9,
        "bucket_hit": 0.6,
        "rank_avg": 2.8
      },
      "GFS": {
        "n": 20,
        "mae": 0.8173412698412699,
        "bias": -0.5305555555555557,
        "hit_1c": 0.65,
        "bucket_hit": 0.45,
        "rank_avg": 3.1
      },
      "UKMO": {
        "n": 20,
        "mae": 0.49753968253968245,
        "bias": 0.020555555555555393,
        "hit_1c": 0.9,
        "bucket_hit": 0.6,
        "rank_avg": 2.85
      },
      "ECMWF": {
        "n": 20,
        "mae": 0.7069444444444446,
        "bias": -0.057777777777777664,
        "hit_1c": 0.7,
        "bucket_hit": 0.45,
        "rank_avg": 3.3
      }
    },
    "consensus": {
      "n": 20,
      "mae": 0.46029365079365087,
      "bias": -0.10197222222222227,
      "hit_1c": 0.95,
      "bucket_hit": 0.55,
      "rank_avg": null
    },
    "days_measured": 20
  },
  "last_update": "2026-04-28T03:03:00.661982+03:00",
  "hit_window_c": 1.0
}