{
  "per_city": {
    "london": {
      "models": {
        "MeteoFrance": {
          "n": 12,
          "mae": 1.1119772532000634,
          "bias": -0.3488081513995545,
          "hit_1c": 0.4166666666666667,
          "bucket_hit": 0.3333333333333333,
          "rank_avg": 3.4166666666666665
        },
        "ICON": {
          "n": 12,
          "mae": 0.8231717801420909,
          "bias": -0.1958212406296164,
          "hit_1c": 0.6666666666666666,
          "bucket_hit": 0.4166666666666667,
          "rank_avg": 3.0
        },
        "GFS": {
          "n": 12,
          "mae": 0.8835481502942887,
          "bias": -0.29669777765302846,
          "hit_1c": 0.6666666666666666,
          "bucket_hit": 0.25,
          "rank_avg": 2.9166666666666665
        },
        "UKMO": {
          "n": 12,
          "mae": 0.8267909104375849,
          "bias": -0.3348382952392286,
          "hit_1c": 0.5,
          "bucket_hit": 0.4166666666666667,
          "rank_avg": 2.1666666666666665
        },
        "ECMWF": {
          "n": 12,
          "mae": 1.0925195303150221,
          "bias": -0.11612558382092682,
          "hit_1c": 0.5833333333333334,
          "bucket_hit": 0.25,
          "rank_avg": 3.5
        }
      },
      "consensus": {
        "n": 12,
        "mae": 0.839991618974448,
        "bias": -0.2584582097484704,
        "hit_1c": 0.6666666666666666,
        "bucket_hit": 0.4166666666666667,
        "rank_avg": null
      },
      "days_measured": 12
    },
    "paris": {
      "models": {
        "MeteoFrance": {
          "n": 12,
          "mae": 0.5313892574600586,
          "bias": 0.0598899893186533,
          "hit_1c": 0.8333333333333334,
          "bucket_hit": 0.5833333333333334,
          "rank_avg": 3.0
        },
        "ICON": {
          "n": 12,
          "mae": 0.46877439304287094,
          "bias": -0.2650129521475213,
          "hit_1c": 0.8333333333333334,
          "bucket_hit": 0.75,
          "rank_avg": 2.5
        },
        "GFS": {
          "n": 12,
          "mae": 0.6417744398806047,
          "bias": -0.4464070232467077,
          "hit_1c": 0.75,
          "bucket_hit": 0.5833333333333334,
          "rank_avg": 3.3333333333333335
        },
        "UKMO": {
          "n": 12,
          "mae": 0.42459029070529475,
          "bias": -0.3377639049762416,
          "hit_1c": 0.8333333333333334,
          "bucket_hit": 0.75,
          "rank_avg": 2.4166666666666665
        },
        "ECMWF": {
          "n": 12,
          "mae": 0.9817444952331504,
          "bias": -0.5464310338043168,
          "hit_1c": 0.5833333333333334,
          "bucket_hit": 0.25,
          "rank_avg": 3.75
        }
      },
      "consensus": {
        "n": 12,
        "mae": 0.5201385199999242,
        "bias": -0.30714498497122644,
        "hit_1c": 0.9166666666666666,
        "bucket_hit": 0.5833333333333334,
        "rank_avg": null
      },
      "days_measured": 12
    }
  },
  "global": {
    "models": {
      "MeteoFrance": {
        "n": 24,
        "mae": 0.8216832553300609,
        "bias": -0.1444590810404506,
        "hit_1c": 0.625,
        "bucket_hit": 0.4583333333333333,
        "rank_avg": 3.2083333333333335
      },
      "ICON": {
        "n": 24,
        "mae": 0.645973086592481,
        "bias": -0.23041709638856886,
        "hit_1c": 0.75,
        "bucket_hit": 0.5833333333333334,
        "rank_avg": 2.75
      },
      "GFS": {
        "n": 24,
        "mae": 0.7626612950874466,
        "bias": -0.3715524004498681,
        "hit_1c": 0.7083333333333334,
        "bucket_hit": 0.4166666666666667,
        "rank_avg": 3.125
      },
      "UKMO": {
        "n": 24,
        "mae": 0.6256906005714399,
        "bias": -0.3363011001077351,
        "hit_1c": 0.6666666666666666,
        "bucket_hit": 0.5833333333333334,
        "rank_avg": 2.2916666666666665
      },
      "ECMWF": {
        "n": 24,
        "mae": 1.0371320127740864,
        "bias": -0.3312783088126218,
        "hit_1c": 0.5833333333333334,
        "bucket_hit": 0.25,
        "rank_avg": 3.625
      }
    },
    "consensus": {
      "n": 24,
      "mae": 0.680065069487186,
      "bias": -0.2828015973598484,
      "hit_1c": 0.7916666666666666,
      "bucket_hit": 0.5,
      "rank_avg": null
    },
    "days_measured": 24
  },
  "last_update": "2026-05-20T23:13:01.686760+03:00",
  "hit_window_c": 1.0
}