{
  "per_city": {
    "london": {
      "models": {
        "MeteoFrance": {
          "n": 10,
          "mae": 1.083425579555286,
          "bias": -1.0386632610051347,
          "hit_1c": 0.4,
          "bucket_hit": 0.2,
          "rank_avg": 3.8
        },
        "ICON": {
          "n": 10,
          "mae": 0.6113532393412611,
          "bias": -0.5284591342455558,
          "hit_1c": 0.8,
          "bucket_hit": 0.5,
          "rank_avg": 2.7
        },
        "GFS": {
          "n": 10,
          "mae": 0.7590747257631628,
          "bias": -0.6145127164428859,
          "hit_1c": 0.6,
          "bucket_hit": 0.3,
          "rank_avg": 2.8
        },
        "UKMO": {
          "n": 10,
          "mae": 0.6914325294831581,
          "bias": -0.6835703219517327,
          "hit_1c": 0.6,
          "bucket_hit": 0.5,
          "rank_avg": 2.5
        },
        "ECMWF": {
          "n": 10,
          "mae": 0.8469916224095838,
          "bias": -0.5632328660992256,
          "hit_1c": 0.7,
          "bucket_hit": 0.4,
          "rank_avg": 3.2
        }
      },
      "consensus": {
        "n": 10,
        "mae": 0.7235274299243082,
        "bias": -0.6856876599489061,
        "hit_1c": 0.7,
        "bucket_hit": 0.4,
        "rank_avg": null
      },
      "days_measured": 10
    },
    "paris": {
      "models": {
        "MeteoFrance": {
          "n": 11,
          "mae": 0.4890844331394126,
          "bias": -0.02527840483302962,
          "hit_1c": 0.8181818181818182,
          "bucket_hit": 0.6363636363636364,
          "rank_avg": 2.909090909090909
        },
        "ICON": {
          "n": 11,
          "mae": 0.42437274208061077,
          "bias": -0.3064751270821351,
          "hit_1c": 0.8181818181818182,
          "bucket_hit": 0.8181818181818182,
          "rank_avg": 2.1818181818181817
        },
        "GFS": {
          "n": 11,
          "mae": 0.6113237689285248,
          "bias": -0.5085161075194043,
          "hit_1c": 0.7272727272727273,
          "bucket_hit": 0.5454545454545454,
          "rank_avg": 3.5454545454545454
        },
        "UKMO": {
          "n": 11,
          "mae": 0.5435835392093022,
          "bias": -0.19907251021405015,
          "hit_1c": 0.8181818181818182,
          "bucket_hit": 0.6363636363636364,
          "rank_avg": 2.6363636363636362
        },
        "ECMWF": {
          "n": 11,
          "mae": 0.9698438974063118,
          "bias": -0.7950109621674851,
          "hit_1c": 0.6363636363636364,
          "bucket_hit": 0.2727272727272727,
          "rank_avg": 3.727272727272727
        }
      },
      "consensus": {
        "n": 11,
        "mae": 0.4615014146420274,
        "bias": -0.3668706223632208,
        "hit_1c": 0.9090909090909091,
        "bucket_hit": 0.6363636363636364,
        "rank_avg": null
      },
      "days_measured": 11
    }
  },
  "global": {
    "models": {
      "MeteoFrance": {
        "n": 21,
        "mae": 0.7721040266707808,
        "bias": -0.5078426220578416,
        "hit_1c": 0.6190476190476191,
        "bucket_hit": 0.42857142857142855,
        "rank_avg": 3.3333333333333335
      },
      "ICON": {
        "n": 21,
        "mae": 0.5134110741094918,
        "bias": -0.4121817971599545,
        "hit_1c": 0.8095238095238095,
        "bucket_hit": 0.6666666666666666,
        "rank_avg": 2.4285714285714284
      },
      "GFS": {
        "n": 21,
        "mae": 0.6816813674212095,
        "bias": -0.5589906831972526,
        "hit_1c": 0.6666666666666666,
        "bucket_hit": 0.42857142857142855,
        "rank_avg": 3.1904761904761907
      },
      "UKMO": {
        "n": 21,
        "mae": 0.6139878202920908,
        "bias": -0.4297857538986609,
        "hit_1c": 0.7142857142857143,
        "bucket_hit": 0.5714285714285714,
        "rank_avg": 2.5714285714285716
      },
      "ECMWF": {
        "n": 21,
        "mae": 0.9113428140745367,
        "bias": -0.6846404402302186,
        "hit_1c": 0.6666666666666666,
        "bucket_hit": 0.3333333333333333,
        "rank_avg": 3.4761904761904763
      }
    },
    "consensus": {
      "n": 21,
      "mae": 0.5862757076335897,
      "bias": -0.5186882593087853,
      "hit_1c": 0.8095238095238095,
      "bucket_hit": 0.5238095238095238,
      "rank_avg": null
    },
    "days_measured": 21
  },
  "last_update": "2026-05-23T01:41:43.242755+03:00",
  "hit_window_c": 1.0
}