{
  "per_city": {
    "london": {
      "models": {
        "MeteoFrance": {
          "n": 4,
          "mae": 0.5,
          "bias": -0.15000000000000036,
          "hit_1c": 1.0,
          "bucket_hit": 0.5,
          "rank_avg": 2.25
        },
        "ICON": {
          "n": 4,
          "mae": 0.6000000000000001,
          "bias": 0.1499999999999999,
          "hit_1c": 0.75,
          "bucket_hit": 0.5,
          "rank_avg": 3.25
        },
        "GFS": {
          "n": 4,
          "mae": 0.7749999999999999,
          "bias": -0.02499999999999991,
          "hit_1c": 0.5,
          "bucket_hit": 0.5,
          "rank_avg": 3.5
        },
        "UKMO": {
          "n": 4,
          "mae": 0.49999999999999956,
          "bias": 0.19999999999999973,
          "hit_1c": 0.75,
          "bucket_hit": 0.75,
          "rank_avg": 2.5
        },
        "ECMWF": {
          "n": 4,
          "mae": 0.6000000000000001,
          "bias": 0.6000000000000001,
          "hit_1c": 0.75,
          "bucket_hit": 0.5,
          "rank_avg": 3.5
        }
      },
      "consensus": {
        "n": 4,
        "mae": 0.495000000000001,
        "bias": 0.15500000000000025,
        "hit_1c": 0.75,
        "bucket_hit": 0.5,
        "rank_avg": null
      },
      "days_measured": 4
    },
    "paris": {
      "models": {
        "MeteoFrance": {
          "n": 4,
          "mae": 0.6999999999999997,
          "bias": 0.2999999999999994,
          "hit_1c": 1.0,
          "bucket_hit": 0.25,
          "rank_avg": 3.75
        },
        "ICON": {
          "n": 4,
          "mae": 0.32499999999999973,
          "bias": -0.12500000000000044,
          "hit_1c": 1.0,
          "bucket_hit": 1.0,
          "rank_avg": 1.75
        },
        "GFS": {
          "n": 4,
          "mae": 1.025,
          "bias": -1.025,
          "hit_1c": 0.75,
          "bucket_hit": 0.5,
          "rank_avg": 2.5
        },
        "UKMO": {
          "n": 4,
          "mae": 0.47500000000000053,
          "bias": -0.47500000000000053,
          "hit_1c": 1.0,
          "bucket_hit": 0.75,
          "rank_avg": 2.5
        },
        "ECMWF": {
          "n": 4,
          "mae": 1.0499999999999998,
          "bias": -1.0499999999999998,
          "hit_1c": 0.5,
          "bucket_hit": 0.0,
          "rank_avg": 4.5
        }
      },
      "consensus": {
        "n": 4,
        "mae": 0.36874999999999947,
        "bias": -0.36874999999999947,
        "hit_1c": 1.0,
        "bucket_hit": 0.75,
        "rank_avg": null
      },
      "days_measured": 4
    }
  },
  "global": {
    "models": {
      "MeteoFrance": {
        "n": 8,
        "mae": 0.5999999999999999,
        "bias": 0.07499999999999951,
        "hit_1c": 1.0,
        "bucket_hit": 0.375,
        "rank_avg": 3.0
      },
      "ICON": {
        "n": 8,
        "mae": 0.4624999999999999,
        "bias": 0.012499999999999734,
        "hit_1c": 0.875,
        "bucket_hit": 0.75,
        "rank_avg": 2.5
      },
      "GFS": {
        "n": 8,
        "mae": 0.8999999999999999,
        "bias": -0.5249999999999999,
        "hit_1c": 0.625,
        "bucket_hit": 0.5,
        "rank_avg": 3.0
      },
      "UKMO": {
        "n": 8,
        "mae": 0.48750000000000004,
        "bias": -0.1375000000000004,
        "hit_1c": 0.875,
        "bucket_hit": 0.75,
        "rank_avg": 2.5
      },
      "ECMWF": {
        "n": 8,
        "mae": 0.825,
        "bias": -0.22499999999999987,
        "hit_1c": 0.625,
        "bucket_hit": 0.25,
        "rank_avg": 4.0
      }
    },
    "consensus": {
      "n": 8,
      "mae": 0.43187500000000023,
      "bias": -0.10687499999999961,
      "hit_1c": 0.875,
      "bucket_hit": 0.625,
      "rank_avg": null
    },
    "days_measured": 8
  },
  "last_update": "2026-04-22T02:30:45.275959+03:00",
  "hit_window_c": 1.0
}