{
  "per_city": {
    "london": {
      "models": {
        "MeteoFrance": {
          "n": 13,
          "mae": 1.0125711661085761,
          "bias": 0.44868457321230165,
          "hit_1c": 0.46153846153846156,
          "bucket_hit": 0.3076923076923077,
          "rank_avg": 3.3846153846153846
        },
        "ICON": {
          "n": 13,
          "mae": 0.7777471564866949,
          "bias": 0.29135692753031084,
          "hit_1c": 0.6923076923076923,
          "bucket_hit": 0.46153846153846156,
          "rank_avg": 3.1538461538461537
        },
        "GFS": {
          "n": 13,
          "mae": 0.8781663598575419,
          "bias": 0.13823074855291723,
          "hit_1c": 0.7692307692307693,
          "bucket_hit": 0.38461538461538464,
          "rank_avg": 2.8461538461538463
        },
        "UKMO": {
          "n": 13,
          "mae": 0.7187296575698535,
          "bias": 0.11056477642838562,
          "hit_1c": 0.6153846153846154,
          "bucket_hit": 0.38461538461538464,
          "rank_avg": 2.0
        },
        "ECMWF": {
          "n": 13,
          "mae": 1.089279418107282,
          "bias": 0.0806312195989717,
          "hit_1c": 0.46153846153846156,
          "bucket_hit": 0.23076923076923078,
          "rank_avg": 3.6153846153846154
        }
      },
      "consensus": {
        "n": 13,
        "mae": 0.8160412669122457,
        "bias": 0.21389364906457756,
        "hit_1c": 0.7692307692307693,
        "bucket_hit": 0.46153846153846156,
        "rank_avg": null
      },
      "days_measured": 13
    },
    "paris": {
      "models": {
        "MeteoFrance": {
          "n": 12,
          "mae": 0.6375143234201434,
          "bias": 0.2967020298839678,
          "hit_1c": 0.75,
          "bucket_hit": 0.5,
          "rank_avg": 3.0
        },
        "ICON": {
          "n": 12,
          "mae": 0.5347718254175736,
          "bias": -0.28100151845737775,
          "hit_1c": 0.8333333333333334,
          "bucket_hit": 0.75,
          "rank_avg": 2.75
        },
        "GFS": {
          "n": 12,
          "mae": 0.8351154294729541,
          "bias": 0.026066769095547986,
          "hit_1c": 0.6666666666666666,
          "bucket_hit": 0.5,
          "rank_avg": 3.3333333333333335
        },
        "UKMO": {
          "n": 12,
          "mae": 0.4889402723087102,
          "bias": -0.3935483434256752,
          "hit_1c": 0.75,
          "bucket_hit": 0.6666666666666666,
          "rank_avg": 2.25
        },
        "ECMWF": {
          "n": 12,
          "mae": 0.9194747770181485,
          "bias": -0.5761433545480089,
          "hit_1c": 0.6666666666666666,
          "bucket_hit": 0.3333333333333333,
          "rank_avg": 3.6666666666666665
        }
      },
      "consensus": {
        "n": 12,
        "mae": 0.5237518840098438,
        "bias": -0.18558488349030888,
        "hit_1c": 0.9166666666666666,
        "bucket_hit": 0.5,
        "rank_avg": null
      },
      "days_measured": 12
    }
  },
  "global": {
    "models": {
      "MeteoFrance": {
        "n": 25,
        "mae": 0.8325438816181283,
        "bias": 0.3757329524147014,
        "hit_1c": 0.6,
        "bucket_hit": 0.4,
        "rank_avg": 3.2
      },
      "ICON": {
        "n": 25,
        "mae": 0.6611189975735167,
        "bias": 0.016624873456220327,
        "hit_1c": 0.76,
        "bucket_hit": 0.6,
        "rank_avg": 2.96
      },
      "GFS": {
        "n": 25,
        "mae": 0.85750191327294,
        "bias": 0.08439203841338,
        "hit_1c": 0.72,
        "bucket_hit": 0.44,
        "rank_avg": 3.08
      },
      "UKMO": {
        "n": 25,
        "mae": 0.6084307526445047,
        "bias": -0.13140952110156356,
        "hit_1c": 0.68,
        "bucket_hit": 0.52,
        "rank_avg": 2.12
      },
      "ECMWF": {
        "n": 25,
        "mae": 1.007773190384498,
        "bias": -0.234620575991579,
        "hit_1c": 0.56,
        "bucket_hit": 0.28,
        "rank_avg": 3.64
      }
    },
    "consensus": {
      "n": 25,
      "mae": 0.6757423631190929,
      "bias": 0.02214395343823206,
      "hit_1c": 0.84,
      "bucket_hit": 0.48,
      "rank_avg": null
    },
    "days_measured": 25
  },
  "last_update": "2026-05-16T18:22:51.430557+03:00",
  "hit_window_c": 1.0
}