{
  "per_city": {
    "london": {
      "models": {
        "MeteoFrance": {
          "n": 11,
          "mae": 0.8022586056109546,
          "bias": 0.41847221959560604,
          "hit_1c": 0.6363636363636364,
          "bucket_hit": 0.36363636363636365,
          "rank_avg": 3.5454545454545454
        },
        "ICON": {
          "n": 11,
          "mae": 0.6330672289288174,
          "bias": 0.051114174231393375,
          "hit_1c": 0.9090909090909091,
          "bucket_hit": 0.45454545454545453,
          "rank_avg": 3.1818181818181817
        },
        "GFS": {
          "n": 11,
          "mae": 0.7998564382567,
          "bias": 0.24665145602766747,
          "hit_1c": 0.8181818181818182,
          "bucket_hit": 0.36363636363636365,
          "rank_avg": 3.6363636363636362
        },
        "UKMO": {
          "n": 11,
          "mae": 0.40854215352569107,
          "bias": 0.09508125536471419,
          "hit_1c": 0.9090909090909091,
          "bucket_hit": 0.6363636363636364,
          "rank_avg": 1.9090909090909092
        },
        "ECMWF": {
          "n": 11,
          "mae": 0.5693589466518905,
          "bias": 0.056004737945994296,
          "hit_1c": 0.8181818181818182,
          "bucket_hit": 0.5454545454545454,
          "rank_avg": 2.727272727272727
        }
      },
      "consensus": {
        "n": 11,
        "mae": 0.5145652773663979,
        "bias": 0.17346476863307522,
        "hit_1c": 0.9090909090909091,
        "bucket_hit": 0.6363636363636364,
        "rank_avg": null
      },
      "days_measured": 11
    },
    "paris": {
      "models": {
        "MeteoFrance": {
          "n": 11,
          "mae": 0.41414879116173625,
          "bias": 0.21021995309180772,
          "hit_1c": 0.9090909090909091,
          "bucket_hit": 0.7272727272727273,
          "rank_avg": 2.727272727272727
        },
        "ICON": {
          "n": 11,
          "mae": 0.35598369671158553,
          "bias": -0.15155183219489857,
          "hit_1c": 1.0,
          "bucket_hit": 0.8181818181818182,
          "rank_avg": 2.4545454545454546
        },
        "GFS": {
          "n": 11,
          "mae": 0.9933507207533491,
          "bias": -0.1774758460922337,
          "hit_1c": 0.5454545454545454,
          "bucket_hit": 0.45454545454545453,
          "rank_avg": 3.727272727272727
        },
        "UKMO": {
          "n": 11,
          "mae": 0.3667832319693813,
          "bias": -0.20008426870939838,
          "hit_1c": 0.8181818181818182,
          "bucket_hit": 0.8181818181818182,
          "rank_avg": 2.5454545454545454
        },
        "ECMWF": {
          "n": 11,
          "mae": 0.5376224606200136,
          "bias": -0.4420585451467438,
          "hit_1c": 0.8181818181818182,
          "bucket_hit": 0.6363636363636364,
          "rank_avg": 3.5454545454545454
        }
      },
      "consensus": {
        "n": 11,
        "mae": 0.3654823564019422,
        "bias": -0.15219010781029335,
        "hit_1c": 0.9090909090909091,
        "bucket_hit": 0.6363636363636364,
        "rank_avg": null
      },
      "days_measured": 11
    }
  },
  "global": {
    "models": {
      "MeteoFrance": {
        "n": 22,
        "mae": 0.6082036983863455,
        "bias": 0.31434608634370687,
        "hit_1c": 0.7727272727272727,
        "bucket_hit": 0.5454545454545454,
        "rank_avg": 3.1363636363636362
      },
      "ICON": {
        "n": 22,
        "mae": 0.4945254628202015,
        "bias": -0.05021882898175259,
        "hit_1c": 0.9545454545454546,
        "bucket_hit": 0.6363636363636364,
        "rank_avg": 2.8181818181818183
      },
      "GFS": {
        "n": 22,
        "mae": 0.8966035795050243,
        "bias": 0.03458780496771687,
        "hit_1c": 0.6818181818181818,
        "bucket_hit": 0.4090909090909091,
        "rank_avg": 3.6818181818181817
      },
      "UKMO": {
        "n": 22,
        "mae": 0.3876626927475362,
        "bias": -0.052501506672342095,
        "hit_1c": 0.8636363636363636,
        "bucket_hit": 0.7272727272727273,
        "rank_avg": 2.227272727272727
      },
      "ECMWF": {
        "n": 22,
        "mae": 0.5534907036359521,
        "bias": -0.19302690360037475,
        "hit_1c": 0.8181818181818182,
        "bucket_hit": 0.5909090909090909,
        "rank_avg": 3.1363636363636362
      }
    },
    "consensus": {
      "n": 22,
      "mae": 0.4400238168841701,
      "bias": 0.010637330411390943,
      "hit_1c": 0.9090909090909091,
      "bucket_hit": 0.6363636363636364,
      "rank_avg": null
    },
    "days_measured": 22
  },
  "last_update": "2026-05-11T22:08:02.428450+03:00",
  "hit_window_c": 1.0
}