{
  "per_city": {
    "london": {
      "models": {
        "MeteoFrance": {
          "n": 12,
          "mae": 1.1505309139032092,
          "bias": -0.4354531321298163,
          "hit_1c": 0.4166666666666667,
          "bucket_hit": 0.25,
          "rank_avg": 3.5833333333333335
        },
        "ICON": {
          "n": 12,
          "mae": 0.7841849944126058,
          "bias": -0.15683445490013126,
          "hit_1c": 0.6666666666666666,
          "bucket_hit": 0.4166666666666667,
          "rank_avg": 2.8333333333333335
        },
        "GFS": {
          "n": 12,
          "mae": 0.8705405688995415,
          "bias": -0.28369019625828135,
          "hit_1c": 0.6666666666666666,
          "bucket_hit": 0.25,
          "rank_avg": 2.8333333333333335
        },
        "UKMO": {
          "n": 12,
          "mae": 0.8233940491860389,
          "bias": -0.33144143398768255,
          "hit_1c": 0.5,
          "bucket_hit": 0.4166666666666667,
          "rank_avg": 2.3333333333333335
        },
        "ECMWF": {
          "n": 12,
          "mae": 1.0666447431831387,
          "bias": -0.09025079668904334,
          "hit_1c": 0.5833333333333334,
          "bucket_hit": 0.3333333333333333,
          "rank_avg": 3.4166666666666665
        }
      },
      "consensus": {
        "n": 12,
        "mae": 0.841067412018968,
        "bias": -0.2595340027929904,
        "hit_1c": 0.6666666666666666,
        "bucket_hit": 0.4166666666666667,
        "rank_avg": null
      },
      "days_measured": 12
    },
    "paris": {
      "models": {
        "MeteoFrance": {
          "n": 13,
          "mae": 0.5455291366654055,
          "bias": 0.1102990429964159,
          "hit_1c": 0.7692307692307693,
          "bucket_hit": 0.6153846153846154,
          "rank_avg": 3.0
        },
        "ICON": {
          "n": 13,
          "mae": 0.43746485501263765,
          "bias": -0.2760291632942594,
          "hit_1c": 0.8461538461538461,
          "bucket_hit": 0.7692307692307693,
          "rank_avg": 2.3076923076923075
        },
        "GFS": {
          "n": 13,
          "mae": 0.648502208057205,
          "bias": -0.4411411389454362,
          "hit_1c": 0.7692307692307693,
          "bucket_hit": 0.5384615384615384,
          "rank_avg": 3.3846153846153846
        },
        "UKMO": {
          "n": 13,
          "mae": 0.4762302998557354,
          "bias": -0.20597067487371462,
          "hit_1c": 0.8461538461538461,
          "bucket_hit": 0.6923076923076923,
          "rank_avg": 2.4615384615384617
        },
        "ECMWF": {
          "n": 13,
          "mae": 0.9610257390156632,
          "bias": -0.5583745785244607,
          "hit_1c": 0.6153846153846154,
          "bucket_hit": 0.23076923076923078,
          "rank_avg": 3.8461538461538463
        }
      },
      "consensus": {
        "n": 13,
        "mae": 0.5159960889879673,
        "bias": -0.27424330252829066,
        "hit_1c": 0.9230769230769231,
        "bucket_hit": 0.5384615384615384,
        "rank_avg": null
      },
      "days_measured": 13
    }
  },
  "global": {
    "models": {
      "MeteoFrance": {
        "n": 25,
        "mae": 0.8359299897395513,
        "bias": -0.15166200106417554,
        "hit_1c": 0.6,
        "bucket_hit": 0.44,
        "rank_avg": 3.28
      },
      "ICON": {
        "n": 25,
        "mae": 0.6038905219246223,
        "bias": -0.2188157032650779,
        "hit_1c": 0.76,
        "bucket_hit": 0.6,
        "rank_avg": 2.56
      },
      "GFS": {
        "n": 25,
        "mae": 0.7550806212615265,
        "bias": -0.36556468645560186,
        "hit_1c": 0.72,
        "bucket_hit": 0.4,
        "rank_avg": 3.12
      },
      "UKMO": {
        "n": 25,
        "mae": 0.6428688995342811,
        "bias": -0.26619663924841924,
        "hit_1c": 0.68,
        "bucket_hit": 0.56,
        "rank_avg": 2.4
      },
      "ECMWF": {
        "n": 25,
        "mae": 1.0117228610160514,
        "bias": -0.33367516324346036,
        "hit_1c": 0.6,
        "bucket_hit": 0.28,
        "rank_avg": 3.64
      }
    },
    "consensus": {
      "n": 25,
      "mae": 0.6720303240428477,
      "bias": -0.26718283865534653,
      "hit_1c": 0.8,
      "bucket_hit": 0.48,
      "rank_avg": null
    },
    "days_measured": 25
  },
  "last_update": "2026-05-22T01:32:37.683692+03:00",
  "hit_window_c": 1.0
}