{
  "per_city": {
    "london": {
      "models": {
        "MeteoFrance": {
          "n": 10,
          "mae": 0.8768059626160005,
          "bias": -0.7449475939387655,
          "hit_1c": 0.6,
          "bucket_hit": 0.4,
          "rank_avg": 3.5
        },
        "ICON": {
          "n": 10,
          "mae": 0.5544715322315469,
          "bias": -0.4715774271358416,
          "hit_1c": 0.9,
          "bucket_hit": 0.5,
          "rank_avg": 3.0
        },
        "GFS": {
          "n": 10,
          "mae": 0.6728040446595337,
          "bias": -0.5282420353392567,
          "hit_1c": 0.6,
          "bucket_hit": 0.4,
          "rank_avg": 3.0
        },
        "UKMO": {
          "n": 10,
          "mae": 0.5081860324985843,
          "bias": -0.4479041608461863,
          "hit_1c": 0.7,
          "bucket_hit": 0.7,
          "rank_avg": 2.4
        },
        "ECMWF": {
          "n": 10,
          "mae": 0.6999752527996342,
          "bias": -0.18528152816392307,
          "hit_1c": 0.9,
          "bucket_hit": 0.5,
          "rank_avg": 3.1
        }
      },
      "consensus": {
        "n": 10,
        "mae": 0.5387105204572471,
        "bias": -0.47559054908479403,
        "hit_1c": 0.8,
        "bucket_hit": 0.6,
        "rank_avg": null
      },
      "days_measured": 10
    },
    "paris": {
      "models": {
        "MeteoFrance": {
          "n": 11,
          "mae": 0.6530055858700035,
          "bias": 0.28792853698094445,
          "hit_1c": 0.6363636363636364,
          "bucket_hit": 0.5454545454545454,
          "rank_avg": 3.3636363636363638
        },
        "ICON": {
          "n": 11,
          "mae": 0.3661338831828202,
          "bias": -0.10502231215594743,
          "hit_1c": 0.9090909090909091,
          "bucket_hit": 0.9090909090909091,
          "rank_avg": 2.090909090909091
        },
        "GFS": {
          "n": 11,
          "mae": 0.6889409673959661,
          "bias": -0.5861333059868457,
          "hit_1c": 0.6363636363636364,
          "bucket_hit": 0.45454545454545453,
          "rank_avg": 3.6363636363636362
        },
        "UKMO": {
          "n": 11,
          "mae": 0.39656010725861957,
          "bias": -0.0028420344048198324,
          "hit_1c": 0.9090909090909091,
          "bucket_hit": 0.8181818181818182,
          "rank_avg": 2.272727272727273
        },
        "ECMWF": {
          "n": 11,
          "mae": 0.8124326009009978,
          "bias": -0.6375996656621712,
          "hit_1c": 0.6363636363636364,
          "bucket_hit": 0.2727272727272727,
          "rank_avg": 3.6363636363636362
        }
      },
      "consensus": {
        "n": 11,
        "mae": 0.303364548524574,
        "bias": -0.20873375624576743,
        "hit_1c": 0.9090909090909091,
        "bucket_hit": 0.8181818181818182,
        "rank_avg": null
      },
      "days_measured": 11
    }
  },
  "global": {
    "models": {
      "MeteoFrance": {
        "n": 21,
        "mae": 0.7595771938442878,
        "bias": -0.20391723964748887,
        "hit_1c": 0.6190476190476191,
        "bucket_hit": 0.47619047619047616,
        "rank_avg": 3.4285714285714284
      },
      "ICON": {
        "n": 21,
        "mae": 0.4558184779679281,
        "bias": -0.279572366908278,
        "hit_1c": 0.9047619047619048,
        "bucket_hit": 0.7142857142857143,
        "rank_avg": 2.5238095238095237
      },
      "GFS": {
        "n": 21,
        "mae": 0.6812567184738554,
        "bias": -0.5585660342498985,
        "hit_1c": 0.6190476190476191,
        "bucket_hit": 0.42857142857142855,
        "rank_avg": 3.3333333333333335
      },
      "UKMO": {
        "n": 21,
        "mae": 0.4497153097538409,
        "bias": -0.21477638032928004,
        "hit_1c": 0.8095238095238095,
        "bucket_hit": 0.7619047619047619,
        "rank_avg": 2.3333333333333335
      },
      "ECMWF": {
        "n": 21,
        "mae": 0.7588814827574913,
        "bias": -0.42221007637729113,
        "hit_1c": 0.7619047619047619,
        "bucket_hit": 0.38095238095238093,
        "rank_avg": 3.380952380952381
      }
    },
    "consensus": {
      "n": 21,
      "mae": 0.41543405896870406,
      "bias": -0.3358084195024468,
      "hit_1c": 0.8571428571428571,
      "bucket_hit": 0.7142857142857143,
      "rank_avg": null
    },
    "days_measured": 21
  },
  "last_update": "2026-05-25T01:02:22.363743+03:00",
  "hit_window_c": 1.0
}