{
  "per_city": {
    "london": {
      "models": {
        "MeteoFrance": {
          "n": 3,
          "mae": 0.39999999999999974,
          "bias": 0.06666666666666643,
          "hit_1c": 1.0,
          "bucket_hit": 0.6666666666666666,
          "rank_avg": 2.0
        },
        "ICON": {
          "n": 3,
          "mae": 0.5,
          "bias": 0.5,
          "hit_1c": 0.6666666666666666,
          "bucket_hit": 0.6666666666666666,
          "rank_avg": 3.0
        },
        "GFS": {
          "n": 3,
          "mae": 0.5666666666666664,
          "bias": 0.43333333333333357,
          "hit_1c": 0.6666666666666666,
          "bucket_hit": 0.6666666666666666,
          "rank_avg": 3.0
        },
        "UKMO": {
          "n": 3,
          "mae": 0.4999999999999994,
          "bias": 0.43333333333333296,
          "hit_1c": 0.6666666666666666,
          "bucket_hit": 0.6666666666666666,
          "rank_avg": 2.6666666666666665
        },
        "ECMWF": {
          "n": 3,
          "mae": 0.7333333333333337,
          "bias": 0.7333333333333337,
          "hit_1c": 0.6666666666666666,
          "bucket_hit": 0.3333333333333333,
          "rank_avg": 4.333333333333333
        }
      },
      "consensus": {
        "n": 3,
        "mae": 0.4333333333333342,
        "bias": 0.4333333333333342,
        "hit_1c": 0.6666666666666666,
        "bucket_hit": 0.6666666666666666,
        "rank_avg": null
      },
      "days_measured": 3
    },
    "paris": {
      "models": {
        "MeteoFrance": {
          "n": 3,
          "mae": 0.6999999999999998,
          "bias": 0.16666666666666607,
          "hit_1c": 1.0,
          "bucket_hit": 0.3333333333333333,
          "rank_avg": 3.6666666666666665
        },
        "ICON": {
          "n": 3,
          "mae": 0.43333333333333296,
          "bias": -0.16666666666666727,
          "hit_1c": 1.0,
          "bucket_hit": 1.0,
          "rank_avg": 2.0
        },
        "GFS": {
          "n": 3,
          "mae": 1.1666666666666667,
          "bias": -1.1666666666666667,
          "hit_1c": 0.6666666666666666,
          "bucket_hit": 0.6666666666666666,
          "rank_avg": 2.3333333333333335
        },
        "UKMO": {
          "n": 3,
          "mae": 0.5000000000000006,
          "bias": -0.5000000000000006,
          "hit_1c": 1.0,
          "bucket_hit": 0.6666666666666666,
          "rank_avg": 2.6666666666666665
        },
        "ECMWF": {
          "n": 3,
          "mae": 1.0333333333333332,
          "bias": -1.0333333333333332,
          "hit_1c": 0.6666666666666666,
          "bucket_hit": 0.0,
          "rank_avg": 4.333333333333333
        }
      },
      "consensus": {
        "n": 3,
        "mae": 0.39833333333333343,
        "bias": -0.39833333333333343,
        "hit_1c": 1.0,
        "bucket_hit": 0.6666666666666666,
        "rank_avg": null
      },
      "days_measured": 3
    }
  },
  "global": {
    "models": {
      "MeteoFrance": {
        "n": 6,
        "mae": 0.5499999999999998,
        "bias": 0.11666666666666625,
        "hit_1c": 1.0,
        "bucket_hit": 0.5,
        "rank_avg": 2.8333333333333335
      },
      "ICON": {
        "n": 6,
        "mae": 0.4666666666666665,
        "bias": 0.16666666666666638,
        "hit_1c": 0.8333333333333334,
        "bucket_hit": 0.8333333333333334,
        "rank_avg": 2.5
      },
      "GFS": {
        "n": 6,
        "mae": 0.8666666666666666,
        "bias": -0.36666666666666653,
        "hit_1c": 0.6666666666666666,
        "bucket_hit": 0.6666666666666666,
        "rank_avg": 2.6666666666666665
      },
      "UKMO": {
        "n": 6,
        "mae": 0.5,
        "bias": -0.033333333333333805,
        "hit_1c": 0.8333333333333334,
        "bucket_hit": 0.6666666666666666,
        "rank_avg": 2.6666666666666665
      },
      "ECMWF": {
        "n": 6,
        "mae": 0.8833333333333334,
        "bias": -0.14999999999999977,
        "hit_1c": 0.6666666666666666,
        "bucket_hit": 0.16666666666666666,
        "rank_avg": 4.333333333333333
      }
    },
    "consensus": {
      "n": 6,
      "mae": 0.4158333333333338,
      "bias": 0.017500000000000366,
      "hit_1c": 0.8333333333333334,
      "bucket_hit": 0.6666666666666666,
      "rank_avg": null
    },
    "days_measured": 6
  },
  "last_update": "2026-04-21T16:45:42.193771+03:00",
  "hit_window_c": 1.0
}