{
  "per_city": {
    "london": {
      "models": {
        "MeteoFrance": {
          "n": 14,
          "mae": 0.9593102386592623,
          "bias": 0.3975700907101241,
          "hit_1c": 0.5,
          "bucket_hit": 0.35714285714285715,
          "rank_avg": 3.2142857142857144
        },
        "ICON": {
          "n": 14,
          "mae": 0.7908570998545285,
          "bias": 0.20188240673269117,
          "hit_1c": 0.7142857142857143,
          "bucket_hit": 0.42857142857142855,
          "rank_avg": 3.2142857142857144
        },
        "GFS": {
          "n": 14,
          "mae": 0.8848745419456395,
          "bias": 0.05892277300692962,
          "hit_1c": 0.7857142857142857,
          "bucket_hit": 0.35714285714285715,
          "rank_avg": 3.0
        },
        "UKMO": {
          "n": 14,
          "mae": 0.7108971495616171,
          "bias": 0.05916196772246212,
          "hit_1c": 0.6428571428571429,
          "bucket_hit": 0.35714285714285715,
          "rank_avg": 2.0714285714285716
        },
        "ECMWF": {
          "n": 14,
          "mae": 1.0361636155152032,
          "bias": 0.05018197664060369,
          "hit_1c": 0.5,
          "bucket_hit": 0.2857142857142857,
          "rank_avg": 3.5
        }
      },
      "consensus": {
        "n": 14,
        "mae": 0.8028242933016309,
        "bias": 0.1535438429625622,
        "hit_1c": 0.7857142857142857,
        "bucket_hit": 0.42857142857142855,
        "rank_avg": null
      },
      "days_measured": 14
    },
    "paris": {
      "models": {
        "MeteoFrance": {
          "n": 14,
          "mae": 0.6162659076777145,
          "bias": 0.18449096658295222,
          "hit_1c": 0.7857142857142857,
          "bucket_hit": 0.5,
          "rank_avg": 2.9285714285714284
        },
        "ICON": {
          "n": 14,
          "mae": 0.5225933651158894,
          "bias": -0.30507595915000724,
          "hit_1c": 0.8571428571428571,
          "bucket_hit": 0.7142857142857143,
          "rank_avg": 2.642857142857143
        },
        "GFS": {
          "n": 14,
          "mae": 0.8721288450972428,
          "bias": -0.1339726748956695,
          "hit_1c": 0.6428571428571429,
          "bucket_hit": 0.42857142857142855,
          "rank_avg": 3.5
        },
        "UKMO": {
          "n": 14,
          "mae": 0.5032061897238768,
          "bias": -0.42144167925270387,
          "hit_1c": 0.7142857142857143,
          "bucket_hit": 0.6428571428571429,
          "rank_avg": 2.2142857142857144
        },
        "ECMWF": {
          "n": 14,
          "mae": 0.9244769045043395,
          "bias": -0.6301928281013628,
          "hit_1c": 0.6428571428571429,
          "bucket_hit": 0.35714285714285715,
          "rank_avg": 3.7142857142857144
        }
      },
      "consensus": {
        "n": 14,
        "mae": 0.551095863980102,
        "bias": -0.2612384349633578,
        "hit_1c": 0.8571428571428571,
        "bucket_hit": 0.5,
        "rank_avg": null
      },
      "days_measured": 14
    }
  },
  "global": {
    "models": {
      "MeteoFrance": {
        "n": 28,
        "mae": 0.7877880731684883,
        "bias": 0.29103052864653817,
        "hit_1c": 0.6428571428571429,
        "bucket_hit": 0.42857142857142855,
        "rank_avg": 3.0714285714285716
      },
      "ICON": {
        "n": 28,
        "mae": 0.656725232485209,
        "bias": -0.051596776208658025,
        "hit_1c": 0.7857142857142857,
        "bucket_hit": 0.5714285714285714,
        "rank_avg": 2.9285714285714284
      },
      "GFS": {
        "n": 28,
        "mae": 0.8785016935214411,
        "bias": -0.03752495094436993,
        "hit_1c": 0.7142857142857143,
        "bucket_hit": 0.39285714285714285,
        "rank_avg": 3.25
      },
      "UKMO": {
        "n": 28,
        "mae": 0.607051669642747,
        "bias": -0.18113985576512087,
        "hit_1c": 0.6785714285714286,
        "bucket_hit": 0.5,
        "rank_avg": 2.142857142857143
      },
      "ECMWF": {
        "n": 28,
        "mae": 0.9803202600097715,
        "bias": -0.2900054257303796,
        "hit_1c": 0.5714285714285714,
        "bucket_hit": 0.32142857142857145,
        "rank_avg": 3.607142857142857
      }
    },
    "consensus": {
      "n": 28,
      "mae": 0.6769600786408666,
      "bias": -0.05384729600039779,
      "hit_1c": 0.8214285714285714,
      "bucket_hit": 0.4642857142857143,
      "rank_avg": null
    },
    "days_measured": 28
  },
  "last_update": "2026-05-16T05:05:45.117306+03:00",
  "hit_window_c": 1.0
}