{
  "per_city": {
    "london": {
      "models": {
        "MeteoFrance": {
          "n": 13,
          "mae": 1.0003717200144933,
          "bias": 0.43224275353640695,
          "hit_1c": 0.46153846153846156,
          "bucket_hit": 0.3076923076923077,
          "rank_avg": 3.4615384615384617
        },
        "ICON": {
          "n": 13,
          "mae": 0.8241385468015342,
          "bias": 0.2243777640649293,
          "hit_1c": 0.6923076923076923,
          "bucket_hit": 0.38461538461538464,
          "rank_avg": 3.076923076923077
        },
        "GFS": {
          "n": 13,
          "mae": 0.9573331812951421,
          "bias": 0.051621004772647354,
          "hit_1c": 0.7692307692307693,
          "bucket_hit": 0.3076923076923077,
          "rank_avg": 3.230769230769231
        },
        "UKMO": {
          "n": 13,
          "mae": 0.7036554625897999,
          "bias": 0.16574804253811196,
          "hit_1c": 0.6923076923076923,
          "bucket_hit": 0.38461538461538464,
          "rank_avg": 2.0
        },
        "ECMWF": {
          "n": 13,
          "mae": 0.921300994233804,
          "bias": 0.14094999825409674,
          "hit_1c": 0.5384615384615384,
          "bucket_hit": 0.38461538461538464,
          "rank_avg": 3.230769230769231
        }
      },
      "consensus": {
        "n": 13,
        "mae": 0.7978394879778907,
        "bias": 0.20298791263323857,
        "hit_1c": 0.7692307692307693,
        "bucket_hit": 0.46153846153846156,
        "rank_avg": null
      },
      "days_measured": 13
    },
    "paris": {
      "models": {
        "MeteoFrance": {
          "n": 13,
          "mae": 0.5786180536036919,
          "bias": 0.2797441383201204,
          "hit_1c": 0.8461538461538461,
          "bucket_hit": 0.5384615384615384,
          "rank_avg": 2.923076923076923
        },
        "ICON": {
          "n": 13,
          "mae": 0.422128573598363,
          "bias": -0.18787905948125905,
          "hit_1c": 0.9230769230769231,
          "bucket_hit": 0.7692307692307693,
          "rank_avg": 2.3076923076923075
        },
        "GFS": {
          "n": 13,
          "mae": 0.8432867670563706,
          "bias": -0.048349352993137876,
          "hit_1c": 0.6923076923076923,
          "bucket_hit": 0.46153846153846156,
          "rank_avg": 3.4615384615384617
        },
        "UKMO": {
          "n": 13,
          "mae": 0.45103225759710597,
          "bias": -0.3256074001666118,
          "hit_1c": 0.7692307692307693,
          "bucket_hit": 0.6923076923076923,
          "rank_avg": 2.3846153846153846
        },
        "ECMWF": {
          "n": 13,
          "mae": 0.8852344707885819,
          "bias": -0.5683131577392223,
          "hit_1c": 0.6923076923076923,
          "bucket_hit": 0.38461538461538464,
          "rank_avg": 3.923076923076923
        }
      },
      "consensus": {
        "n": 13,
        "mae": 0.48223512073774677,
        "bias": -0.17008096641202217,
        "hit_1c": 0.9230769230769231,
        "bucket_hit": 0.5384615384615384,
        "rank_avg": null
      },
      "days_measured": 13
    }
  },
  "global": {
    "models": {
      "MeteoFrance": {
        "n": 26,
        "mae": 0.7894948868090925,
        "bias": 0.35599344592826365,
        "hit_1c": 0.6538461538461539,
        "bucket_hit": 0.4230769230769231,
        "rank_avg": 3.1923076923076925
      },
      "ICON": {
        "n": 26,
        "mae": 0.6231335601999486,
        "bias": 0.018249352291835115,
        "hit_1c": 0.8076923076923077,
        "bucket_hit": 0.5769230769230769,
        "rank_avg": 2.6923076923076925
      },
      "GFS": {
        "n": 26,
        "mae": 0.9003099741757562,
        "bias": 0.001635825889754741,
        "hit_1c": 0.7307692307692307,
        "bucket_hit": 0.38461538461538464,
        "rank_avg": 3.3461538461538463
      },
      "UKMO": {
        "n": 26,
        "mae": 0.577343860093453,
        "bias": -0.07992967881424992,
        "hit_1c": 0.7307692307692307,
        "bucket_hit": 0.5384615384615384,
        "rank_avg": 2.1923076923076925
      },
      "ECMWF": {
        "n": 26,
        "mae": 0.9032677325111931,
        "bias": -0.21368157974256277,
        "hit_1c": 0.6153846153846154,
        "bucket_hit": 0.38461538461538464,
        "rank_avg": 3.576923076923077
      }
    },
    "consensus": {
      "n": 26,
      "mae": 0.6400373043578187,
      "bias": 0.016453473110608192,
      "hit_1c": 0.8461538461538461,
      "bucket_hit": 0.5,
      "rank_avg": null
    },
    "days_measured": 26
  },
  "last_update": "2026-05-15T00:05:41.248780+03:00",
  "hit_window_c": 1.0
}