{
  "per_city": {
    "london": {
      "models": {
        "MeteoFrance": {
          "n": 13,
          "mae": 0.9935729761497422,
          "bias": 0.42968638325346775,
          "hit_1c": 0.46153846153846156,
          "bucket_hit": 0.3076923076923077,
          "rank_avg": 3.3846153846153846
        },
        "ICON": {
          "n": 13,
          "mae": 0.7923290566247102,
          "bias": 0.2767750273922956,
          "hit_1c": 0.6923076923076923,
          "bucket_hit": 0.38461538461538464,
          "rank_avg": 3.230769230769231
        },
        "GFS": {
          "n": 13,
          "mae": 0.9062188639618936,
          "bias": 0.11017824444856558,
          "hit_1c": 0.7692307692307693,
          "bucket_hit": 0.3076923076923077,
          "rank_avg": 3.076923076923077
        },
        "UKMO": {
          "n": 13,
          "mae": 0.7081309180764147,
          "bias": 0.12116351592182444,
          "hit_1c": 0.6153846153846154,
          "bucket_hit": 0.38461538461538464,
          "rank_avg": 1.8461538461538463
        },
        "ECMWF": {
          "n": 13,
          "mae": 1.0373762549143817,
          "bias": 0.1973515783386845,
          "hit_1c": 0.5384615384615384,
          "bucket_hit": 0.3076923076923077,
          "rank_avg": 3.4615384615384617
        }
      },
      "consensus": {
        "n": 13,
        "mae": 0.8029039661058557,
        "bias": 0.22703094987096753,
        "hit_1c": 0.7692307692307693,
        "bucket_hit": 0.46153846153846156,
        "rank_avg": null
      },
      "days_measured": 13
    },
    "paris": {
      "models": {
        "MeteoFrance": {
          "n": 12,
          "mae": 0.6134944510324926,
          "bias": 0.27268215749631713,
          "hit_1c": 0.75,
          "bucket_hit": 0.5,
          "rank_avg": 3.0
        },
        "ICON": {
          "n": 12,
          "mae": 0.5087641883694124,
          "bias": -0.2414936283329867,
          "hit_1c": 0.8333333333333334,
          "bucket_hit": 0.75,
          "rank_avg": 2.75
        },
        "GFS": {
          "n": 12,
          "mae": 0.7541137308545078,
          "bias": -0.12594605770548975,
          "hit_1c": 0.75,
          "bucket_hit": 0.5833333333333334,
          "rank_avg": 3.25
        },
        "UKMO": {
          "n": 12,
          "mae": 0.4108556144762267,
          "bias": -0.2832056283555791,
          "hit_1c": 0.8333333333333334,
          "bucket_hit": 0.75,
          "rank_avg": 2.1666666666666665
        },
        "ECMWF": {
          "n": 12,
          "mae": 0.9218604015546249,
          "bias": -0.5785289790844854,
          "hit_1c": 0.6666666666666666,
          "bucket_hit": 0.3333333333333333,
          "rank_avg": 3.8333333333333335
        }
      },
      "consensus": {
        "n": 12,
        "mae": 0.5294654277159792,
        "bias": -0.1912984271964442,
        "hit_1c": 0.9166666666666666,
        "bucket_hit": 0.5,
        "rank_avg": null
      },
      "days_measured": 12
    }
  },
  "global": {
    "models": {
      "MeteoFrance": {
        "n": 25,
        "mae": 0.8111352840934625,
        "bias": 0.35432435489003544,
        "hit_1c": 0.6,
        "bucket_hit": 0.4,
        "rank_avg": 3.2
      },
      "ICON": {
        "n": 25,
        "mae": 0.6562179198621672,
        "bias": 0.028006072644160086,
        "hit_1c": 0.76,
        "bucket_hit": 0.56,
        "rank_avg": 3.0
      },
      "GFS": {
        "n": 25,
        "mae": 0.8332084000703486,
        "bias": -0.0031614205853809805,
        "hit_1c": 0.76,
        "bucket_hit": 0.44,
        "rank_avg": 3.16
      },
      "UKMO": {
        "n": 25,
        "mae": 0.5654387723483244,
        "bias": -0.07293367333132927,
        "hit_1c": 0.72,
        "bucket_hit": 0.56,
        "rank_avg": 2.0
      },
      "ECMWF": {
        "n": 25,
        "mae": 0.9819286453016984,
        "bias": -0.17507108922443707,
        "hit_1c": 0.6,
        "bucket_hit": 0.32,
        "rank_avg": 3.64
      }
    },
    "consensus": {
      "n": 25,
      "mae": 0.6716534676787151,
      "bias": 0.0262328488786099,
      "hit_1c": 0.84,
      "bucket_hit": 0.48,
      "rank_avg": null
    },
    "days_measured": 25
  },
  "last_update": "2026-05-17T17:32:50.609256+03:00",
  "hit_window_c": 1.0
}