{
  "per_city": {
    "london": {
      "models": {
        "MeteoFrance": {
          "n": 11,
          "mae": 0.8022586056109546,
          "bias": 0.41847221959560604,
          "hit_1c": 0.6363636363636364,
          "bucket_hit": 0.36363636363636365,
          "rank_avg": 3.5454545454545454
        },
        "ICON": {
          "n": 11,
          "mae": 0.6330672289288174,
          "bias": 0.051114174231393375,
          "hit_1c": 0.9090909090909091,
          "bucket_hit": 0.45454545454545453,
          "rank_avg": 3.1818181818181817
        },
        "GFS": {
          "n": 11,
          "mae": 0.7998564382567,
          "bias": 0.24665145602766747,
          "hit_1c": 0.8181818181818182,
          "bucket_hit": 0.36363636363636365,
          "rank_avg": 3.6363636363636362
        },
        "UKMO": {
          "n": 11,
          "mae": 0.40854215352569107,
          "bias": 0.09508125536471419,
          "hit_1c": 0.9090909090909091,
          "bucket_hit": 0.6363636363636364,
          "rank_avg": 1.9090909090909092
        },
        "ECMWF": {
          "n": 11,
          "mae": 0.5693589466518905,
          "bias": 0.056004737945994296,
          "hit_1c": 0.8181818181818182,
          "bucket_hit": 0.5454545454545454,
          "rank_avg": 2.727272727272727
        }
      },
      "consensus": {
        "n": 11,
        "mae": 0.5145652773663979,
        "bias": 0.17346476863307522,
        "hit_1c": 0.9090909090909091,
        "bucket_hit": 0.6363636363636364,
        "rank_avg": null
      },
      "days_measured": 11
    },
    "paris": {
      "models": {
        "MeteoFrance": {
          "n": 12,
          "mae": 0.41211806247394084,
          "bias": 0.225183294243173,
          "hit_1c": 0.9166666666666666,
          "bucket_hit": 0.75,
          "rank_avg": 2.6666666666666665
        },
        "ICON": {
          "n": 12,
          "mae": 0.3553557359693785,
          "bias": -0.1679598601624154,
          "hit_1c": 1.0,
          "bucket_hit": 0.8333333333333334,
          "rank_avg": 2.3333333333333335
        },
        "GFS": {
          "n": 12,
          "mae": 0.9920278145315895,
          "bias": -0.08122987174352803,
          "hit_1c": 0.5833333333333334,
          "bucket_hit": 0.4166666666666667,
          "rank_avg": 3.8333333333333335
        },
        "UKMO": {
          "n": 12,
          "mae": 0.4028776069128163,
          "bias": -0.2500702239244987,
          "hit_1c": 0.8333333333333334,
          "bucket_hit": 0.75,
          "rank_avg": 2.6666666666666665
        },
        "ECMWF": {
          "n": 12,
          "mae": 0.5476490434727839,
          "bias": -0.4600487876222865,
          "hit_1c": 0.8333333333333334,
          "bucket_hit": 0.5833333333333334,
          "rank_avg": 3.5
        }
      },
      "consensus": {
        "n": 12,
        "mae": 0.342342984384256,
        "bias": -0.14682508984191114,
        "hit_1c": 0.9166666666666666,
        "bucket_hit": 0.6666666666666666,
        "rank_avg": null
      },
      "days_measured": 12
    }
  },
  "global": {
    "models": {
      "MeteoFrance": {
        "n": 23,
        "mae": 0.5987070178872953,
        "bias": 0.317625823759554,
        "hit_1c": 0.782608695652174,
        "bucket_hit": 0.5652173913043478,
        "rank_avg": 3.0869565217391304
      },
      "ICON": {
        "n": 23,
        "mae": 0.48817427608041447,
        "bias": -0.06318532197407208,
        "hit_1c": 0.9565217391304348,
        "bucket_hit": 0.6521739130434783,
        "rank_avg": 2.739130434782609
      },
      "GFS": {
        "n": 23,
        "mae": 0.9001197650088161,
        "bias": 0.07558293719052199,
        "hit_1c": 0.6956521739130435,
        "bucket_hit": 0.391304347826087,
        "rank_avg": 3.739130434782609
      },
      "UKMO": {
        "n": 23,
        "mae": 0.4055867379015825,
        "bias": -0.0849977773079186,
        "hit_1c": 0.8695652173913043,
        "bucket_hit": 0.6956521739130435,
        "rank_avg": 2.3043478260869565
      },
      "ECMWF": {
        "n": 23,
        "mae": 0.5580320406454,
        "bias": -0.21324057974180438,
        "hit_1c": 0.8260869565217391,
        "bucket_hit": 0.5652173913043478,
        "rank_avg": 3.130434782608696
      }
    },
    "consensus": {
      "n": 23,
      "mae": 0.4247101679844108,
      "bias": 0.006357016385256248,
      "hit_1c": 0.9130434782608695,
      "bucket_hit": 0.6521739130434783,
      "rank_avg": null
    },
    "days_measured": 23
  },
  "last_update": "2026-05-12T01:20:32.566354+03:00",
  "hit_window_c": 1.0
}