{
  "per_city": {
    "london": {
      "models": {
        "MeteoFrance": {
          "n": 2,
          "mae": 0.5499999999999998,
          "bias": 0.14999999999999947,
          "hit_1c": 1.0,
          "bucket_hit": 0.5,
          "rank_avg": 2.5
        },
        "ICON": {
          "n": 2,
          "mae": 0.6500000000000004,
          "bias": 0.6500000000000004,
          "hit_1c": 0.5,
          "bucket_hit": 0.5,
          "rank_avg": 3.0
        },
        "GFS": {
          "n": 2,
          "mae": 0.6999999999999993,
          "bias": 0.5,
          "hit_1c": 0.5,
          "bucket_hit": 0.5,
          "rank_avg": 2.0
        },
        "UKMO": {
          "n": 2,
          "mae": 0.6999999999999993,
          "bias": 0.6999999999999993,
          "hit_1c": 0.5,
          "bucket_hit": 0.5,
          "rank_avg": 3.0
        },
        "ECMWF": {
          "n": 2,
          "mae": 0.9500000000000002,
          "bias": 0.9500000000000002,
          "hit_1c": 0.5,
          "bucket_hit": 0.0,
          "rank_avg": 4.5
        }
      },
      "consensus": {
        "n": 2,
        "mae": 0.5900000000000007,
        "bias": 0.5900000000000007,
        "hit_1c": 0.5,
        "bucket_hit": 0.5,
        "rank_avg": null
      },
      "days_measured": 2
    },
    "paris": {
      "models": {
        "MeteoFrance": {
          "n": 3,
          "mae": 0.6999999999999998,
          "bias": 0.16666666666666607,
          "hit_1c": 1.0,
          "bucket_hit": 0.3333333333333333,
          "rank_avg": 3.6666666666666665
        },
        "ICON": {
          "n": 3,
          "mae": 0.43333333333333296,
          "bias": -0.16666666666666727,
          "hit_1c": 1.0,
          "bucket_hit": 1.0,
          "rank_avg": 2.0
        },
        "GFS": {
          "n": 3,
          "mae": 1.1666666666666667,
          "bias": -1.1666666666666667,
          "hit_1c": 0.6666666666666666,
          "bucket_hit": 0.6666666666666666,
          "rank_avg": 2.3333333333333335
        },
        "UKMO": {
          "n": 3,
          "mae": 0.5000000000000006,
          "bias": -0.5000000000000006,
          "hit_1c": 1.0,
          "bucket_hit": 0.6666666666666666,
          "rank_avg": 2.6666666666666665
        },
        "ECMWF": {
          "n": 3,
          "mae": 1.0333333333333332,
          "bias": -1.0333333333333332,
          "hit_1c": 0.6666666666666666,
          "bucket_hit": 0.0,
          "rank_avg": 4.333333333333333
        }
      },
      "consensus": {
        "n": 3,
        "mae": 0.39833333333333343,
        "bias": -0.39833333333333343,
        "hit_1c": 1.0,
        "bucket_hit": 0.6666666666666666,
        "rank_avg": null
      },
      "days_measured": 3
    }
  },
  "global": {
    "models": {
      "MeteoFrance": {
        "n": 5,
        "mae": 0.6399999999999999,
        "bias": 0.15999999999999942,
        "hit_1c": 1.0,
        "bucket_hit": 0.4,
        "rank_avg": 3.2
      },
      "ICON": {
        "n": 5,
        "mae": 0.5199999999999999,
        "bias": 0.15999999999999978,
        "hit_1c": 0.8,
        "bucket_hit": 0.8,
        "rank_avg": 2.4
      },
      "GFS": {
        "n": 5,
        "mae": 0.9799999999999998,
        "bias": -0.5,
        "hit_1c": 0.6,
        "bucket_hit": 0.6,
        "rank_avg": 2.2
      },
      "UKMO": {
        "n": 5,
        "mae": 0.5800000000000001,
        "bias": -0.02000000000000064,
        "hit_1c": 0.8,
        "bucket_hit": 0.6,
        "rank_avg": 2.8
      },
      "ECMWF": {
        "n": 5,
        "mae": 1.0,
        "bias": -0.23999999999999985,
        "hit_1c": 0.6,
        "bucket_hit": 0.0,
        "rank_avg": 4.4
      }
    },
    "consensus": {
      "n": 5,
      "mae": 0.47500000000000037,
      "bias": -0.0029999999999997585,
      "hit_1c": 0.8,
      "bucket_hit": 0.6,
      "rank_avg": null
    },
    "days_measured": 5
  },
  "last_update": "2026-04-21T01:25:35.656474+03:00",
  "hit_window_c": 1.0
}