{
  "per_city": {
    "london": {
      "models": {
        "MeteoFrance": {
          "n": 10,
          "mae": 0.8595047531666229,
          "bias": 0.19197774802560907,
          "hit_1c": 0.7,
          "bucket_hit": 0.5,
          "rank_avg": 3.4
        },
        "ICON": {
          "n": 10,
          "mae": 0.49367541026857575,
          "bias": -0.2536170336030789,
          "hit_1c": 0.9,
          "bucket_hit": 0.5,
          "rank_avg": 2.6
        },
        "GFS": {
          "n": 10,
          "mae": 0.9326525161948155,
          "bias": -0.13686026145699728,
          "hit_1c": 0.5,
          "bucket_hit": 0.5,
          "rank_avg": 3.3
        },
        "UKMO": {
          "n": 10,
          "mae": 0.31806841140231124,
          "bias": 0.17176549373243583,
          "hit_1c": 0.9,
          "bucket_hit": 0.8,
          "rank_avg": 2.2
        },
        "ECMWF": {
          "n": 10,
          "mae": 0.7841093297023469,
          "bias": 0.3700167009933004,
          "hit_1c": 0.7,
          "bucket_hit": 0.5,
          "rank_avg": 3.5
        }
      },
      "consensus": {
        "n": 10,
        "mae": 0.5304164553701469,
        "bias": 0.06865652953825432,
        "hit_1c": 0.8,
        "bucket_hit": 0.6,
        "rank_avg": null
      },
      "days_measured": 10
    },
    "paris": {
      "models": {
        "MeteoFrance": {
          "n": 10,
          "mae": 0.8497695726770385,
          "bias": 0.8288277654230722,
          "hit_1c": 0.6,
          "bucket_hit": 0.3,
          "rank_avg": 3.8
        },
        "ICON": {
          "n": 10,
          "mae": 0.3295662518553556,
          "bias": 0.11298178645073094,
          "hit_1c": 1.0,
          "bucket_hit": 0.9,
          "rank_avg": 1.8
        },
        "GFS": {
          "n": 10,
          "mae": 0.7319138057507178,
          "bias": -0.5834449224507214,
          "hit_1c": 0.8,
          "bucket_hit": 0.3,
          "rank_avg": 3.6
        },
        "UKMO": {
          "n": 10,
          "mae": 0.47970002218531815,
          "bias": 0.34310550924650157,
          "hit_1c": 0.9,
          "bucket_hit": 0.7,
          "rank_avg": 2.3
        },
        "ECMWF": {
          "n": 10,
          "mae": 0.8106505085779311,
          "bias": -0.7161333869749512,
          "hit_1c": 0.7,
          "bucket_hit": 0.4,
          "rank_avg": 3.5
        }
      },
      "consensus": {
        "n": 10,
        "mae": 0.2733076572818575,
        "bias": -0.0029326496610728725,
        "hit_1c": 1.0,
        "bucket_hit": 0.8,
        "rank_avg": null
      },
      "days_measured": 10
    }
  },
  "global": {
    "models": {
      "MeteoFrance": {
        "n": 20,
        "mae": 0.8546371629218307,
        "bias": 0.5104027567243407,
        "hit_1c": 0.65,
        "bucket_hit": 0.4,
        "rank_avg": 3.6
      },
      "ICON": {
        "n": 20,
        "mae": 0.4116208310619657,
        "bias": -0.070317623576174,
        "hit_1c": 0.95,
        "bucket_hit": 0.7,
        "rank_avg": 2.2
      },
      "GFS": {
        "n": 20,
        "mae": 0.8322831609727667,
        "bias": -0.36015259195385935,
        "hit_1c": 0.65,
        "bucket_hit": 0.4,
        "rank_avg": 3.45
      },
      "UKMO": {
        "n": 20,
        "mae": 0.3988842167938147,
        "bias": 0.2574355014894687,
        "hit_1c": 0.9,
        "bucket_hit": 0.75,
        "rank_avg": 2.25
      },
      "ECMWF": {
        "n": 20,
        "mae": 0.7973799191401391,
        "bias": -0.1730583429908254,
        "hit_1c": 0.7,
        "bucket_hit": 0.45,
        "rank_avg": 3.5
      }
    },
    "consensus": {
      "n": 20,
      "mae": 0.4018620563260022,
      "bias": 0.032861939938590726,
      "hit_1c": 0.9,
      "bucket_hit": 0.7,
      "rank_avg": null
    },
    "days_measured": 20
  },
  "last_update": "2026-05-30T17:47:51.316603+03:00",
  "hit_window_c": 1.0
}