{
  "per_city": {
    "london": {
      "models": {
        "MeteoFrance": {
          "n": 10,
          "mae": 0.6423582539682535,
          "bias": -0.2863900000000001,
          "hit_1c": 0.8,
          "bucket_hit": 0.4,
          "rank_avg": 3.4
        },
        "ICON": {
          "n": 10,
          "mae": 0.584572142857143,
          "bias": -0.06258499999999997,
          "hit_1c": 0.9,
          "bucket_hit": 0.4,
          "rank_avg": 3.4
        },
        "GFS": {
          "n": 10,
          "mae": 0.43320242857142865,
          "bias": -0.11071100000000023,
          "hit_1c": 0.9,
          "bucket_hit": 0.7,
          "rank_avg": 2.4
        },
        "UKMO": {
          "n": 10,
          "mae": 0.5045807301587294,
          "bias": 0.2799819999999995,
          "hit_1c": 0.9,
          "bucket_hit": 0.7,
          "rank_avg": 3.0
        },
        "ECMWF": {
          "n": 10,
          "mae": 0.49158330158730124,
          "bias": 0.3602240000000002,
          "hit_1c": 0.8,
          "bucket_hit": 0.6,
          "rank_avg": 2.8
        }
      },
      "consensus": {
        "n": 10,
        "mae": 0.42245790476190415,
        "bias": 0.036103999999999914,
        "hit_1c": 1.0,
        "bucket_hit": 0.7,
        "rank_avg": null
      },
      "days_measured": 10
    },
    "paris": {
      "models": {
        "MeteoFrance": {
          "n": 10,
          "mae": 0.46801738095238116,
          "bias": 0.3570650000000004,
          "hit_1c": 0.9,
          "bucket_hit": 0.7,
          "rank_avg": 2.6
        },
        "ICON": {
          "n": 10,
          "mae": 0.32998982539682514,
          "bias": -0.04769299999999958,
          "hit_1c": 1.0,
          "bucket_hit": 0.8,
          "rank_avg": 2.3
        },
        "GFS": {
          "n": 10,
          "mae": 1.084554,
          "bias": -0.7690539999999999,
          "hit_1c": 0.4,
          "bucket_hit": 0.2,
          "rank_avg": 4.2
        },
        "UKMO": {
          "n": 10,
          "mae": 0.4412105238095251,
          "bias": 0.12138100000000022,
          "hit_1c": 1.0,
          "bucket_hit": 0.5,
          "rank_avg": 2.9
        },
        "ECMWF": {
          "n": 10,
          "mae": 0.5547071428571428,
          "bias": -0.20435000000000017,
          "hit_1c": 0.9,
          "bucket_hit": 0.7,
          "rank_avg": 3.0
        }
      },
      "consensus": {
        "n": 10,
        "mae": 0.40470004126984127,
        "bias": -0.10853020000000022,
        "hit_1c": 1.0,
        "bucket_hit": 0.4,
        "rank_avg": null
      },
      "days_measured": 10
    }
  },
  "global": {
    "models": {
      "MeteoFrance": {
        "n": 20,
        "mae": 0.5551878174603173,
        "bias": 0.035337500000000154,
        "hit_1c": 0.85,
        "bucket_hit": 0.55,
        "rank_avg": 3.0
      },
      "ICON": {
        "n": 20,
        "mae": 0.4572809841269841,
        "bias": -0.055138999999999785,
        "hit_1c": 0.95,
        "bucket_hit": 0.6,
        "rank_avg": 2.85
      },
      "GFS": {
        "n": 20,
        "mae": 0.7588782142857143,
        "bias": -0.43988250000000007,
        "hit_1c": 0.65,
        "bucket_hit": 0.45,
        "rank_avg": 3.3
      },
      "UKMO": {
        "n": 20,
        "mae": 0.47289562698412724,
        "bias": 0.20068149999999987,
        "hit_1c": 0.95,
        "bucket_hit": 0.6,
        "rank_avg": 2.95
      },
      "ECMWF": {
        "n": 20,
        "mae": 0.523145222222222,
        "bias": 0.077937,
        "hit_1c": 0.85,
        "bucket_hit": 0.65,
        "rank_avg": 2.9
      }
    },
    "consensus": {
      "n": 20,
      "mae": 0.4135789730158727,
      "bias": -0.03621310000000015,
      "hit_1c": 1.0,
      "bucket_hit": 0.55,
      "rank_avg": null
    },
    "days_measured": 20
  },
  "last_update": "2026-05-02T15:30:38.113099+03:00",
  "hit_window_c": 1.0
}