{
  "per_city": {
    "london": {
      "models": {
        "MeteoFrance": {
          "n": 11,
          "mae": 0.5590620490620488,
          "bias": -0.23545454545454578,
          "hit_1c": 0.8181818181818182,
          "bucket_hit": 0.5454545454545454,
          "rank_avg": 2.909090909090909
        },
        "ICON": {
          "n": 11,
          "mae": 0.5312337662337665,
          "bias": -0.07136363636363686,
          "hit_1c": 0.9090909090909091,
          "bucket_hit": 0.45454545454545453,
          "rank_avg": 3.3636363636363638
        },
        "GFS": {
          "n": 11,
          "mae": 0.47361038961039,
          "bias": -0.22100000000000025,
          "hit_1c": 0.8181818181818182,
          "bucket_hit": 0.7272727272727273,
          "rank_avg": 2.6363636363636362
        },
        "UKMO": {
          "n": 11,
          "mae": 0.47487157287157183,
          "bias": 0.22018181818181792,
          "hit_1c": 0.9090909090909091,
          "bucket_hit": 0.7272727272727273,
          "rank_avg": 3.090909090909091
        },
        "ECMWF": {
          "n": 11,
          "mae": 0.47226118326118327,
          "bias": 0.4094545454545454,
          "hit_1c": 0.8181818181818182,
          "bucket_hit": 0.6363636363636364,
          "rank_avg": 3.0
        }
      },
      "consensus": {
        "n": 11,
        "mae": 0.4256017316017319,
        "bias": 0.020363636363635737,
        "hit_1c": 1.0,
        "bucket_hit": 0.6363636363636364,
        "rank_avg": null
      },
      "days_measured": 11
    },
    "paris": {
      "models": {
        "MeteoFrance": {
          "n": 10,
          "mae": 0.5974523809523807,
          "bias": 0.48650000000000004,
          "hit_1c": 0.9,
          "bucket_hit": 0.5,
          "rank_avg": 3.1
        },
        "ICON": {
          "n": 10,
          "mae": 0.32759682539682533,
          "bias": -0.045299999999999764,
          "hit_1c": 1.0,
          "bucket_hit": 0.8,
          "rank_avg": 2.2
        },
        "GFS": {
          "n": 10,
          "mae": 0.9489000000000003,
          "bias": -0.6334000000000002,
          "hit_1c": 0.5,
          "bucket_hit": 0.2,
          "rank_avg": 3.9
        },
        "UKMO": {
          "n": 10,
          "mae": 0.4839095238095247,
          "bias": 0.030100000000000193,
          "hit_1c": 1.0,
          "bucket_hit": 0.5,
          "rank_avg": 2.8
        },
        "ECMWF": {
          "n": 10,
          "mae": 0.6853571428571428,
          "bias": -0.33500000000000013,
          "hit_1c": 0.8,
          "bucket_hit": 0.5,
          "rank_avg": 3.0
        }
      },
      "consensus": {
        "n": 10,
        "mae": 0.39558984126984065,
        "bias": -0.09941999999999958,
        "hit_1c": 1.0,
        "bucket_hit": 0.5,
        "rank_avg": null
      },
      "days_measured": 10
    }
  },
  "global": {
    "models": {
      "MeteoFrance": {
        "n": 21,
        "mae": 0.5773431594860164,
        "bias": 0.10833333333333318,
        "hit_1c": 0.8571428571428571,
        "bucket_hit": 0.5238095238095238,
        "rank_avg": 3.0
      },
      "ICON": {
        "n": 21,
        "mae": 0.43426379440665164,
        "bias": -0.0589523809523811,
        "hit_1c": 0.9523809523809523,
        "bucket_hit": 0.6190476190476191,
        "rank_avg": 2.8095238095238093
      },
      "GFS": {
        "n": 21,
        "mae": 0.6999387755102043,
        "bias": -0.4173809523809526,
        "hit_1c": 0.6666666666666666,
        "bucket_hit": 0.47619047619047616,
        "rank_avg": 3.238095238095238
      },
      "UKMO": {
        "n": 21,
        "mae": 0.4791753590325018,
        "bias": 0.12966666666666662,
        "hit_1c": 0.9523809523809523,
        "bucket_hit": 0.6190476190476191,
        "rank_avg": 2.9523809523809526
      },
      "ECMWF": {
        "n": 21,
        "mae": 0.5737354497354497,
        "bias": 0.054952380952380864,
        "hit_1c": 0.8095238095238095,
        "bucket_hit": 0.5714285714285714,
        "rank_avg": 3.0
      }
    },
    "consensus": {
      "n": 21,
      "mae": 0.4113103552532123,
      "bias": -0.036676190476190605,
      "hit_1c": 1.0,
      "bucket_hit": 0.5714285714285714,
      "rank_avg": null
    },
    "days_measured": 21
  },
  "last_update": "2026-04-30T12:20:43.893717+03:00",
  "hit_window_c": 1.0
}