{
  "per_city": {
    "london": {
      "models": {
        "MeteoFrance": {
          "n": 12,
          "mae": 0.6381653589537959,
          "bias": 0.26694433923277555,
          "hit_1c": 0.75,
          "bucket_hit": 0.4166666666666667,
          "rank_avg": 3.0833333333333335
        },
        "ICON": {
          "n": 12,
          "mae": 0.6319538963034782,
          "bias": 0.15648940397762226,
          "hit_1c": 0.9166666666666666,
          "bucket_hit": 0.5,
          "rank_avg": 3.4166666666666665
        },
        "GFS": {
          "n": 12,
          "mae": 0.5968564474548286,
          "bias": 0.14159945193344528,
          "hit_1c": 0.9166666666666666,
          "bucket_hit": 0.5833333333333334,
          "rank_avg": 2.9166666666666665
        },
        "UKMO": {
          "n": 12,
          "mae": 0.5536582814077197,
          "bias": 0.23760039090446824,
          "hit_1c": 0.8333333333333334,
          "bucket_hit": 0.5833333333333334,
          "rank_avg": 2.8333333333333335
        },
        "ECMWF": {
          "n": 12,
          "mae": 0.5655891211545292,
          "bias": 0.24917119076841723,
          "hit_1c": 0.75,
          "bucket_hit": 0.5833333333333334,
          "rank_avg": 2.75
        }
      },
      "consensus": {
        "n": 12,
        "mae": 0.4972883461543723,
        "bias": 0.21036095536334573,
        "hit_1c": 0.9166666666666666,
        "bucket_hit": 0.6666666666666666,
        "rank_avg": null
      },
      "days_measured": 12
    },
    "paris": {
      "models": {
        "MeteoFrance": {
          "n": 12,
          "mae": 0.43701461822011806,
          "bias": 0.16039731030681117,
          "hit_1c": 0.9166666666666666,
          "bucket_hit": 0.75,
          "rank_avg": 2.4166666666666665
        },
        "ICON": {
          "n": 12,
          "mae": 0.40870443055124744,
          "bias": -0.14513785833197046,
          "hit_1c": 1.0,
          "bucket_hit": 0.75,
          "rank_avg": 2.5833333333333335
        },
        "GFS": {
          "n": 12,
          "mae": 1.111760225539322,
          "bias": -0.13931622074166952,
          "hit_1c": 0.4166666666666667,
          "bucket_hit": 0.25,
          "rank_avg": 4.166666666666667
        },
        "UKMO": {
          "n": 12,
          "mae": 0.4997571447401124,
          "bias": -0.14566283006280253,
          "hit_1c": 0.8333333333333334,
          "bucket_hit": 0.5,
          "rank_avg": 2.5833333333333335
        },
        "ECMWF": {
          "n": 12,
          "mae": 0.5293061836224017,
          "bias": -0.236619042001188,
          "hit_1c": 0.9166666666666666,
          "bucket_hit": 0.6666666666666666,
          "rank_avg": 3.25
        }
      },
      "consensus": {
        "n": 12,
        "mae": 0.45264371830981026,
        "bias": -0.1012677281661641,
        "hit_1c": 0.9166666666666666,
        "bucket_hit": 0.4166666666666667,
        "rank_avg": null
      },
      "days_measured": 12
    }
  },
  "global": {
    "models": {
      "MeteoFrance": {
        "n": 24,
        "mae": 0.537589988586957,
        "bias": 0.21367082476979338,
        "hit_1c": 0.8333333333333334,
        "bucket_hit": 0.5833333333333334,
        "rank_avg": 2.75
      },
      "ICON": {
        "n": 24,
        "mae": 0.5203291634273628,
        "bias": 0.005675772822825905,
        "hit_1c": 0.9583333333333334,
        "bucket_hit": 0.625,
        "rank_avg": 3.0
      },
      "GFS": {
        "n": 24,
        "mae": 0.8543083364970752,
        "bias": 0.0011416155958878793,
        "hit_1c": 0.6666666666666666,
        "bucket_hit": 0.4166666666666667,
        "rank_avg": 3.5416666666666665
      },
      "UKMO": {
        "n": 24,
        "mae": 0.5267077130739161,
        "bias": 0.045968780420832855,
        "hit_1c": 0.8333333333333334,
        "bucket_hit": 0.5416666666666666,
        "rank_avg": 2.7083333333333335
      },
      "ECMWF": {
        "n": 24,
        "mae": 0.5474476523884654,
        "bias": 0.006276074383614623,
        "hit_1c": 0.8333333333333334,
        "bucket_hit": 0.625,
        "rank_avg": 3.0
      }
    },
    "consensus": {
      "n": 24,
      "mae": 0.4749660322320913,
      "bias": 0.05454661359859081,
      "hit_1c": 0.9166666666666666,
      "bucket_hit": 0.5416666666666666,
      "rank_avg": null
    },
    "days_measured": 24
  },
  "last_update": "2026-05-07T02:37:51.230533+03:00",
  "hit_window_c": 1.0
}