{
  "per_city": {
    "london": {
      "models": {
        "MeteoFrance": {
          "n": 10,
          "mae": 0.9880764466562362,
          "bias": -0.4672285591912484,
          "hit_1c": 0.5,
          "bucket_hit": 0.4,
          "rank_avg": 3.6
        },
        "ICON": {
          "n": 10,
          "mae": 0.5391914985386382,
          "bias": -0.4419819080157644,
          "hit_1c": 0.9,
          "bucket_hit": 0.5,
          "rank_avg": 2.9
        },
        "GFS": {
          "n": 10,
          "mae": 0.860790348670724,
          "bias": -0.34025573132806636,
          "hit_1c": 0.5,
          "bucket_hit": 0.3,
          "rank_avg": 3.2
        },
        "UKMO": {
          "n": 10,
          "mae": 0.41640164432939153,
          "bias": -0.3265389405077565,
          "hit_1c": 0.8,
          "bucket_hit": 0.8,
          "rank_avg": 2.2
        },
        "ECMWF": {
          "n": 10,
          "mae": 0.7044084057906173,
          "bias": 0.2473416244778793,
          "hit_1c": 0.9,
          "bucket_hit": 0.5,
          "rank_avg": 3.1
        }
      },
      "consensus": {
        "n": 10,
        "mae": 0.5799707841024029,
        "bias": -0.26573270291299045,
        "hit_1c": 0.7,
        "bucket_hit": 0.6,
        "rank_avg": null
      },
      "days_measured": 10
    },
    "paris": {
      "models": {
        "MeteoFrance": {
          "n": 11,
          "mae": 0.6798746819762601,
          "bias": 0.5111147491454049,
          "hit_1c": 0.6363636363636364,
          "bucket_hit": 0.5454545454545454,
          "rank_avg": 3.6363636363636362
        },
        "ICON": {
          "n": 11,
          "mae": 0.2317876567101773,
          "bias": 0.09010799601118064,
          "hit_1c": 1.0,
          "bucket_hit": 1.0,
          "rank_avg": 1.7272727272727273
        },
        "GFS": {
          "n": 11,
          "mae": 0.6351925838603564,
          "bias": -0.5323849224512359,
          "hit_1c": 0.7272727272727273,
          "bucket_hit": 0.5454545454545454,
          "rank_avg": 3.727272727272727
        },
        "UKMO": {
          "n": 11,
          "mae": 0.3866777779884899,
          "bias": 0.23716519993112087,
          "hit_1c": 0.9090909090909091,
          "bucket_hit": 0.8181818181818182,
          "rank_avg": 2.3636363636363638
        },
        "ECMWF": {
          "n": 11,
          "mae": 0.697898256331626,
          "bias": -0.5230653210927994,
          "hit_1c": 0.7272727272727273,
          "bucket_hit": 0.36363636363636365,
          "rank_avg": 3.5454545454545454
        }
      },
      "consensus": {
        "n": 11,
        "mae": 0.21233692988126213,
        "bias": -0.04341245969126526,
        "hit_1c": 1.0,
        "bucket_hit": 0.9090909090909091,
        "rank_avg": null
      },
      "days_measured": 11
    }
  },
  "global": {
    "models": {
      "MeteoFrance": {
        "n": 21,
        "mae": 0.826637427061963,
        "bias": 0.04523698327080811,
        "hit_1c": 0.5714285714285714,
        "bucket_hit": 0.47619047619047616,
        "rank_avg": 3.619047619047619
      },
      "ICON": {
        "n": 21,
        "mae": 0.37817043853325394,
        "bias": -0.1632681487635551,
        "hit_1c": 0.9523809523809523,
        "bucket_hit": 0.7619047619047619,
        "rank_avg": 2.2857142857142856
      },
      "GFS": {
        "n": 21,
        "mae": 0.7426200909129124,
        "bias": -0.4408948314402028,
        "hit_1c": 0.6190476190476191,
        "bucket_hit": 0.42857142857142855,
        "rank_avg": 3.4761904761904763
      },
      "UKMO": {
        "n": 21,
        "mae": 0.40083200005558595,
        "bias": -0.031265343135011225,
        "hit_1c": 0.8571428571428571,
        "bucket_hit": 0.8095238095238095,
        "rank_avg": 2.2857142857142856
      },
      "ECMWF": {
        "n": 21,
        "mae": 0.7009983275025742,
        "bias": -0.15620487082104761,
        "hit_1c": 0.8095238095238095,
        "bucket_hit": 0.42857142857142855,
        "rank_avg": 3.3333333333333335
      }
    },
    "consensus": {
      "n": 21,
      "mae": 0.38740066998656725,
      "bias": -0.14927924217780106,
      "hit_1c": 0.8571428571428571,
      "bucket_hit": 0.7619047619047619,
      "rank_avg": null
    },
    "days_measured": 21
  },
  "last_update": "2026-05-26T01:12:08.181678+03:00",
  "hit_window_c": 1.0
}