{
  "per_city": {
    "london": {
      "models": {
        "MeteoFrance": {
          "n": 12,
          "mae": 1.1153517927780832,
          "bias": -0.1345203341858423,
          "hit_1c": 0.4166666666666667,
          "bucket_hit": 0.3333333333333333,
          "rank_avg": 3.4166666666666665
        },
        "ICON": {
          "n": 12,
          "mae": 0.8291819854746924,
          "bias": -0.10777324235641735,
          "hit_1c": 0.6666666666666666,
          "bucket_hit": 0.3333333333333333,
          "rank_avg": 3.0
        },
        "GFS": {
          "n": 12,
          "mae": 0.9058148765732822,
          "bias": -0.27443105137403495,
          "hit_1c": 0.6666666666666666,
          "bucket_hit": 0.25,
          "rank_avg": 2.9166666666666665
        },
        "UKMO": {
          "n": 12,
          "mae": 0.8428842716249086,
          "bias": -0.2624939208622852,
          "hit_1c": 0.5,
          "bucket_hit": 0.3333333333333333,
          "rank_avg": 2.1666666666666665
        },
        "ECMWF": {
          "n": 12,
          "mae": 1.110950797557732,
          "bias": -0.09769431657821714,
          "hit_1c": 0.5833333333333334,
          "bucket_hit": 0.16666666666666666,
          "rank_avg": 3.5
        }
      },
      "consensus": {
        "n": 12,
        "mae": 0.8856310178301195,
        "bias": -0.17538257307135904,
        "hit_1c": 0.6666666666666666,
        "bucket_hit": 0.3333333333333333,
        "rank_avg": null
      },
      "days_measured": 12
    },
    "paris": {
      "models": {
        "MeteoFrance": {
          "n": 13,
          "mae": 0.5906563101838049,
          "bias": 0.1554262165148154,
          "hit_1c": 0.7692307692307693,
          "bucket_hit": 0.5384615384615384,
          "rank_avg": 3.1538461538461537
        },
        "ICON": {
          "n": 13,
          "mae": 0.4389836420962976,
          "bias": -0.2508961581928979,
          "hit_1c": 0.8461538461538461,
          "bucket_hit": 0.7692307692307693,
          "rank_avg": 2.3846153846153846
        },
        "GFS": {
          "n": 13,
          "mae": 0.6188281917156628,
          "bias": -0.438489037899758,
          "hit_1c": 0.7692307692307693,
          "bucket_hit": 0.6153846153846154,
          "rank_avg": 3.3076923076923075
        },
        "UKMO": {
          "n": 13,
          "mae": 0.39941966455519495,
          "bias": -0.31927223157453055,
          "hit_1c": 0.8461538461538461,
          "bucket_hit": 0.7692307692307693,
          "rank_avg": 2.3846153846153846
        },
        "ECMWF": {
          "n": 13,
          "mae": 0.934021892175156,
          "bias": -0.5321940816254634,
          "hit_1c": 0.6153846153846154,
          "bucket_hit": 0.3076923076923077,
          "rank_avg": 3.769230769230769
        }
      },
      "consensus": {
        "n": 13,
        "mae": 0.48656125372549563,
        "bias": -0.27708505855556653,
        "hit_1c": 0.9230769230769231,
        "bucket_hit": 0.6153846153846154,
        "rank_avg": null
      },
      "days_measured": 13
    }
  },
  "global": {
    "models": {
      "MeteoFrance": {
        "n": 25,
        "mae": 0.8425101418290584,
        "bias": 0.016251872178499695,
        "hit_1c": 0.6,
        "bucket_hit": 0.44,
        "rank_avg": 3.28
      },
      "ICON": {
        "n": 25,
        "mae": 0.6262788469179271,
        "bias": -0.18219715859138724,
        "hit_1c": 0.76,
        "bucket_hit": 0.56,
        "rank_avg": 2.68
      },
      "GFS": {
        "n": 25,
        "mae": 0.75658180044732,
        "bias": -0.35974120436741097,
        "hit_1c": 0.72,
        "bucket_hit": 0.44,
        "rank_avg": 3.12
      },
      "UKMO": {
        "n": 25,
        "mae": 0.6122826759486576,
        "bias": -0.29201864243265274,
        "hit_1c": 0.68,
        "bucket_hit": 0.56,
        "rank_avg": 2.28
      },
      "ECMWF": {
        "n": 25,
        "mae": 1.0189477667587925,
        "bias": -0.3236341944027852,
        "hit_1c": 0.6,
        "bucket_hit": 0.24,
        "rank_avg": 3.64
      }
    },
    "consensus": {
      "n": 25,
      "mae": 0.678114740495715,
      "bias": -0.22826786552314693,
      "hit_1c": 0.8,
      "bucket_hit": 0.48,
      "rank_avg": null
    },
    "days_measured": 25
  },
  "last_update": "2026-05-20T01:15:34.475216+03:00",
  "hit_window_c": 1.0
}