{
  "per_city": {
    "london": {
      "models": {
        "MeteoFrance": {
          "n": 12,
          "mae": 1.2417425744535384,
          "bias": -0.5266647926801454,
          "hit_1c": 0.3333333333333333,
          "bucket_hit": 0.16666666666666666,
          "rank_avg": 3.8333333333333335
        },
        "ICON": {
          "n": 12,
          "mae": 0.7885970920840776,
          "bias": -0.16124655257160306,
          "hit_1c": 0.6666666666666666,
          "bucket_hit": 0.4166666666666667,
          "rank_avg": 2.75
        },
        "GFS": {
          "n": 12,
          "mae": 0.9158956048026358,
          "bias": -0.32904523216137554,
          "hit_1c": 0.5833333333333334,
          "bucket_hit": 0.25,
          "rank_avg": 2.75
        },
        "UKMO": {
          "n": 12,
          "mae": 0.818894162363716,
          "bias": -0.32694154716535967,
          "hit_1c": 0.5,
          "bucket_hit": 0.4166666666666667,
          "rank_avg": 2.3333333333333335
        },
        "ECMWF": {
          "n": 12,
          "mae": 1.0370539508315688,
          "bias": -0.13813312292577237,
          "hit_1c": 0.5833333333333334,
          "bucket_hit": 0.3333333333333333,
          "rank_avg": 3.3333333333333335
        }
      },
      "consensus": {
        "n": 12,
        "mae": 0.8779396587268281,
        "bias": -0.29640624950085054,
        "hit_1c": 0.6666666666666666,
        "bucket_hit": 0.3333333333333333,
        "rank_avg": null
      },
      "days_measured": 12
    },
    "paris": {
      "models": {
        "MeteoFrance": {
          "n": 12,
          "mae": 0.573852354435391,
          "bias": 0.10235308629398565,
          "hit_1c": 0.75,
          "bucket_hit": 0.5833333333333334,
          "rank_avg": 3.0833333333333335
        },
        "ICON": {
          "n": 12,
          "mae": 0.4224162730470467,
          "bias": -0.24752760701880364,
          "hit_1c": 0.8333333333333334,
          "bucket_hit": 0.8333333333333334,
          "rank_avg": 2.25
        },
        "GFS": {
          "n": 12,
          "mae": 0.564951206542939,
          "bias": -0.3403100483385228,
          "hit_1c": 0.8333333333333334,
          "bucket_hit": 0.5833333333333334,
          "rank_avg": 3.25
        },
        "UKMO": {
          "n": 12,
          "mae": 0.501157155271911,
          "bias": -0.20837589487472177,
          "hit_1c": 0.8333333333333334,
          "bucket_hit": 0.6666666666666666,
          "rank_avg": 2.5833333333333335
        },
        "ECMWF": {
          "n": 12,
          "mae": 0.9505604539025985,
          "bias": -0.514355030037129,
          "hit_1c": 0.6666666666666666,
          "bucket_hit": 0.25,
          "rank_avg": 3.8333333333333335
        }
      },
      "consensus": {
        "n": 12,
        "mae": 0.5035419507930211,
        "bias": -0.24164309879503806,
        "hit_1c": 0.9166666666666666,
        "bucket_hit": 0.5833333333333334,
        "rank_avg": null
      },
      "days_measured": 12
    }
  },
  "global": {
    "models": {
      "MeteoFrance": {
        "n": 24,
        "mae": 0.9077974644444647,
        "bias": -0.21215585319307992,
        "hit_1c": 0.5416666666666666,
        "bucket_hit": 0.375,
        "rank_avg": 3.4583333333333335
      },
      "ICON": {
        "n": 24,
        "mae": 0.6055066825655622,
        "bias": -0.20438707979520335,
        "hit_1c": 0.75,
        "bucket_hit": 0.625,
        "rank_avg": 2.5
      },
      "GFS": {
        "n": 24,
        "mae": 0.7404234056727873,
        "bias": -0.33467764024994917,
        "hit_1c": 0.7083333333333334,
        "bucket_hit": 0.4166666666666667,
        "rank_avg": 3.0
      },
      "UKMO": {
        "n": 24,
        "mae": 0.6600256588178135,
        "bias": -0.26765872102004074,
        "hit_1c": 0.6666666666666666,
        "bucket_hit": 0.5416666666666666,
        "rank_avg": 2.4583333333333335
      },
      "ECMWF": {
        "n": 24,
        "mae": 0.9938072023670835,
        "bias": -0.3262440764814507,
        "hit_1c": 0.625,
        "bucket_hit": 0.2916666666666667,
        "rank_avg": 3.5833333333333335
      }
    },
    "consensus": {
      "n": 24,
      "mae": 0.6907408047599247,
      "bias": -0.2690246741479443,
      "hit_1c": 0.7916666666666666,
      "bucket_hit": 0.4583333333333333,
      "rank_avg": null
    },
    "days_measured": 24
  },
  "last_update": "2026-05-22T15:57:48.541027+03:00",
  "hit_window_c": 1.0
}