{
  "per_city": {
    "london": {
      "models": {
        "MeteoFrance": {
          "n": 8,
          "mae": 0.589285714285714,
          "bias": -0.41428571428571415,
          "hit_1c": 0.875,
          "bucket_hit": 0.5,
          "rank_avg": 2.75
        },
        "ICON": {
          "n": 8,
          "mae": 0.6642857142857148,
          "bias": -0.1642857142857148,
          "hit_1c": 0.75,
          "bucket_hit": 0.25,
          "rank_avg": 3.5
        },
        "GFS": {
          "n": 8,
          "mae": 0.6053571428571431,
          "bias": -0.23035714285714315,
          "hit_1c": 0.625,
          "bucket_hit": 0.625,
          "rank_avg": 2.75
        },
        "UKMO": {
          "n": 8,
          "mae": 0.449404761904761,
          "bias": 0.17142857142857126,
          "hit_1c": 0.875,
          "bucket_hit": 0.75,
          "rank_avg": 2.875
        },
        "ECMWF": {
          "n": 8,
          "mae": 0.502380952380953,
          "bias": 0.42678571428571455,
          "hit_1c": 0.75,
          "bucket_hit": 0.625,
          "rank_avg": 3.125
        }
      },
      "consensus": {
        "n": 8,
        "mae": 0.487142857142858,
        "bias": -0.04214285714285726,
        "hit_1c": 0.875,
        "bucket_hit": 0.625,
        "rank_avg": null
      },
      "days_measured": 8
    },
    "paris": {
      "models": {
        "MeteoFrance": {
          "n": 9,
          "mae": 0.6214285714285714,
          "bias": 0.3833333333333331,
          "hit_1c": 0.8888888888888888,
          "bucket_hit": 0.4444444444444444,
          "rank_avg": 3.2222222222222223
        },
        "ICON": {
          "n": 9,
          "mae": 0.3422619047619045,
          "bias": -0.006944444444444642,
          "hit_1c": 1.0,
          "bucket_hit": 0.8888888888888888,
          "rank_avg": 1.8888888888888888
        },
        "GFS": {
          "n": 9,
          "mae": 1.0597222222222222,
          "bias": -0.9624999999999999,
          "hit_1c": 0.5555555555555556,
          "bucket_hit": 0.3333333333333333,
          "rank_avg": 3.4444444444444446
        },
        "UKMO": {
          "n": 9,
          "mae": 0.47645502645502724,
          "bias": -0.15000000000000016,
          "hit_1c": 1.0,
          "bucket_hit": 0.5555555555555556,
          "rank_avg": 2.7777777777777777
        },
        "ECMWF": {
          "n": 9,
          "mae": 0.9017857142857141,
          "bias": -0.6124999999999999,
          "hit_1c": 0.6666666666666666,
          "bucket_hit": 0.2222222222222222,
          "rank_avg": 3.6666666666666665
        }
      },
      "consensus": {
        "n": 9,
        "mae": 0.4049603174603173,
        "bias": -0.22249999999999975,
        "hit_1c": 1.0,
        "bucket_hit": 0.5555555555555556,
        "rank_avg": null
      },
      "days_measured": 9
    }
  },
  "global": {
    "models": {
      "MeteoFrance": {
        "n": 17,
        "mae": 0.6063025210084032,
        "bias": 0.007983193277310844,
        "hit_1c": 0.8823529411764706,
        "bucket_hit": 0.47058823529411764,
        "rank_avg": 3.0
      },
      "ICON": {
        "n": 17,
        "mae": 0.4938025210084035,
        "bias": -0.08098739495798354,
        "hit_1c": 0.8823529411764706,
        "bucket_hit": 0.5882352941176471,
        "rank_avg": 2.6470588235294117
      },
      "GFS": {
        "n": 17,
        "mae": 0.8459033613445379,
        "bias": -0.6179621848739497,
        "hit_1c": 0.5882352941176471,
        "bucket_hit": 0.47058823529411764,
        "rank_avg": 3.1176470588235294
      },
      "UKMO": {
        "n": 17,
        "mae": 0.4637254901960784,
        "bias": 0.001260504201680511,
        "hit_1c": 0.9411764705882353,
        "bucket_hit": 0.6470588235294118,
        "rank_avg": 2.823529411764706
      },
      "ECMWF": {
        "n": 17,
        "mae": 0.7138305322128854,
        "bias": -0.123424369747899,
        "hit_1c": 0.7058823529411765,
        "bucket_hit": 0.4117647058823529,
        "rank_avg": 3.411764705882353
      }
    },
    "consensus": {
      "n": 17,
      "mae": 0.4436344537815129,
      "bias": -0.13762605042016798,
      "hit_1c": 0.9411764705882353,
      "bucket_hit": 0.5882352941176471,
      "rank_avg": null
    },
    "days_measured": 17
  },
  "last_update": "2026-04-27T01:10:31.813761+03:00",
  "hit_window_c": 1.0
}