{
  "per_city": {
    "london": {
      "models": {
        "MeteoFrance": {
          "n": 13,
          "mae": 0.9179091693204051,
          "bias": 0.5931668426920331,
          "hit_1c": 0.6153846153846154,
          "bucket_hit": 0.3076923076923077,
          "rank_avg": 3.4615384615384617
        },
        "ICON": {
          "n": 13,
          "mae": 0.8370075247282956,
          "bias": 0.3445857092150907,
          "hit_1c": 0.7692307692307693,
          "bucket_hit": 0.3076923076923077,
          "rank_avg": 3.3076923076923075
        },
        "GFS": {
          "n": 13,
          "mae": 0.837279801727241,
          "bias": 0.2766128458790097,
          "hit_1c": 0.8461538461538461,
          "bucket_hit": 0.38461538461538464,
          "rank_avg": 3.1538461538461537
        },
        "UKMO": {
          "n": 13,
          "mae": 0.6320890556320614,
          "bias": 0.3668529110343118,
          "hit_1c": 0.7692307692307693,
          "bucket_hit": 0.46153846153846156,
          "rank_avg": 2.0
        },
        "ECMWF": {
          "n": 13,
          "mae": 0.8312057221010145,
          "bias": 0.45467603961765507,
          "hit_1c": 0.6923076923076923,
          "bucket_hit": 0.38461538461538464,
          "rank_avg": 3.076923076923077
        }
      },
      "consensus": {
        "n": 13,
        "mae": 0.6958023770773551,
        "bias": 0.40717886968762057,
        "hit_1c": 0.8461538461538461,
        "bucket_hit": 0.5384615384615384,
        "rank_avg": null
      },
      "days_measured": 13
    },
    "paris": {
      "models": {
        "MeteoFrance": {
          "n": 13,
          "mae": 0.5561125274530299,
          "bias": 0.3835573567784749,
          "hit_1c": 0.8461538461538461,
          "bucket_hit": 0.6153846153846154,
          "rank_avg": 3.0
        },
        "ICON": {
          "n": 13,
          "mae": 0.34085132698052606,
          "bias": -0.08860181286342203,
          "hit_1c": 1.0,
          "bucket_hit": 0.8461538461538461,
          "rank_avg": 2.3076923076923075
        },
        "GFS": {
          "n": 13,
          "mae": 1.015248807506568,
          "bias": -0.22031139344333525,
          "hit_1c": 0.5384615384615384,
          "bucket_hit": 0.38461538461538464,
          "rank_avg": 3.8461538461538463
        },
        "UKMO": {
          "n": 13,
          "mae": 0.32435560431406607,
          "bias": -0.18185382380664875,
          "hit_1c": 0.8461538461538461,
          "bucket_hit": 0.8461538461538461,
          "rank_avg": 2.1538461538461537
        },
        "ECMWF": {
          "n": 13,
          "mae": 0.5998641589644615,
          "bias": -0.22909669206894853,
          "hit_1c": 0.8461538461538461,
          "bucket_hit": 0.5384615384615384,
          "rank_avg": 3.6923076923076925
        }
      },
      "consensus": {
        "n": 13,
        "mae": 0.37941542740650047,
        "bias": -0.06726127308077587,
        "hit_1c": 0.9230769230769231,
        "bucket_hit": 0.6153846153846154,
        "rank_avg": null
      },
      "days_measured": 13
    }
  },
  "global": {
    "models": {
      "MeteoFrance": {
        "n": 26,
        "mae": 0.7370108483867173,
        "bias": 0.488362099735254,
        "hit_1c": 0.7307692307692307,
        "bucket_hit": 0.46153846153846156,
        "rank_avg": 3.230769230769231
      },
      "ICON": {
        "n": 26,
        "mae": 0.5889294258544109,
        "bias": 0.12799194817583434,
        "hit_1c": 0.8846153846153846,
        "bucket_hit": 0.5769230769230769,
        "rank_avg": 2.8076923076923075
      },
      "GFS": {
        "n": 26,
        "mae": 0.9262643046169045,
        "bias": 0.028150726217837232,
        "hit_1c": 0.6923076923076923,
        "bucket_hit": 0.38461538461538464,
        "rank_avg": 3.5
      },
      "UKMO": {
        "n": 26,
        "mae": 0.47822232997306374,
        "bias": 0.09249954361383153,
        "hit_1c": 0.8076923076923077,
        "bucket_hit": 0.6538461538461539,
        "rank_avg": 2.076923076923077
      },
      "ECMWF": {
        "n": 26,
        "mae": 0.715534940532738,
        "bias": 0.11278967377435328,
        "hit_1c": 0.7692307692307693,
        "bucket_hit": 0.46153846153846156,
        "rank_avg": 3.3846153846153846
      }
    },
    "consensus": {
      "n": 26,
      "mae": 0.5376089022419278,
      "bias": 0.16995879830342234,
      "hit_1c": 0.8846153846153846,
      "bucket_hit": 0.5769230769230769,
      "rank_avg": null
    },
    "days_measured": 26
  },
  "last_update": "2026-05-12T23:55:37.107943+03:00",
  "hit_window_c": 1.0
}