{
  "per_city": {
    "london": {
      "models": {
        "MeteoFrance": {
          "n": 10,
          "mae": 0.9802425691855694,
          "bias": -0.9354802506354181,
          "hit_1c": 0.5,
          "bucket_hit": 0.3,
          "rank_avg": 3.7
        },
        "ICON": {
          "n": 10,
          "mae": 0.5040487549951965,
          "bias": -0.4211546498994913,
          "hit_1c": 0.9,
          "bucket_hit": 0.6,
          "rank_avg": 2.7
        },
        "GFS": {
          "n": 10,
          "mae": 0.7499621695309735,
          "bias": -0.6054001602106964,
          "hit_1c": 0.6,
          "bucket_hit": 0.3,
          "rank_avg": 3.0
        },
        "UKMO": {
          "n": 10,
          "mae": 0.6031042705749001,
          "bias": -0.5785279986531282,
          "hit_1c": 0.6,
          "bucket_hit": 0.6,
          "rank_avg": 2.6
        },
        "ECMWF": {
          "n": 10,
          "mae": 0.7278473050577409,
          "bias": -0.39144197552753734,
          "hit_1c": 0.8,
          "bucket_hit": 0.5,
          "rank_avg": 3.0
        }
      },
      "consensus": {
        "n": 10,
        "mae": 0.6242407769606556,
        "bias": -0.5864010069852534,
        "hit_1c": 0.8,
        "bucket_hit": 0.5,
        "rank_avg": null
      },
      "days_measured": 10
    },
    "paris": {
      "models": {
        "MeteoFrance": {
          "n": 11,
          "mae": 0.591438356126686,
          "bias": 0.11044958302305764,
          "hit_1c": 0.7272727272727273,
          "bucket_hit": 0.5454545454545454,
          "rank_avg": 3.1818181818181817
        },
        "ICON": {
          "n": 11,
          "mae": 0.35297134516607576,
          "bias": -0.17580412633547418,
          "hit_1c": 0.9090909090909091,
          "bucket_hit": 0.9090909090909091,
          "rank_avg": 2.0
        },
        "GFS": {
          "n": 11,
          "mae": 0.6412249085492209,
          "bias": -0.5384172471401004,
          "hit_1c": 0.6363636363636364,
          "bucket_hit": 0.5454545454545454,
          "rank_avg": 3.5454545454545454
        },
        "UKMO": {
          "n": 11,
          "mae": 0.5207670817022815,
          "bias": -0.12768057204955258,
          "hit_1c": 0.8181818181818182,
          "bucket_hit": 0.7272727272727273,
          "rank_avg": 2.5454545454545454
        },
        "ECMWF": {
          "n": 11,
          "mae": 0.8699961669042956,
          "bias": -0.6951632316654689,
          "hit_1c": 0.6363636363636364,
          "bucket_hit": 0.2727272727272727,
          "rank_avg": 3.727272727272727
        }
      },
      "consensus": {
        "n": 11,
        "mae": 0.3799539111123138,
        "bias": -0.28532311883350725,
        "hit_1c": 0.9090909090909091,
        "bucket_hit": 0.7272727272727273,
        "rank_avg": null
      },
      "days_measured": 11
    }
  },
  "global": {
    "models": {
      "MeteoFrance": {
        "n": 21,
        "mae": 0.7765832194880592,
        "bias": -0.3876122425285975,
        "hit_1c": 0.6190476190476191,
        "bucket_hit": 0.42857142857142855,
        "rank_avg": 3.4285714285714284
      },
      "ICON": {
        "n": 21,
        "mae": 0.4249129688942285,
        "bias": -0.29263770898500613,
        "hit_1c": 0.9047619047619048,
        "bucket_hit": 0.7619047619047619,
        "rank_avg": 2.3333333333333335
      },
      "GFS": {
        "n": 21,
        "mae": 0.6930045566357697,
        "bias": -0.5703138724118129,
        "hit_1c": 0.6190476190476191,
        "bucket_hit": 0.42857142857142855,
        "rank_avg": 3.2857142857142856
      },
      "UKMO": {
        "n": 21,
        "mae": 0.5599752668797189,
        "bias": -0.34236982281316003,
        "hit_1c": 0.7142857142857143,
        "bucket_hit": 0.6666666666666666,
        "rank_avg": 2.5714285714285716
      },
      "ECMWF": {
        "n": 21,
        "mae": 0.8023062326916505,
        "bias": -0.5505340620759777,
        "hit_1c": 0.7142857142857143,
        "bucket_hit": 0.38095238095238093,
        "rank_avg": 3.380952380952381
      }
    },
    "consensus": {
      "n": 21,
      "mae": 0.49628099008771465,
      "bias": -0.4286935417629102,
      "hit_1c": 0.8571428571428571,
      "bucket_hit": 0.6190476190476191,
      "rank_avg": null
    },
    "days_measured": 21
  },
  "last_update": "2026-05-24T01:55:32.299269+03:00",
  "hit_window_c": 1.0
}