{
  "per_city": {
    "london": {
      "models": {
        "MeteoFrance": {
          "n": 13,
          "mae": 1.0187827010557553,
          "bias": 0.41383177249514486,
          "hit_1c": 0.46153846153846156,
          "bucket_hit": 0.3076923076923077,
          "rank_avg": 3.3076923076923075
        },
        "ICON": {
          "n": 13,
          "mae": 0.8198099132680672,
          "bias": 0.1855294745214731,
          "hit_1c": 0.6923076923076923,
          "bucket_hit": 0.38461538461538464,
          "rank_avg": 3.1538461538461537
        },
        "GFS": {
          "n": 13,
          "mae": 0.9226538732357079,
          "bias": 0.09374323517475124,
          "hit_1c": 0.7692307692307693,
          "bucket_hit": 0.3076923076923077,
          "rank_avg": 3.0
        },
        "UKMO": {
          "n": 13,
          "mae": 0.7625576197081163,
          "bias": 0.06068896234287253,
          "hit_1c": 0.6153846153846154,
          "bucket_hit": 0.3076923076923077,
          "rank_avg": 2.1538461538461537
        },
        "ECMWF": {
          "n": 13,
          "mae": 1.0620386864071962,
          "bias": 0.0002123060807044215,
          "hit_1c": 0.46153846153846156,
          "bucket_hit": 0.3076923076923077,
          "rank_avg": 3.3846153846153846
        }
      },
      "consensus": {
        "n": 13,
        "mae": 0.8500262504881401,
        "bias": 0.15080115012298925,
        "hit_1c": 0.7692307692307693,
        "bucket_hit": 0.38461538461538464,
        "rank_avg": null
      },
      "days_measured": 13
    },
    "paris": {
      "models": {
        "MeteoFrance": {
          "n": 13,
          "mae": 0.6468945257821626,
          "bias": 0.18190612768011094,
          "hit_1c": 0.7692307692307693,
          "bucket_hit": 0.46153846153846156,
          "rank_avg": 2.8461538461538463
        },
        "ICON": {
          "n": 13,
          "mae": 0.5485047997921123,
          "bias": -0.3142552856750084,
          "hit_1c": 0.8461538461538461,
          "bucket_hit": 0.6923076923076923,
          "rank_avg": 2.6153846153846154
        },
        "GFS": {
          "n": 13,
          "mae": 0.9095722014415137,
          "bias": -0.11463478737828102,
          "hit_1c": 0.6153846153846154,
          "bucket_hit": 0.38461538461538464,
          "rank_avg": 3.3846153846153846
        },
        "UKMO": {
          "n": 13,
          "mae": 0.5380693806612125,
          "bias": -0.45001529246148786,
          "hit_1c": 0.6923076923076923,
          "bucket_hit": 0.6153846153846154,
          "rank_avg": 2.3076923076923075
        },
        "ECMWF": {
          "n": 13,
          "mae": 0.9854796125009494,
          "bias": -0.6685582994515898,
          "hit_1c": 0.6153846153846154,
          "bucket_hit": 0.3076923076923077,
          "rank_avg": 3.8461538461538463
        }
      },
      "consensus": {
        "n": 13,
        "mae": 0.5852656617829755,
        "bias": -0.2731115074572509,
        "hit_1c": 0.8461538461538461,
        "bucket_hit": 0.46153846153846156,
        "rank_avg": null
      },
      "days_measured": 13
    }
  },
  "global": {
    "models": {
      "MeteoFrance": {
        "n": 26,
        "mae": 0.8328386134189588,
        "bias": 0.29786895008762787,
        "hit_1c": 0.6153846153846154,
        "bucket_hit": 0.38461538461538464,
        "rank_avg": 3.076923076923077
      },
      "ICON": {
        "n": 26,
        "mae": 0.6841573565300897,
        "bias": -0.06436290557676766,
        "hit_1c": 0.7692307692307693,
        "bucket_hit": 0.5384615384615384,
        "rank_avg": 2.8846153846153846
      },
      "GFS": {
        "n": 26,
        "mae": 0.9161130373386107,
        "bias": -0.010445776101764892,
        "hit_1c": 0.6923076923076923,
        "bucket_hit": 0.34615384615384615,
        "rank_avg": 3.1923076923076925
      },
      "UKMO": {
        "n": 26,
        "mae": 0.6503135001846645,
        "bias": -0.19466316505930767,
        "hit_1c": 0.6538461538461539,
        "bucket_hit": 0.46153846153846156,
        "rank_avg": 2.230769230769231
      },
      "ECMWF": {
        "n": 26,
        "mae": 1.0237591494540728,
        "bias": -0.3341729966854427,
        "hit_1c": 0.5384615384615384,
        "bucket_hit": 0.3076923076923077,
        "rank_avg": 3.6153846153846154
      }
    },
    "consensus": {
      "n": 26,
      "mae": 0.7176459561355579,
      "bias": -0.06115517866713082,
      "hit_1c": 0.8076923076923077,
      "bucket_hit": 0.4230769230769231,
      "rank_avg": null
    },
    "days_measured": 26
  },
  "last_update": "2026-05-15T21:17:49.146759+03:00",
  "hit_window_c": 1.0
}