{
  "per_city": {
    "london": {
      "models": {
        "MeteoFrance": {
          "n": 10,
          "mae": 1.083425579555286,
          "bias": -1.0386632610051347,
          "hit_1c": 0.4,
          "bucket_hit": 0.2,
          "rank_avg": 3.8
        },
        "ICON": {
          "n": 10,
          "mae": 0.6113532393412611,
          "bias": -0.5284591342455558,
          "hit_1c": 0.8,
          "bucket_hit": 0.5,
          "rank_avg": 2.7
        },
        "GFS": {
          "n": 10,
          "mae": 0.7590747257631628,
          "bias": -0.6145127164428859,
          "hit_1c": 0.6,
          "bucket_hit": 0.3,
          "rank_avg": 2.8
        },
        "UKMO": {
          "n": 10,
          "mae": 0.6914325294831581,
          "bias": -0.6835703219517327,
          "hit_1c": 0.6,
          "bucket_hit": 0.5,
          "rank_avg": 2.5
        },
        "ECMWF": {
          "n": 10,
          "mae": 0.8469916224095838,
          "bias": -0.5632328660992256,
          "hit_1c": 0.7,
          "bucket_hit": 0.4,
          "rank_avg": 3.2
        }
      },
      "consensus": {
        "n": 10,
        "mae": 0.7235274299243082,
        "bias": -0.6856876599489061,
        "hit_1c": 0.7,
        "bucket_hit": 0.4,
        "rank_avg": null
      },
      "days_measured": 10
    },
    "paris": {
      "models": {
        "MeteoFrance": {
          "n": 10,
          "mae": 0.4460144047515392,
          "bias": -0.11978471701814719,
          "hit_1c": 0.8,
          "bucket_hit": 0.7,
          "rank_avg": 2.8
        },
        "ICON": {
          "n": 10,
          "mae": 0.45157416742307765,
          "bias": -0.3523584886559428,
          "hit_1c": 0.8,
          "bucket_hit": 0.8,
          "rank_avg": 2.3
        },
        "GFS": {
          "n": 10,
          "mae": 0.5679414478515268,
          "bias": -0.4548530203014943,
          "hit_1c": 0.8,
          "bucket_hit": 0.6,
          "rank_avg": 3.4
        },
        "UKMO": {
          "n": 10,
          "mae": 0.551388586326293,
          "bias": -0.2655330680393947,
          "hit_1c": 0.8,
          "bucket_hit": 0.6,
          "rank_avg": 2.7
        },
        "ECMWF": {
          "n": 10,
          "mae": 0.9751074047451912,
          "bias": -0.7827911759824818,
          "hit_1c": 0.6,
          "bucket_hit": 0.3,
          "rank_avg": 3.8
        }
      },
      "consensus": {
        "n": 10,
        "mae": 0.49915796550617914,
        "bias": -0.39506409399949194,
        "hit_1c": 0.9,
        "bucket_hit": 0.6,
        "rank_avg": null
      },
      "days_measured": 10
    }
  },
  "global": {
    "models": {
      "MeteoFrance": {
        "n": 20,
        "mae": 0.7647199921534126,
        "bias": -0.579223989011641,
        "hit_1c": 0.6,
        "bucket_hit": 0.45,
        "rank_avg": 3.3
      },
      "ICON": {
        "n": 20,
        "mae": 0.5314637033821693,
        "bias": -0.4404088114507493,
        "hit_1c": 0.8,
        "bucket_hit": 0.65,
        "rank_avg": 2.5
      },
      "GFS": {
        "n": 20,
        "mae": 0.6635080868073449,
        "bias": -0.53468286837219,
        "hit_1c": 0.7,
        "bucket_hit": 0.45,
        "rank_avg": 3.1
      },
      "UKMO": {
        "n": 20,
        "mae": 0.6214105579047255,
        "bias": -0.4745516949955637,
        "hit_1c": 0.7,
        "bucket_hit": 0.55,
        "rank_avg": 2.6
      },
      "ECMWF": {
        "n": 20,
        "mae": 0.9110495135773876,
        "bias": -0.6730120210408537,
        "hit_1c": 0.65,
        "bucket_hit": 0.35,
        "rank_avg": 3.5
      }
    },
    "consensus": {
      "n": 20,
      "mae": 0.6113426977152436,
      "bias": -0.540375876974199,
      "hit_1c": 0.8,
      "bucket_hit": 0.5,
      "rank_avg": null
    },
    "days_measured": 20
  },
  "last_update": "2026-05-22T22:25:54.055880+03:00",
  "hit_window_c": 1.0
}