{
  "per_city": {
    "london": {
      "models": {
        "MeteoFrance": {
          "n": 10,
          "mae": 0.6630682539682535,
          "bias": -0.30710000000000015,
          "hit_1c": 0.8,
          "bucket_hit": 0.4,
          "rank_avg": 3.2
        },
        "ICON": {
          "n": 10,
          "mae": 0.646507142857143,
          "bias": -0.18065000000000014,
          "hit_1c": 0.9,
          "bucket_hit": 0.3,
          "rank_avg": 3.7
        },
        "GFS": {
          "n": 10,
          "mae": 0.5232814285714289,
          "bias": -0.20079000000000047,
          "hit_1c": 0.8,
          "bucket_hit": 0.6,
          "rank_avg": 2.5
        },
        "UKMO": {
          "n": 10,
          "mae": 0.5245787301587294,
          "bias": 0.19997999999999952,
          "hit_1c": 0.9,
          "bucket_hit": 0.7,
          "rank_avg": 3.0
        },
        "ECMWF": {
          "n": 10,
          "mae": 0.4804473015873015,
          "bias": 0.41135999999999984,
          "hit_1c": 0.8,
          "bucket_hit": 0.6,
          "rank_avg": 2.6
        }
      },
      "consensus": {
        "n": 10,
        "mae": 0.4740019047619045,
        "bias": -0.01544000000000043,
        "hit_1c": 1.0,
        "bucket_hit": 0.6,
        "rank_avg": null
      },
      "days_measured": 10
    },
    "paris": {
      "models": {
        "MeteoFrance": {
          "n": 11,
          "mae": 0.4891067099567101,
          "bias": 0.3882409090909094,
          "hit_1c": 0.9090909090909091,
          "bucket_hit": 0.6363636363636364,
          "rank_avg": 2.727272727272727
        },
        "ICON": {
          "n": 11,
          "mae": 0.2999907503607501,
          "bias": -0.04335727272727235,
          "hit_1c": 1.0,
          "bucket_hit": 0.8181818181818182,
          "rank_avg": 2.1818181818181817
        },
        "GFS": {
          "n": 11,
          "mae": 1.0405036363636364,
          "bias": -0.7536854545454544,
          "hit_1c": 0.45454545454545453,
          "bucket_hit": 0.18181818181818182,
          "rank_avg": 4.090909090909091
        },
        "UKMO": {
          "n": 11,
          "mae": 0.4374641125541137,
          "bias": 0.07398272727272745,
          "hit_1c": 1.0,
          "bucket_hit": 0.5454545454545454,
          "rank_avg": 2.8181818181818183
        },
        "ECMWF": {
          "n": 11,
          "mae": 0.6042792207792207,
          "bias": -0.2857727272727274,
          "hit_1c": 0.8181818181818182,
          "bucket_hit": 0.6363636363636364,
          "rank_avg": 3.1818181818181817
        }
      },
      "consensus": {
        "n": 11,
        "mae": 0.3933636738816737,
        "bias": -0.12411836363636362,
        "hit_1c": 1.0,
        "bucket_hit": 0.45454545454545453,
        "rank_avg": null
      },
      "days_measured": 11
    }
  },
  "global": {
    "models": {
      "MeteoFrance": {
        "n": 21,
        "mae": 0.5719455404383974,
        "bias": 0.057126190476190566,
        "hit_1c": 0.8571428571428571,
        "bucket_hit": 0.5238095238095238,
        "rank_avg": 2.9523809523809526
      },
      "ICON": {
        "n": 21,
        "mae": 0.46499855631141335,
        "bias": -0.10873476190476178,
        "hit_1c": 0.9523809523809523,
        "bucket_hit": 0.5714285714285714,
        "rank_avg": 2.9047619047619047
      },
      "GFS": {
        "n": 21,
        "mae": 0.7942073469387756,
        "bias": -0.4904019047619049,
        "hit_1c": 0.6190476190476191,
        "bucket_hit": 0.38095238095238093,
        "rank_avg": 3.3333333333333335
      },
      "UKMO": {
        "n": 21,
        "mae": 0.4789472637944069,
        "bias": 0.13398142857142842,
        "hit_1c": 0.9523809523809523,
        "bucket_hit": 0.6190476190476191,
        "rank_avg": 2.9047619047619047
      },
      "ECMWF": {
        "n": 21,
        "mae": 0.5453116402116401,
        "bias": 0.04619523809523794,
        "hit_1c": 0.8095238095238095,
        "bucket_hit": 0.6190476190476191,
        "rank_avg": 2.9047619047619047
      }
    },
    "consensus": {
      "n": 21,
      "mae": 0.4317628314436884,
      "bias": -0.0723667619047621,
      "hit_1c": 1.0,
      "bucket_hit": 0.5238095238095238,
      "rank_avg": null
    },
    "days_measured": 21
  },
  "last_update": "2026-05-02T01:40:32.070174+03:00",
  "hit_window_c": 1.0
}