{
  "per_city": {
    "london": {
      "models": {
        "MeteoFrance": {
          "n": 14,
          "mae": 0.9883625081232014,
          "bias": 0.341922360174063,
          "hit_1c": 0.5,
          "bucket_hit": 0.2857142857142857,
          "rank_avg": 3.4285714285714284
        },
        "ICON": {
          "n": 14,
          "mae": 0.7812984908917767,
          "bias": 0.1923237977699394,
          "hit_1c": 0.7142857142857143,
          "bucket_hit": 0.42857142857142855,
          "rank_avg": 3.0
        },
        "GFS": {
          "n": 14,
          "mae": 0.8924078822903,
          "bias": 0.051389432662269155,
          "hit_1c": 0.7857142857142857,
          "bucket_hit": 0.35714285714285715,
          "rank_avg": 3.0714285714285716
        },
        "UKMO": {
          "n": 14,
          "mae": 0.7295192183003937,
          "bias": 0.07778403646123877,
          "hit_1c": 0.6428571428571429,
          "bucket_hit": 0.35714285714285715,
          "rank_avg": 2.142857142857143
        },
        "ECMWF": {
          "n": 14,
          "mae": 1.0084187802352536,
          "bias": -0.02204285863934568,
          "hit_1c": 0.5,
          "bucket_hit": 0.35714285714285715,
          "rank_avg": 3.357142857142857
        }
      },
      "consensus": {
        "n": 14,
        "mae": 0.8010643754532728,
        "bias": 0.128275353685633,
        "hit_1c": 0.7857142857142857,
        "bucket_hit": 0.42857142857142855,
        "rank_avg": null
      },
      "days_measured": 14
    },
    "paris": {
      "models": {
        "MeteoFrance": {
          "n": 14,
          "mae": 0.6144127739405797,
          "bias": 0.18263783284581742,
          "hit_1c": 0.7857142857142857,
          "bucket_hit": 0.5,
          "rank_avg": 2.857142857142857
        },
        "ICON": {
          "n": 14,
          "mae": 0.5214137426641042,
          "bias": -0.303896336698222,
          "hit_1c": 0.8571428571428571,
          "bucket_hit": 0.7142857142857143,
          "rank_avg": 2.5
        },
        "GFS": {
          "n": 14,
          "mae": 0.8581699013385485,
          "bias": -0.12001373113697524,
          "hit_1c": 0.6428571428571429,
          "bucket_hit": 0.42857142857142855,
          "rank_avg": 3.2857142857142856
        },
        "UKMO": {
          "n": 14,
          "mae": 0.5169865677568403,
          "bias": -0.4005206287142386,
          "hit_1c": 0.7142857142857143,
          "bucket_hit": 0.6428571428571429,
          "rank_avg": 2.4285714285714284
        },
        "ECMWF": {
          "n": 14,
          "mae": 0.9456953544651673,
          "bias": -0.6514112780621906,
          "hit_1c": 0.6428571428571429,
          "bucket_hit": 0.35714285714285715,
          "rank_avg": 3.9285714285714284
        }
      },
      "consensus": {
        "n": 14,
        "mae": 0.5484982573699061,
        "bias": -0.2586408283531618,
        "hit_1c": 0.8571428571428571,
        "bucket_hit": 0.5,
        "rank_avg": null
      },
      "days_measured": 14
    }
  },
  "global": {
    "models": {
      "MeteoFrance": {
        "n": 28,
        "mae": 0.8013876410318905,
        "bias": 0.2622800965099402,
        "hit_1c": 0.6428571428571429,
        "bucket_hit": 0.39285714285714285,
        "rank_avg": 3.142857142857143
      },
      "ICON": {
        "n": 28,
        "mae": 0.6513561167779404,
        "bias": -0.0557862694641413,
        "hit_1c": 0.7857142857142857,
        "bucket_hit": 0.5714285714285714,
        "rank_avg": 2.75
      },
      "GFS": {
        "n": 28,
        "mae": 0.8752888918144242,
        "bias": -0.03431214923735304,
        "hit_1c": 0.7142857142857143,
        "bucket_hit": 0.39285714285714285,
        "rank_avg": 3.1785714285714284
      },
      "UKMO": {
        "n": 28,
        "mae": 0.623252893028617,
        "bias": -0.16136829612649992,
        "hit_1c": 0.6785714285714286,
        "bucket_hit": 0.5,
        "rank_avg": 2.2857142857142856
      },
      "ECMWF": {
        "n": 28,
        "mae": 0.9770570673502105,
        "bias": -0.3367270683507681,
        "hit_1c": 0.5714285714285714,
        "bucket_hit": 0.35714285714285715,
        "rank_avg": 3.642857142857143
      }
    },
    "consensus": {
      "n": 28,
      "mae": 0.6747813164115894,
      "bias": -0.06518273733376441,
      "hit_1c": 0.8214285714285714,
      "bucket_hit": 0.4642857142857143,
      "rank_avg": null
    },
    "days_measured": 28
  },
  "last_update": "2026-05-15T15:57:53.494349+03:00",
  "hit_window_c": 1.0
}