{
  "per_city": {
    "london": {
      "models": {
        "MeteoFrance": {
          "n": 11,
          "mae": 0.7107927593598042,
          "bias": 0.31145207983730605,
          "hit_1c": 0.7272727272727273,
          "bucket_hit": 0.36363636363636365,
          "rank_avg": 3.4545454545454546
        },
        "ICON": {
          "n": 11,
          "mae": 0.6608385953368283,
          "bias": 0.2720201881242064,
          "hit_1c": 0.9090909090909091,
          "bucket_hit": 0.45454545454545453,
          "rank_avg": 3.4545454545454546
        },
        "GFS": {
          "n": 11,
          "mae": 0.6482449864059645,
          "bias": 0.15939319908393623,
          "hit_1c": 0.9090909090909091,
          "bucket_hit": 0.5454545454545454,
          "rank_avg": 3.1818181818181817
        },
        "UKMO": {
          "n": 11,
          "mae": 0.53036814543655,
          "bias": 0.20592403977932314,
          "hit_1c": 0.9090909090909091,
          "bucket_hit": 0.5454545454545454,
          "rank_avg": 2.5454545454545454
        },
        "ECMWF": {
          "n": 11,
          "mae": 0.5209403399318039,
          "bias": 0.19437186176167354,
          "hit_1c": 0.8181818181818182,
          "bucket_hit": 0.5454545454545454,
          "rank_avg": 2.3636363636363638
        }
      },
      "consensus": {
        "n": 11,
        "mae": 0.5051937563118291,
        "bias": 0.22863227371728942,
        "hit_1c": 0.9090909090909091,
        "bucket_hit": 0.6363636363636364,
        "rank_avg": null
      },
      "days_measured": 11
    },
    "paris": {
      "models": {
        "MeteoFrance": {
          "n": 12,
          "mae": 0.4803662328684311,
          "bias": 0.2462092424154414,
          "hit_1c": 0.9166666666666666,
          "bucket_hit": 0.6666666666666666,
          "rank_avg": 2.6666666666666665
        },
        "ICON": {
          "n": 12,
          "mae": 0.353198076743703,
          "bias": -0.14121077757987832,
          "hit_1c": 1.0,
          "bucket_hit": 0.8333333333333334,
          "rank_avg": 2.5
        },
        "GFS": {
          "n": 12,
          "mae": 1.027051689279749,
          "bias": -0.10627029262396921,
          "hit_1c": 0.5,
          "bucket_hit": 0.3333333333333333,
          "rank_avg": 4.083333333333333
        },
        "UKMO": {
          "n": 12,
          "mae": 0.4232929017684359,
          "bias": -0.15848430137684075,
          "hit_1c": 0.8333333333333334,
          "bucket_hit": 0.6666666666666666,
          "rank_avg": 2.5
        },
        "ECMWF": {
          "n": 12,
          "mae": 0.47028945889885776,
          "bias": -0.3278999363252633,
          "hit_1c": 0.9166666666666666,
          "bucket_hit": 0.75,
          "rank_avg": 3.25
        }
      },
      "consensus": {
        "n": 12,
        "mae": 0.3705072175048561,
        "bias": -0.09753121309810216,
        "hit_1c": 0.9166666666666666,
        "bucket_hit": 0.5833333333333334,
        "rank_avg": null
      },
      "days_measured": 12
    }
  },
  "global": {
    "models": {
      "MeteoFrance": {
        "n": 23,
        "mae": 0.5905702237990879,
        "bias": 0.2774123385737245,
        "hit_1c": 0.8260869565217391,
        "bucket_hit": 0.5217391304347826,
        "rank_avg": 3.0434782608695654
      },
      "ICON": {
        "n": 23,
        "mae": 0.5003304986795455,
        "bias": 0.056421423409031786,
        "hit_1c": 0.9565217391304348,
        "bucket_hit": 0.6521739130434783,
        "rank_avg": 2.9565217391304346
      },
      "GFS": {
        "n": 23,
        "mae": 0.8458832661661997,
        "bias": 0.020786159931985567,
        "hit_1c": 0.6956521739130435,
        "bucket_hit": 0.43478260869565216,
        "rank_avg": 3.652173913043478
      },
      "UKMO": {
        "n": 23,
        "mae": 0.4745028009140557,
        "bias": 0.015797948741324598,
        "hit_1c": 0.8695652173913043,
        "bucket_hit": 0.6086956521739131,
        "rank_avg": 2.5217391304347827
      },
      "ECMWF": {
        "n": 23,
        "mae": 0.494513793305919,
        "bias": -0.07811777202281527,
        "hit_1c": 0.8695652173913043,
        "bucket_hit": 0.6521739130434783,
        "rank_avg": 2.8260869565217392
      }
    },
    "consensus": {
      "n": 23,
      "mae": 0.4349225186734084,
      "bias": 0.058460019726650325,
      "hit_1c": 0.9130434782608695,
      "bucket_hit": 0.6086956521739131,
      "rank_avg": null
    },
    "days_measured": 23
  },
  "last_update": "2026-05-09T01:15:42.224726+03:00",
  "hit_window_c": 1.0
}