{
  "per_city": {
    "london": {
      "models": {
        "MeteoFrance": {
          "n": 3,
          "mae": 0.39999999999999974,
          "bias": 0.06666666666666643,
          "hit_1c": 1.0,
          "bucket_hit": 0.6666666666666666,
          "rank_avg": 2.0
        },
        "ICON": {
          "n": 3,
          "mae": 0.5,
          "bias": 0.5,
          "hit_1c": 0.6666666666666666,
          "bucket_hit": 0.6666666666666666,
          "rank_avg": 3.0
        },
        "GFS": {
          "n": 3,
          "mae": 0.5666666666666664,
          "bias": 0.43333333333333357,
          "hit_1c": 0.6666666666666666,
          "bucket_hit": 0.6666666666666666,
          "rank_avg": 3.0
        },
        "UKMO": {
          "n": 3,
          "mae": 0.4999999999999994,
          "bias": 0.43333333333333296,
          "hit_1c": 0.6666666666666666,
          "bucket_hit": 0.6666666666666666,
          "rank_avg": 2.6666666666666665
        },
        "ECMWF": {
          "n": 3,
          "mae": 0.7333333333333337,
          "bias": 0.7333333333333337,
          "hit_1c": 0.6666666666666666,
          "bucket_hit": 0.3333333333333333,
          "rank_avg": 4.333333333333333
        }
      },
      "consensus": {
        "n": 3,
        "mae": 0.4333333333333342,
        "bias": 0.4333333333333342,
        "hit_1c": 0.6666666666666666,
        "bucket_hit": 0.6666666666666666,
        "rank_avg": null
      },
      "days_measured": 3
    },
    "paris": {
      "models": {
        "MeteoFrance": {
          "n": 4,
          "mae": 0.6999999999999997,
          "bias": 0.2999999999999994,
          "hit_1c": 1.0,
          "bucket_hit": 0.25,
          "rank_avg": 3.75
        },
        "ICON": {
          "n": 4,
          "mae": 0.32499999999999973,
          "bias": -0.12500000000000044,
          "hit_1c": 1.0,
          "bucket_hit": 1.0,
          "rank_avg": 1.75
        },
        "GFS": {
          "n": 4,
          "mae": 1.025,
          "bias": -1.025,
          "hit_1c": 0.75,
          "bucket_hit": 0.5,
          "rank_avg": 2.5
        },
        "UKMO": {
          "n": 4,
          "mae": 0.47500000000000053,
          "bias": -0.47500000000000053,
          "hit_1c": 1.0,
          "bucket_hit": 0.75,
          "rank_avg": 2.5
        },
        "ECMWF": {
          "n": 4,
          "mae": 1.0499999999999998,
          "bias": -1.0499999999999998,
          "hit_1c": 0.5,
          "bucket_hit": 0.0,
          "rank_avg": 4.5
        }
      },
      "consensus": {
        "n": 4,
        "mae": 0.36874999999999947,
        "bias": -0.36874999999999947,
        "hit_1c": 1.0,
        "bucket_hit": 0.75,
        "rank_avg": null
      },
      "days_measured": 4
    }
  },
  "global": {
    "models": {
      "MeteoFrance": {
        "n": 7,
        "mae": 0.5714285714285712,
        "bias": 0.19999999999999954,
        "hit_1c": 1.0,
        "bucket_hit": 0.42857142857142855,
        "rank_avg": 3.0
      },
      "ICON": {
        "n": 7,
        "mae": 0.39999999999999986,
        "bias": 0.1428571428571426,
        "hit_1c": 0.8571428571428571,
        "bucket_hit": 0.8571428571428571,
        "rank_avg": 2.2857142857142856
      },
      "GFS": {
        "n": 7,
        "mae": 0.8285714285714284,
        "bias": -0.39999999999999986,
        "hit_1c": 0.7142857142857143,
        "bucket_hit": 0.5714285714285714,
        "rank_avg": 2.7142857142857144
      },
      "UKMO": {
        "n": 7,
        "mae": 0.48571428571428577,
        "bias": -0.08571428571428617,
        "hit_1c": 0.8571428571428571,
        "bucket_hit": 0.7142857142857143,
        "rank_avg": 2.5714285714285716
      },
      "ECMWF": {
        "n": 7,
        "mae": 0.9142857142857144,
        "bias": -0.2857142857142855,
        "hit_1c": 0.5714285714285714,
        "bucket_hit": 0.14285714285714285,
        "rank_avg": 4.428571428571429
      }
    },
    "consensus": {
      "n": 7,
      "mae": 0.39642857142857146,
      "bias": -0.02499999999999934,
      "hit_1c": 0.8571428571428571,
      "bucket_hit": 0.7142857142857143,
      "rank_avg": null
    },
    "days_measured": 7
  },
  "last_update": "2026-04-22T01:12:52.434758+03:00",
  "hit_window_c": 1.0
}