{
  "per_city": {
    "london": {
      "models": {
        "MeteoFrance": {
          "n": 11,
          "mae": 1.068582289402251,
          "bias": 0.3433149393133031,
          "hit_1c": 0.5454545454545454,
          "bucket_hit": 0.45454545454545453,
          "rank_avg": 3.5454545454545454
        },
        "ICON": {
          "n": 11,
          "mae": 0.6013682879642581,
          "bias": -0.264293939431429,
          "hit_1c": 0.8181818181818182,
          "bucket_hit": 0.36363636363636365,
          "rank_avg": 2.5454545454545454
        },
        "GFS": {
          "n": 11,
          "mae": 1.0250344864341074,
          "bias": -0.02215784368027326,
          "hit_1c": 0.45454545454545453,
          "bucket_hit": 0.45454545454545453,
          "rank_avg": 3.272727272727273
        },
        "UKMO": {
          "n": 11,
          "mae": 0.3919604587968667,
          "bias": 0.07665845610155131,
          "hit_1c": 0.8181818181818182,
          "bucket_hit": 0.7272727272727273,
          "rank_avg": 2.090909090909091
        },
        "ECMWF": {
          "n": 11,
          "mae": 0.9635485478289403,
          "bias": 0.43656298898650286,
          "hit_1c": 0.5454545454545454,
          "bucket_hit": 0.36363636363636365,
          "rank_avg": 3.5454545454545454
        }
      },
      "consensus": {
        "n": 11,
        "mae": 0.6762936970154776,
        "bias": 0.11401692025793185,
        "hit_1c": 0.6363636363636364,
        "bucket_hit": 0.45454545454545453,
        "rank_avg": null
      },
      "days_measured": 11
    },
    "paris": {
      "models": {
        "MeteoFrance": {
          "n": 12,
          "mae": 0.8875943178912177,
          "bias": 0.5997471678414721,
          "hit_1c": 0.5833333333333334,
          "bucket_hit": 0.25,
          "rank_avg": 3.75
        },
        "ICON": {
          "n": 12,
          "mae": 0.3119899111293784,
          "bias": 0.07130315638390557,
          "hit_1c": 1.0,
          "bucket_hit": 0.8333333333333334,
          "rank_avg": 1.6666666666666667
        },
        "GFS": {
          "n": 12,
          "mae": 0.8260648917278631,
          "bias": -0.5551000019027459,
          "hit_1c": 0.75,
          "bucket_hit": 0.3333333333333333,
          "rank_avg": 3.5833333333333335
        },
        "UKMO": {
          "n": 12,
          "mae": 0.5803364154168916,
          "bias": 0.4193119344176761,
          "hit_1c": 0.8333333333333334,
          "bucket_hit": 0.5833333333333334,
          "rank_avg": 2.5833333333333335
        },
        "ECMWF": {
          "n": 12,
          "mae": 0.849653897233798,
          "bias": -0.7348673980688227,
          "hit_1c": 0.6666666666666666,
          "bucket_hit": 0.4166666666666667,
          "rank_avg": 3.4166666666666665
        }
      },
      "consensus": {
        "n": 12,
        "mae": 0.4174754470027322,
        "bias": -0.0783408323752323,
        "hit_1c": 0.9166666666666666,
        "bucket_hit": 0.6666666666666666,
        "rank_avg": null
      },
      "days_measured": 12
    }
  },
  "global": {
    "models": {
      "MeteoFrance": {
        "n": 23,
        "mae": 0.9741537825269293,
        "bias": 0.4771056672410435,
        "hit_1c": 0.5652173913043478,
        "bucket_hit": 0.34782608695652173,
        "rank_avg": 3.652173913043478
      },
      "ICON": {
        "n": 23,
        "mae": 0.4503882652677991,
        "bias": -0.08919980248429792,
        "hit_1c": 0.9130434782608695,
        "bucket_hit": 0.6086956521739131,
        "rank_avg": 2.0869565217391304
      },
      "GFS": {
        "n": 23,
        "mae": 0.9212242631091104,
        "bias": -0.30021462188330245,
        "hit_1c": 0.6086956521739131,
        "bucket_hit": 0.391304347826087,
        "rank_avg": 3.4347826086956523
      },
      "UKMO": {
        "n": 23,
        "mae": 0.49024356659861884,
        "bias": 0.2554341839186599,
        "hit_1c": 0.8260869565217391,
        "bucket_hit": 0.6521739130434783,
        "rank_avg": 2.347826086956522
      },
      "ECMWF": {
        "n": 23,
        "mae": 0.9041252518662574,
        "bias": -0.17461808252062352,
        "hit_1c": 0.6086956521739131,
        "bucket_hit": 0.391304347826087,
        "rank_avg": 3.4782608695652173
      }
    },
    "consensus": {
      "n": 23,
      "mae": 0.5412580883131757,
      "bias": 0.013656353666715774,
      "hit_1c": 0.782608695652174,
      "bucket_hit": 0.5652173913043478,
      "rank_avg": null
    },
    "days_measured": 23
  },
  "last_update": "2026-06-02T01:03:24.525950+03:00",
  "hit_window_c": 1.0
}