{
  "per_city": {
    "london": {
      "models": {
        "MeteoFrance": {
          "n": 12,
          "mae": 1.0732337770583955,
          "bias": 0.4623566347540982,
          "hit_1c": 0.4166666666666667,
          "bucket_hit": 0.25,
          "rank_avg": 3.5833333333333335
        },
        "ICON": {
          "n": 12,
          "mae": 0.8129165131911646,
          "bias": 0.3452795778272583,
          "hit_1c": 0.6666666666666666,
          "bucket_hit": 0.4166666666666667,
          "rank_avg": 3.1666666666666665
        },
        "GFS": {
          "n": 12,
          "mae": 0.9254316694599956,
          "bias": 0.17566519798466848,
          "hit_1c": 0.75,
          "bucket_hit": 0.3333333333333333,
          "rank_avg": 2.9166666666666665
        },
        "UKMO": {
          "n": 12,
          "mae": 0.7370272392268453,
          "bias": 0.16137506427124704,
          "hit_1c": 0.5833333333333334,
          "bucket_hit": 0.3333333333333333,
          "rank_avg": 1.8333333333333333
        },
        "ECMWF": {
          "n": 12,
          "mae": 1.0887149619027234,
          "bias": 0.17868822894571812,
          "hit_1c": 0.5,
          "bucket_hit": 0.25,
          "rank_avg": 3.5
        }
      },
      "consensus": {
        "n": 12,
        "mae": 0.8510898848849604,
        "bias": 0.26467294075659814,
        "hit_1c": 0.75,
        "bucket_hit": 0.4166666666666667,
        "rank_avg": null
      },
      "days_measured": 12
    },
    "paris": {
      "models": {
        "MeteoFrance": {
          "n": 13,
          "mae": 0.5887284500890579,
          "bias": 0.274132486824896,
          "hit_1c": 0.7692307692307693,
          "bucket_hit": 0.5384615384615384,
          "rank_avg": 2.8461538461538463
        },
        "ICON": {
          "n": 13,
          "mae": 0.49986641718986635,
          "bias": -0.25315513100239645,
          "hit_1c": 0.8461538461538461,
          "bucket_hit": 0.7692307692307693,
          "rank_avg": 2.6923076923076925
        },
        "GFS": {
          "n": 13,
          "mae": 0.8036501479054614,
          "bias": -0.008712733842228678,
          "hit_1c": 0.6923076923076923,
          "bucket_hit": 0.5384615384615384,
          "rank_avg": 3.3846153846153846
        },
        "UKMO": {
          "n": 13,
          "mae": 0.4662178162407844,
          "bias": -0.34838705982172513,
          "hit_1c": 0.7692307692307693,
          "bucket_hit": 0.6923076923076923,
          "rank_avg": 2.3076923076923075
        },
        "ECMWF": {
          "n": 13,
          "mae": 0.9044272284361364,
          "bias": -0.5875059153867769,
          "hit_1c": 0.6923076923076923,
          "bucket_hit": 0.3076923076923077,
          "rank_avg": 3.769230769230769
        }
      },
      "consensus": {
        "n": 13,
        "mae": 0.4968798249713704,
        "bias": -0.1847256706456458,
        "hit_1c": 0.9230769230769231,
        "bucket_hit": 0.5384615384615384,
        "rank_avg": null
      },
      "days_measured": 13
    }
  },
  "global": {
    "models": {
      "MeteoFrance": {
        "n": 25,
        "mae": 0.8212910070343401,
        "bias": 0.3644800778309131,
        "hit_1c": 0.6,
        "bucket_hit": 0.4,
        "rank_avg": 3.2
      },
      "ICON": {
        "n": 25,
        "mae": 0.6501304632704895,
        "bias": 0.03409352923583782,
        "hit_1c": 0.76,
        "bucket_hit": 0.6,
        "rank_avg": 2.92
      },
      "GFS": {
        "n": 25,
        "mae": 0.8621052782516381,
        "bias": 0.07978867343468195,
        "hit_1c": 0.72,
        "bucket_hit": 0.44,
        "rank_avg": 3.16
      },
      "UKMO": {
        "n": 25,
        "mae": 0.5962063392740936,
        "bias": -0.1037012402570985,
        "hit_1c": 0.68,
        "bucket_hit": 0.52,
        "rank_avg": 2.08
      },
      "ECMWF": {
        "n": 25,
        "mae": 0.9928853405000981,
        "bias": -0.21973272610717928,
        "hit_1c": 0.6,
        "bucket_hit": 0.28,
        "rank_avg": 3.64
      }
    },
    "consensus": {
      "n": 25,
      "mae": 0.6669006537298937,
      "bias": 0.030985662827431284,
      "hit_1c": 0.84,
      "bucket_hit": 0.48,
      "rank_avg": null
    },
    "days_measured": 25
  },
  "last_update": "2026-05-17T01:03:00.841760+03:00",
  "hit_window_c": 1.0
}