{
  "per_city": {
    "london": {
      "models": {
        "MeteoFrance": {
          "n": 12,
          "mae": 1.0139193074707862,
          "bias": 0.09685661660823304,
          "hit_1c": 0.5,
          "bucket_hit": 0.3333333333333333,
          "rank_avg": 3.4166666666666665
        },
        "ICON": {
          "n": 12,
          "mae": 0.7224805162364011,
          "bias": 0.02263034608634973,
          "hit_1c": 0.75,
          "bucket_hit": 0.4166666666666667,
          "rank_avg": 3.0
        },
        "GFS": {
          "n": 12,
          "mae": 0.8572844159163661,
          "bias": -0.10755381443714122,
          "hit_1c": 0.75,
          "bucket_hit": 0.25,
          "rank_avg": 3.0833333333333335
        },
        "UKMO": {
          "n": 12,
          "mae": 0.7272128525292403,
          "bias": -0.1468225017666168,
          "hit_1c": 0.5833333333333334,
          "bucket_hit": 0.4166666666666667,
          "rank_avg": 1.9166666666666667
        },
        "ECMWF": {
          "n": 12,
          "mae": 1.0486953241465016,
          "bias": -0.011939747987336732,
          "hit_1c": 0.5833333333333334,
          "bucket_hit": 0.25,
          "rank_avg": 3.5833333333333335
        }
      },
      "consensus": {
        "n": 12,
        "mae": 0.7965420739853935,
        "bias": -0.029365820299301976,
        "hit_1c": 0.75,
        "bucket_hit": 0.4166666666666667,
        "rank_avg": null
      },
      "days_measured": 12
    },
    "paris": {
      "models": {
        "MeteoFrance": {
          "n": 13,
          "mae": 0.595706762556235,
          "bias": 0.22230241454728164,
          "hit_1c": 0.7692307692307693,
          "bucket_hit": 0.5384615384615384,
          "rank_avg": 3.1538461538461537
        },
        "ICON": {
          "n": 13,
          "mae": 0.4618684687642019,
          "bias": -0.2858320346021684,
          "hit_1c": 0.8461538461538461,
          "bucket_hit": 0.7692307692307693,
          "rank_avg": 2.4615384615384617
        },
        "GFS": {
          "n": 13,
          "mae": 0.571061279872914,
          "bias": -0.31423297761239305,
          "hit_1c": 0.8461538461538461,
          "bucket_hit": 0.6923076923076923,
          "rank_avg": 3.230769230769231
        },
        "UKMO": {
          "n": 13,
          "mae": 0.3984951166785509,
          "bias": -0.3183476836978865,
          "hit_1c": 0.8461538461538461,
          "bucket_hit": 0.7692307692307693,
          "rank_avg": 2.3076923076923075
        },
        "ECMWF": {
          "n": 13,
          "mae": 0.9063163368216824,
          "bias": -0.6516007369171793,
          "hit_1c": 0.6153846153846154,
          "bucket_hit": 0.3076923076923077,
          "rank_avg": 3.8461538461538463
        }
      },
      "consensus": {
        "n": 13,
        "mae": 0.47901839882639774,
        "bias": -0.2695422036564687,
        "hit_1c": 0.9230769230769231,
        "bucket_hit": 0.6153846153846154,
        "rank_avg": null
      },
      "days_measured": 13
    }
  },
  "global": {
    "models": {
      "MeteoFrance": {
        "n": 25,
        "mae": 0.7964487841152197,
        "bias": 0.16208843153653832,
        "hit_1c": 0.64,
        "bucket_hit": 0.44,
        "rank_avg": 3.28
      },
      "ICON": {
        "n": 25,
        "mae": 0.5869622515508575,
        "bias": -0.13777009187167968,
        "hit_1c": 0.8,
        "bucket_hit": 0.6,
        "rank_avg": 2.72
      },
      "GFS": {
        "n": 25,
        "mae": 0.708448385173771,
        "bias": -0.21502697928827216,
        "hit_1c": 0.8,
        "bucket_hit": 0.48,
        "rank_avg": 3.16
      },
      "UKMO": {
        "n": 25,
        "mae": 0.5562796298868818,
        "bias": -0.23601559637087705,
        "hit_1c": 0.72,
        "bucket_hit": 0.6,
        "rank_avg": 2.12
      },
      "ECMWF": {
        "n": 25,
        "mae": 0.9746582507375957,
        "bias": -0.3445634622308549,
        "hit_1c": 0.6,
        "bucket_hit": 0.28,
        "rank_avg": 3.72
      }
    },
    "consensus": {
      "n": 25,
      "mae": 0.6314297629027157,
      "bias": -0.15425753964502867,
      "hit_1c": 0.84,
      "bucket_hit": 0.52,
      "rank_avg": null
    },
    "days_measured": 25
  },
  "last_update": "2026-05-19T01:10:42.746963+03:00",
  "hit_window_c": 1.0
}