{
  "per_city": {
    "london": {
      "models": {
        "MeteoFrance": {
          "n": 11,
          "mae": 0.7047011561422714,
          "bias": 0.3700069412662382,
          "hit_1c": 0.7272727272727273,
          "bucket_hit": 0.36363636363636365,
          "rank_avg": 3.3636363636363638
        },
        "ICON": {
          "n": 11,
          "mae": 0.664860632641049,
          "bias": 0.1902203730422081,
          "hit_1c": 0.9090909090909091,
          "bucket_hit": 0.45454545454545453,
          "rank_avg": 3.3636363636363638
        },
        "GFS": {
          "n": 11,
          "mae": 0.6355888125853123,
          "bias": 0.17204937290458844,
          "hit_1c": 0.9090909090909091,
          "bucket_hit": 0.5454545454545454,
          "rank_avg": 3.090909090909091
        },
        "UKMO": {
          "n": 11,
          "mae": 0.5137349773356803,
          "bias": 0.22255720788019284,
          "hit_1c": 0.9090909090909091,
          "bucket_hit": 0.5454545454545454,
          "rank_avg": 2.4545454545454546
        },
        "ECMWF": {
          "n": 11,
          "mae": 0.5801509132232693,
          "bias": 0.13516128847020814,
          "hit_1c": 0.8181818181818182,
          "bucket_hit": 0.45454545454545453,
          "rank_avg": 2.727272727272727
        }
      },
      "consensus": {
        "n": 11,
        "mae": 0.5158269933164309,
        "bias": 0.21799903671268758,
        "hit_1c": 0.9090909090909091,
        "bucket_hit": 0.6363636363636364,
        "rank_avg": null
      },
      "days_measured": 11
    },
    "paris": {
      "models": {
        "MeteoFrance": {
          "n": 12,
          "mae": 0.4738926653761184,
          "bias": 0.2869578971453506,
          "hit_1c": 0.9166666666666666,
          "bucket_hit": 0.6666666666666666,
          "rank_avg": 2.75
        },
        "ICON": {
          "n": 12,
          "mae": 0.33861410033071754,
          "bias": -0.12662680116689287,
          "hit_1c": 1.0,
          "bucket_hit": 0.8333333333333334,
          "rank_avg": 2.3333333333333335
        },
        "GFS": {
          "n": 12,
          "mae": 1.1031862081321153,
          "bias": -0.1824048114763356,
          "hit_1c": 0.4166666666666667,
          "bucket_hit": 0.3333333333333333,
          "rank_avg": 4.166666666666667
        },
        "UKMO": {
          "n": 12,
          "mae": 0.39221857134023824,
          "bias": -0.12740997094864306,
          "hit_1c": 0.8333333333333334,
          "bucket_hit": 0.75,
          "rank_avg": 2.3333333333333335
        },
        "ECMWF": {
          "n": 12,
          "mae": 0.5202152222632277,
          "bias": -0.37782569968963325,
          "hit_1c": 0.8333333333333334,
          "bucket_hit": 0.6666666666666666,
          "rank_avg": 3.4166666666666665
        }
      },
      "consensus": {
        "n": 12,
        "mae": 0.378437881633985,
        "bias": -0.10546187722723104,
        "hit_1c": 0.9166666666666666,
        "bucket_hit": 0.5833333333333334,
        "rank_avg": null
      },
      "days_measured": 12
    }
  },
  "global": {
    "models": {
      "MeteoFrance": {
        "n": 23,
        "mae": 0.5842793348729741,
        "bias": 0.3266770052031664,
        "hit_1c": 0.8260869565217391,
        "bucket_hit": 0.5217391304347826,
        "rank_avg": 3.0434782608695654
      },
      "ICON": {
        "n": 23,
        "mae": 0.4946450505660934,
        "bias": 0.02490880388963367,
        "hit_1c": 0.9565217391304348,
        "bucket_hit": 0.6521739130434783,
        "rank_avg": 2.8260869565217392
      },
      "GFS": {
        "n": 23,
        "mae": 0.8795526711314703,
        "bias": -0.012883245033284984,
        "hit_1c": 0.6521739130434783,
        "bucket_hit": 0.43478260869565216,
        "rank_avg": 3.652173913043478
      },
      "UKMO": {
        "n": 23,
        "mae": 0.45033511333805837,
        "bias": 0.03996563631732193,
        "hit_1c": 0.8695652173913043,
        "bucket_hit": 0.6521739130434783,
        "rank_avg": 2.391304347826087
      },
      "ECMWF": {
        "n": 23,
        "mae": 0.5488801179397693,
        "bias": -0.13248409665666563,
        "hit_1c": 0.8260869565217391,
        "bucket_hit": 0.5652173913043478,
        "rank_avg": 3.0869565217391304
      }
    },
    "consensus": {
      "n": 23,
      "mae": 0.44414571765602434,
      "bias": 0.0492368207440344,
      "hit_1c": 0.9130434782608695,
      "bucket_hit": 0.6086956521739131,
      "rank_avg": null
    },
    "days_measured": 23
  },
  "last_update": "2026-05-10T01:20:34.883722+03:00",
  "hit_window_c": 1.0
}