{
  "per_city": {
    "london": {
      "models": {
        "MeteoFrance": {
          "n": 10,
          "mae": 0.5749682539682537,
          "bias": -0.2190000000000003,
          "hit_1c": 0.8,
          "bucket_hit": 0.5,
          "rank_avg": 2.8
        },
        "ICON": {
          "n": 10,
          "mae": 0.5843571428571431,
          "bias": -0.07850000000000054,
          "hit_1c": 0.9,
          "bucket_hit": 0.4,
          "rank_avg": 3.6
        },
        "GFS": {
          "n": 10,
          "mae": 0.5009714285714291,
          "bias": -0.22310000000000035,
          "hit_1c": 0.8,
          "bucket_hit": 0.7,
          "rank_avg": 2.7
        },
        "UKMO": {
          "n": 10,
          "mae": 0.5023587301587291,
          "bias": 0.2221999999999998,
          "hit_1c": 0.9,
          "bucket_hit": 0.7,
          "rank_avg": 3.1
        },
        "ECMWF": {
          "n": 10,
          "mae": 0.45948730158730167,
          "bias": 0.39039999999999997,
          "hit_1c": 0.8,
          "bucket_hit": 0.7,
          "rank_avg": 2.8
        }
      },
      "consensus": {
        "n": 10,
        "mae": 0.46416190476190505,
        "bias": 0.018399999999999216,
        "hit_1c": 1.0,
        "bucket_hit": 0.6,
        "rank_avg": null
      },
      "days_measured": 10
    },
    "paris": {
      "models": {
        "MeteoFrance": {
          "n": 11,
          "mae": 0.5534567099567099,
          "bias": 0.45259090909090927,
          "hit_1c": 0.9090909090909091,
          "bucket_hit": 0.5454545454545454,
          "rank_avg": 2.909090909090909
        },
        "ICON": {
          "n": 11,
          "mae": 0.3209698412698412,
          "bias": -0.0643363636363634,
          "hit_1c": 1.0,
          "bucket_hit": 0.8181818181818182,
          "rank_avg": 2.272727272727273
        },
        "GFS": {
          "n": 11,
          "mae": 1.0505090909090908,
          "bias": -0.763690909090909,
          "hit_1c": 0.45454545454545453,
          "bucket_hit": 0.18181818181818182,
          "rank_avg": 4.0
        },
        "UKMO": {
          "n": 11,
          "mae": 0.45174502164502267,
          "bias": 0.0155363636363636,
          "hit_1c": 1.0,
          "bucket_hit": 0.5454545454545454,
          "rank_avg": 2.727272727272727
        },
        "ECMWF": {
          "n": 11,
          "mae": 0.6471428571428571,
          "bias": -0.32863636363636384,
          "hit_1c": 0.8181818181818182,
          "bucket_hit": 0.5454545454545454,
          "rank_avg": 3.090909090909091
        }
      },
      "consensus": {
        "n": 11,
        "mae": 0.4069525829725823,
        "bias": -0.13770727272727223,
        "hit_1c": 1.0,
        "bucket_hit": 0.45454545454545453,
        "rank_avg": null
      },
      "days_measured": 11
    }
  },
  "global": {
    "models": {
      "MeteoFrance": {
        "n": 21,
        "mae": 0.5637003023431594,
        "bias": 0.13278571428571423,
        "hit_1c": 0.8571428571428571,
        "bucket_hit": 0.5238095238095238,
        "rank_avg": 2.857142857142857
      },
      "ICON": {
        "n": 21,
        "mae": 0.44639236583522307,
        "bias": -0.07108095238095251,
        "hit_1c": 0.9523809523809523,
        "bucket_hit": 0.6190476190476191,
        "rank_avg": 2.9047619047619047
      },
      "GFS": {
        "n": 21,
        "mae": 0.7888244897959186,
        "bias": -0.5062666666666668,
        "hit_1c": 0.6190476190476191,
        "bucket_hit": 0.42857142857142855,
        "rank_avg": 3.380952380952381
      },
      "UKMO": {
        "n": 21,
        "mae": 0.4758467876039305,
        "bias": 0.11394761904761892,
        "hit_1c": 0.9523809523809523,
        "bucket_hit": 0.6190476190476191,
        "rank_avg": 2.9047619047619047
      },
      "ECMWF": {
        "n": 21,
        "mae": 0.5577830687830688,
        "bias": 0.013761904761904663,
        "hit_1c": 0.8095238095238095,
        "bucket_hit": 0.6190476190476191,
        "rank_avg": 2.9523809523809526
      }
    },
    "consensus": {
      "n": 21,
      "mae": 0.4341951171579741,
      "bias": -0.06337047619047631,
      "hit_1c": 1.0,
      "bucket_hit": 0.5238095238095238,
      "rank_avg": null
    },
    "days_measured": 21
  },
  "last_update": "2026-05-01T01:15:38.610564+03:00",
  "hit_window_c": 1.0
}