{
  "per_city": {
    "london": {
      "models": {
        "MeteoFrance": {
          "n": 7,
          "mae": 0.6690476190476186,
          "bias": -0.46904761904761877,
          "hit_1c": 0.8571428571428571,
          "bucket_hit": 0.42857142857142855,
          "rank_avg": 3.0
        },
        "ICON": {
          "n": 7,
          "mae": 0.6571428571428576,
          "bias": -0.08571428571428617,
          "hit_1c": 0.7142857142857143,
          "bucket_hit": 0.2857142857142857,
          "rank_avg": 3.2857142857142856
        },
        "GFS": {
          "n": 7,
          "mae": 0.6857142857142858,
          "bias": -0.25714285714285723,
          "hit_1c": 0.5714285714285714,
          "bucket_hit": 0.5714285714285714,
          "rank_avg": 2.857142857142857
        },
        "UKMO": {
          "n": 7,
          "mae": 0.49761904761904674,
          "bias": 0.21190476190476154,
          "hit_1c": 0.8571428571428571,
          "bucket_hit": 0.7142857142857143,
          "rank_avg": 2.7142857142857144
        },
        "ECMWF": {
          "n": 7,
          "mae": 0.55952380952381,
          "bias": 0.502380952380953,
          "hit_1c": 0.7142857142857143,
          "bucket_hit": 0.5714285714285714,
          "rank_avg": 3.142857142857143
        }
      },
      "consensus": {
        "n": 7,
        "mae": 0.528095238095239,
        "bias": -0.01952380952380953,
        "hit_1c": 0.8571428571428571,
        "bucket_hit": 0.5714285714285714,
        "rank_avg": null
      },
      "days_measured": 7
    },
    "paris": {
      "models": {
        "MeteoFrance": {
          "n": 8,
          "mae": 0.5464285714285715,
          "bias": 0.27857142857142825,
          "hit_1c": 1.0,
          "bucket_hit": 0.5,
          "rank_avg": 3.0
        },
        "ICON": {
          "n": 8,
          "mae": 0.2839285714285713,
          "bias": -0.10892857142857149,
          "hit_1c": 1.0,
          "bucket_hit": 1.0,
          "rank_avg": 1.75
        },
        "GFS": {
          "n": 8,
          "mae": 1.1375,
          "bias": -1.1375,
          "hit_1c": 0.5,
          "bucket_hit": 0.25,
          "rank_avg": 3.75
        },
        "UKMO": {
          "n": 8,
          "mae": 0.4690476190476196,
          "bias": -0.2357142857142862,
          "hit_1c": 1.0,
          "bucket_hit": 0.625,
          "rank_avg": 2.875
        },
        "ECMWF": {
          "n": 8,
          "mae": 0.901785714285714,
          "bias": -0.8017857142857143,
          "hit_1c": 0.625,
          "bucket_hit": 0.25,
          "rank_avg": 3.625
        }
      },
      "consensus": {
        "n": 8,
        "mae": 0.3579464285714282,
        "bias": -0.34794642857142843,
        "hit_1c": 1.0,
        "bucket_hit": 0.625,
        "rank_avg": null
      },
      "days_measured": 8
    }
  },
  "global": {
    "models": {
      "MeteoFrance": {
        "n": 15,
        "mae": 0.6036507936507934,
        "bias": -0.07031746031746036,
        "hit_1c": 0.9333333333333333,
        "bucket_hit": 0.4666666666666667,
        "rank_avg": 3.0
      },
      "ICON": {
        "n": 15,
        "mae": 0.4580952380952382,
        "bias": -0.09809523809523833,
        "hit_1c": 0.8666666666666667,
        "bucket_hit": 0.6666666666666666,
        "rank_avg": 2.466666666666667
      },
      "GFS": {
        "n": 15,
        "mae": 0.9266666666666666,
        "bias": -0.7266666666666667,
        "hit_1c": 0.5333333333333333,
        "bucket_hit": 0.4,
        "rank_avg": 3.3333333333333335
      },
      "UKMO": {
        "n": 15,
        "mae": 0.48238095238095224,
        "bias": -0.026825396825397262,
        "hit_1c": 0.9333333333333333,
        "bucket_hit": 0.6666666666666666,
        "rank_avg": 2.8
      },
      "ECMWF": {
        "n": 15,
        "mae": 0.7420634920634921,
        "bias": -0.19317460317460292,
        "hit_1c": 0.6666666666666666,
        "bucket_hit": 0.4,
        "rank_avg": 3.4
      }
    },
    "consensus": {
      "n": 15,
      "mae": 0.43734920634920654,
      "bias": -0.19468253968253962,
      "hit_1c": 0.9333333333333333,
      "bucket_hit": 0.6,
      "rank_avg": null
    },
    "days_measured": 15
  },
  "last_update": "2026-04-26T01:32:48.841673+03:00",
  "hit_window_c": 1.0
}