{
  "per_city": {
    "london": {
      "models": {
        "MeteoFrance": {
          "n": 11,
          "mae": 0.715105827570515,
          "bias": 0.33131944155516635,
          "hit_1c": 0.7272727272727273,
          "bucket_hit": 0.36363636363636365,
          "rank_avg": 3.3636363636363638
        },
        "ICON": {
          "n": 11,
          "mae": 0.6846786463519566,
          "bias": 0.10272559165453256,
          "hit_1c": 0.9090909090909091,
          "bucket_hit": 0.36363636363636365,
          "rank_avg": 3.3636363636363638
        },
        "GFS": {
          "n": 11,
          "mae": 0.6804215838594666,
          "bias": 0.12721660163043405,
          "hit_1c": 0.9090909090909091,
          "bucket_hit": 0.45454545454545453,
          "rank_avg": 3.272727272727273
        },
        "UKMO": {
          "n": 11,
          "mae": 0.4822502790621625,
          "bias": 0.16878938090118564,
          "hit_1c": 0.9090909090909091,
          "bucket_hit": 0.5454545454545454,
          "rank_avg": 2.090909090909091
        },
        "ECMWF": {
          "n": 11,
          "mae": 0.6209948364936547,
          "bias": 0.1760052117405935,
          "hit_1c": 0.8181818181818182,
          "bucket_hit": 0.45454545454545453,
          "rank_avg": 2.909090909090909
        }
      },
      "consensus": {
        "n": 11,
        "mae": 0.5223117542297057,
        "bias": 0.18121124549638298,
        "hit_1c": 0.9090909090909091,
        "bucket_hit": 0.6363636363636364,
        "rank_avg": null
      },
      "days_measured": 11
    },
    "paris": {
      "models": {
        "MeteoFrance": {
          "n": 12,
          "mae": 0.4142197252315915,
          "bias": 0.22728495700082366,
          "hit_1c": 0.9166666666666666,
          "bucket_hit": 0.75,
          "rank_avg": 2.8333333333333335
        },
        "ICON": {
          "n": 12,
          "mae": 0.33606838865228683,
          "bias": -0.1291725128453236,
          "hit_1c": 1.0,
          "bucket_hit": 0.8333333333333334,
          "rank_avg": 2.4166666666666665
        },
        "GFS": {
          "n": 12,
          "mae": 1.01673816069057,
          "bias": -0.26885285891788097,
          "hit_1c": 0.5,
          "bucket_hit": 0.4166666666666667,
          "rank_avg": 3.8333333333333335
        },
        "UKMO": {
          "n": 12,
          "mae": 0.3454679626385995,
          "bias": -0.17416057965028178,
          "hit_1c": 0.8333333333333334,
          "bucket_hit": 0.8333333333333334,
          "rank_avg": 2.4166666666666665
        },
        "ECMWF": {
          "n": 12,
          "mae": 0.5219872555683457,
          "bias": -0.3760536663845153,
          "hit_1c": 0.8333333333333334,
          "bucket_hit": 0.6666666666666666,
          "rank_avg": 3.5
        }
      },
      "consensus": {
        "n": 12,
        "mae": 0.33970882670178043,
        "bias": -0.1441909321594356,
        "hit_1c": 0.9166666666666666,
        "bucket_hit": 0.6666666666666666,
        "rank_avg": null
      },
      "days_measured": 12
    }
  },
  "global": {
    "models": {
      "MeteoFrance": {
        "n": 23,
        "mae": 0.558121774176294,
        "bias": 0.27704058004855275,
        "hit_1c": 0.8260869565217391,
        "bucket_hit": 0.5652173913043478,
        "rank_avg": 3.0869565217391304
      },
      "ICON": {
        "n": 23,
        "mae": 0.5027950336390854,
        "bias": -0.018264723736696745,
        "hit_1c": 0.9565217391304348,
        "bucket_hit": 0.6086956521739131,
        "rank_avg": 2.869565217391304
      },
      "GFS": {
        "n": 23,
        "mae": 0.8558911022061294,
        "bias": -0.07942833430781727,
        "hit_1c": 0.6956521739130435,
        "bucket_hit": 0.43478260869565216,
        "rank_avg": 3.5652173913043477
      },
      "UKMO": {
        "n": 23,
        "mae": 0.4108855922324775,
        "bias": -0.010141033299579976,
        "hit_1c": 0.8695652173913043,
        "bucket_hit": 0.6956521739130435,
        "rank_avg": 2.260869565217391
      },
      "ECMWF": {
        "n": 23,
        "mae": 0.5693387073152326,
        "bias": -0.1120255072812024,
        "hit_1c": 0.8260869565217391,
        "bucket_hit": 0.5652173913043478,
        "rank_avg": 3.217391304347826
      }
    },
    "consensus": {
      "n": 23,
      "mae": 0.4270406616064403,
      "bias": 0.01143619628465154,
      "hit_1c": 0.9130434782608695,
      "bucket_hit": 0.6521739130434783,
      "rank_avg": null
    },
    "days_measured": 23
  },
  "last_update": "2026-05-11T01:02:23.318759+03:00",
  "hit_window_c": 1.0
}