{
  "per_city": {
    "london": {
      "models": {
        "MeteoFrance": {
          "n": 14,
          "mae": 0.9989880257277435,
          "bias": 0.33129684256952086,
          "hit_1c": 0.5,
          "bucket_hit": 0.2857142857142857,
          "rank_avg": 3.5714285714285716
        },
        "ICON": {
          "n": 14,
          "mae": 0.823950079172853,
          "bias": 0.14967220948886314,
          "hit_1c": 0.7142857142857143,
          "bucket_hit": 0.35714285714285715,
          "rank_avg": 3.142857142857143
        },
        "GFS": {
          "n": 14,
          "mae": 0.9263165254883462,
          "bias": 0.08529807586031536,
          "hit_1c": 0.7857142857142857,
          "bucket_hit": 0.2857142857142857,
          "rank_avg": 3.2142857142857144
        },
        "UKMO": {
          "n": 14,
          "mae": 0.6764086438333858,
          "bias": 0.13089461092824667,
          "hit_1c": 0.7142857142857143,
          "bucket_hit": 0.42857142857142855,
          "rank_avg": 1.9285714285714286
        },
        "ECMWF": {
          "n": 14,
          "mae": 0.8918937803599608,
          "bias": 0.1672821412359469,
          "hit_1c": 0.5714285714285714,
          "bucket_hit": 0.35714285714285715,
          "rank_avg": 3.142857142857143
        }
      },
      "consensus": {
        "n": 14,
        "mae": 0.7564509531223268,
        "bias": 0.17288877601657898,
        "hit_1c": 0.7857142857142857,
        "bucket_hit": 0.5,
        "rank_avg": null
      },
      "days_measured": 14
    },
    "paris": {
      "models": {
        "MeteoFrance": {
          "n": 13,
          "mae": 0.5786180536036919,
          "bias": 0.2797441383201204,
          "hit_1c": 0.8461538461538461,
          "bucket_hit": 0.5384615384615384,
          "rank_avg": 2.923076923076923
        },
        "ICON": {
          "n": 13,
          "mae": 0.422128573598363,
          "bias": -0.18787905948125905,
          "hit_1c": 0.9230769230769231,
          "bucket_hit": 0.7692307692307693,
          "rank_avg": 2.3076923076923075
        },
        "GFS": {
          "n": 13,
          "mae": 0.8432867670563706,
          "bias": -0.048349352993137876,
          "hit_1c": 0.6923076923076923,
          "bucket_hit": 0.46153846153846156,
          "rank_avg": 3.4615384615384617
        },
        "UKMO": {
          "n": 13,
          "mae": 0.45103225759710597,
          "bias": -0.3256074001666118,
          "hit_1c": 0.7692307692307693,
          "bucket_hit": 0.6923076923076923,
          "rank_avg": 2.3846153846153846
        },
        "ECMWF": {
          "n": 13,
          "mae": 0.8852344707885819,
          "bias": -0.5683131577392223,
          "hit_1c": 0.6923076923076923,
          "bucket_hit": 0.38461538461538464,
          "rank_avg": 3.923076923076923
        }
      },
      "consensus": {
        "n": 13,
        "mae": 0.48223512073774677,
        "bias": -0.17008096641202217,
        "hit_1c": 0.9230769230769231,
        "bucket_hit": 0.5384615384615384,
        "rank_avg": null
      },
      "days_measured": 13
    }
  },
  "global": {
    "models": {
      "MeteoFrance": {
        "n": 27,
        "mae": 0.7965876687791259,
        "bias": 0.30647517015314285,
        "hit_1c": 0.6666666666666666,
        "bucket_hit": 0.4074074074074074,
        "rank_avg": 3.259259259259259
      },
      "ICON": {
        "n": 27,
        "mae": 0.6304804653777282,
        "bias": -0.012852475570825325,
        "hit_1c": 0.8148148148148148,
        "bucket_hit": 0.5555555555555556,
        "rank_avg": 2.740740740740741
      },
      "GFS": {
        "n": 27,
        "mae": 0.8863392343914691,
        "bias": 0.020949313819763806,
        "hit_1c": 0.7407407407407407,
        "bucket_hit": 0.37037037037037035,
        "rank_avg": 3.3333333333333335
      },
      "UKMO": {
        "n": 27,
        "mae": 0.5678940874973992,
        "bias": -0.08890265367298149,
        "hit_1c": 0.7407407407407407,
        "bucket_hit": 0.5555555555555556,
        "rank_avg": 2.1481481481481484
      },
      "ECMWF": {
        "n": 27,
        "mae": 0.8886874461218895,
        "bias": -0.18689337308543086,
        "hit_1c": 0.6296296296296297,
        "bucket_hit": 0.37037037037037035,
        "rank_avg": 3.5185185185185186
      }
    },
    "consensus": {
      "n": 27,
      "mae": 0.6244211079001216,
      "bias": 0.007755196328733983,
      "hit_1c": 0.8518518518518519,
      "bucket_hit": 0.5185185185185185,
      "rank_avg": null
    },
    "days_measured": 27
  },
  "last_update": "2026-05-14T20:47:40.645392+03:00",
  "hit_window_c": 1.0
}