{
  "per_city": {
    "london": {
      "models": {
        "MeteoFrance": {
          "n": 10,
          "mae": 0.5749682539682537,
          "bias": -0.2190000000000003,
          "hit_1c": 0.8,
          "bucket_hit": 0.5,
          "rank_avg": 2.8
        },
        "ICON": {
          "n": 10,
          "mae": 0.5843571428571431,
          "bias": -0.07850000000000054,
          "hit_1c": 0.9,
          "bucket_hit": 0.4,
          "rank_avg": 3.6
        },
        "GFS": {
          "n": 10,
          "mae": 0.5009714285714291,
          "bias": -0.22310000000000035,
          "hit_1c": 0.8,
          "bucket_hit": 0.7,
          "rank_avg": 2.7
        },
        "UKMO": {
          "n": 10,
          "mae": 0.5023587301587291,
          "bias": 0.2221999999999998,
          "hit_1c": 0.9,
          "bucket_hit": 0.7,
          "rank_avg": 3.1
        },
        "ECMWF": {
          "n": 10,
          "mae": 0.45948730158730167,
          "bias": 0.39039999999999997,
          "hit_1c": 0.8,
          "bucket_hit": 0.7,
          "rank_avg": 2.8
        }
      },
      "consensus": {
        "n": 10,
        "mae": 0.46416190476190505,
        "bias": 0.018399999999999216,
        "hit_1c": 1.0,
        "bucket_hit": 0.6,
        "rank_avg": null
      },
      "days_measured": 10
    },
    "paris": {
      "models": {
        "MeteoFrance": {
          "n": 10,
          "mae": 0.5974523809523807,
          "bias": 0.48650000000000004,
          "hit_1c": 0.9,
          "bucket_hit": 0.5,
          "rank_avg": 3.1
        },
        "ICON": {
          "n": 10,
          "mae": 0.32759682539682533,
          "bias": -0.045299999999999764,
          "hit_1c": 1.0,
          "bucket_hit": 0.8,
          "rank_avg": 2.2
        },
        "GFS": {
          "n": 10,
          "mae": 0.9489000000000003,
          "bias": -0.6334000000000002,
          "hit_1c": 0.5,
          "bucket_hit": 0.2,
          "rank_avg": 3.9
        },
        "UKMO": {
          "n": 10,
          "mae": 0.4839095238095247,
          "bias": 0.030100000000000193,
          "hit_1c": 1.0,
          "bucket_hit": 0.5,
          "rank_avg": 2.8
        },
        "ECMWF": {
          "n": 10,
          "mae": 0.6853571428571428,
          "bias": -0.33500000000000013,
          "hit_1c": 0.8,
          "bucket_hit": 0.5,
          "rank_avg": 3.0
        }
      },
      "consensus": {
        "n": 10,
        "mae": 0.39558984126984065,
        "bias": -0.09941999999999958,
        "hit_1c": 1.0,
        "bucket_hit": 0.5,
        "rank_avg": null
      },
      "days_measured": 10
    }
  },
  "global": {
    "models": {
      "MeteoFrance": {
        "n": 20,
        "mae": 0.5862103174603173,
        "bias": 0.13374999999999987,
        "hit_1c": 0.85,
        "bucket_hit": 0.5,
        "rank_avg": 2.95
      },
      "ICON": {
        "n": 20,
        "mae": 0.45597698412698423,
        "bias": -0.061900000000000156,
        "hit_1c": 0.95,
        "bucket_hit": 0.6,
        "rank_avg": 2.9
      },
      "GFS": {
        "n": 20,
        "mae": 0.7249357142857147,
        "bias": -0.42825000000000024,
        "hit_1c": 0.65,
        "bucket_hit": 0.45,
        "rank_avg": 3.3
      },
      "UKMO": {
        "n": 20,
        "mae": 0.4931341269841269,
        "bias": 0.12614999999999998,
        "hit_1c": 0.95,
        "bucket_hit": 0.6,
        "rank_avg": 2.95
      },
      "ECMWF": {
        "n": 20,
        "mae": 0.5724222222222222,
        "bias": 0.027699999999999926,
        "hit_1c": 0.8,
        "bucket_hit": 0.6,
        "rank_avg": 2.9
      }
    },
    "consensus": {
      "n": 20,
      "mae": 0.4298758730158728,
      "bias": -0.04051000000000018,
      "hit_1c": 1.0,
      "bucket_hit": 0.55,
      "rank_avg": null
    },
    "days_measured": 20
  },
  "last_update": "2026-04-30T13:48:04.319523+03:00",
  "hit_window_c": 1.0
}