{
  "per_city": {
    "london": {
      "models": {
        "MeteoFrance": {
          "n": 13,
          "mae": 1.0187827010557553,
          "bias": 0.41383177249514486,
          "hit_1c": 0.46153846153846156,
          "bucket_hit": 0.3076923076923077,
          "rank_avg": 3.3076923076923075
        },
        "ICON": {
          "n": 13,
          "mae": 0.8198099132680672,
          "bias": 0.1855294745214731,
          "hit_1c": 0.6923076923076923,
          "bucket_hit": 0.38461538461538464,
          "rank_avg": 3.1538461538461537
        },
        "GFS": {
          "n": 13,
          "mae": 0.9226538732357079,
          "bias": 0.09374323517475124,
          "hit_1c": 0.7692307692307693,
          "bucket_hit": 0.3076923076923077,
          "rank_avg": 3.0
        },
        "UKMO": {
          "n": 13,
          "mae": 0.7625576197081163,
          "bias": 0.06068896234287253,
          "hit_1c": 0.6153846153846154,
          "bucket_hit": 0.3076923076923077,
          "rank_avg": 2.1538461538461537
        },
        "ECMWF": {
          "n": 13,
          "mae": 1.0620386864071962,
          "bias": 0.0002123060807044215,
          "hit_1c": 0.46153846153846156,
          "bucket_hit": 0.3076923076923077,
          "rank_avg": 3.3846153846153846
        }
      },
      "consensus": {
        "n": 13,
        "mae": 0.8500262504881401,
        "bias": 0.15080115012298925,
        "hit_1c": 0.7692307692307693,
        "bucket_hit": 0.38461538461538464,
        "rank_avg": null
      },
      "days_measured": 13
    },
    "paris": {
      "models": {
        "MeteoFrance": {
          "n": 14,
          "mae": 0.6162659076777145,
          "bias": 0.18449096658295222,
          "hit_1c": 0.7857142857142857,
          "bucket_hit": 0.5,
          "rank_avg": 2.9285714285714284
        },
        "ICON": {
          "n": 14,
          "mae": 0.5225933651158894,
          "bias": -0.30507595915000724,
          "hit_1c": 0.8571428571428571,
          "bucket_hit": 0.7142857142857143,
          "rank_avg": 2.642857142857143
        },
        "GFS": {
          "n": 14,
          "mae": 0.8721288450972428,
          "bias": -0.1339726748956695,
          "hit_1c": 0.6428571428571429,
          "bucket_hit": 0.42857142857142855,
          "rank_avg": 3.5
        },
        "UKMO": {
          "n": 14,
          "mae": 0.5032061897238768,
          "bias": -0.42144167925270387,
          "hit_1c": 0.7142857142857143,
          "bucket_hit": 0.6428571428571429,
          "rank_avg": 2.2142857142857144
        },
        "ECMWF": {
          "n": 14,
          "mae": 0.9244769045043395,
          "bias": -0.6301928281013628,
          "hit_1c": 0.6428571428571429,
          "bucket_hit": 0.35714285714285715,
          "rank_avg": 3.7142857142857144
        }
      },
      "consensus": {
        "n": 14,
        "mae": 0.551095863980102,
        "bias": -0.2612384349633578,
        "hit_1c": 0.8571428571428571,
        "bucket_hit": 0.5,
        "rank_avg": null
      },
      "days_measured": 14
    }
  },
  "global": {
    "models": {
      "MeteoFrance": {
        "n": 27,
        "mae": 0.8100702896745489,
        "bias": 0.29491431757771164,
        "hit_1c": 0.6296296296296297,
        "bucket_hit": 0.4074074074074074,
        "rank_avg": 3.111111111111111
      },
      "ICON": {
        "n": 27,
        "mae": 0.665697629041012,
        "bias": -0.06885852812299818,
        "hit_1c": 0.7777777777777778,
        "bucket_hit": 0.5555555555555556,
        "rank_avg": 2.888888888888889
      },
      "GFS": {
        "n": 27,
        "mae": 0.8964557104972444,
        "bias": -0.024331681158059507,
        "hit_1c": 0.7037037037037037,
        "bucket_hit": 0.37037037037037035,
        "rank_avg": 3.259259259259259
      },
      "UKMO": {
        "n": 27,
        "mae": 0.6280791004570292,
        "bias": -0.18930470366964855,
        "hit_1c": 0.6666666666666666,
        "bucket_hit": 0.48148148148148145,
        "rank_avg": 2.185185185185185
      },
      "ECMWF": {
        "n": 27,
        "mae": 0.9907103550501595,
        "bias": -0.32666443016184893,
        "hit_1c": 0.5555555555555556,
        "bucket_hit": 0.3333333333333333,
        "rank_avg": 3.5555555555555554
      }
    },
    "consensus": {
      "n": 27,
      "mae": 0.6950253093358242,
      "bias": -0.06284900510696848,
      "hit_1c": 0.8148148148148148,
      "bucket_hit": 0.4444444444444444,
      "rank_avg": null
    },
    "days_measured": 27
  },
  "last_update": "2026-05-16T01:12:52.611242+03:00",
  "hit_window_c": 1.0
}