{
  "per_city": {
    "london": {
      "models": {
        "MeteoFrance": {
          "n": 12,
          "mae": 0.947990433653831,
          "bias": 0.33711329134953366,
          "hit_1c": 0.5,
          "bucket_hit": 0.3333333333333333,
          "rank_avg": 3.4166666666666665
        },
        "ICON": {
          "n": 12,
          "mae": 0.7065166958913948,
          "bias": 0.14799983088961222,
          "hit_1c": 0.75,
          "bucket_hit": 0.4166666666666667,
          "rank_avg": 3.1666666666666665
        },
        "GFS": {
          "n": 12,
          "mae": 0.8060539696426651,
          "bias": -0.056323368163440225,
          "hit_1c": 0.8333333333333334,
          "bucket_hit": 0.3333333333333333,
          "rank_avg": 2.9166666666666665
        },
        "UKMO": {
          "n": 12,
          "mae": 0.6648053641044455,
          "bias": 0.028924011770306013,
          "hit_1c": 0.6666666666666666,
          "bucket_hit": 0.4166666666666667,
          "rank_avg": 1.9166666666666667
        },
        "ECMWF": {
          "n": 12,
          "mae": 1.0136767680180034,
          "bias": 0.10365003506099812,
          "hit_1c": 0.5833333333333334,
          "bucket_hit": 0.3333333333333333,
          "rank_avg": 3.5833333333333335
        }
      },
      "consensus": {
        "n": 12,
        "mae": 0.7361351944358644,
        "bias": 0.1122727601814022,
        "hit_1c": 0.8333333333333334,
        "bucket_hit": 0.5,
        "rank_avg": null
      },
      "days_measured": 12
    },
    "paris": {
      "models": {
        "MeteoFrance": {
          "n": 12,
          "mae": 0.6134944510324926,
          "bias": 0.27268215749631713,
          "hit_1c": 0.75,
          "bucket_hit": 0.5,
          "rank_avg": 3.0
        },
        "ICON": {
          "n": 12,
          "mae": 0.5087641883694124,
          "bias": -0.2414936283329867,
          "hit_1c": 0.8333333333333334,
          "bucket_hit": 0.75,
          "rank_avg": 2.75
        },
        "GFS": {
          "n": 12,
          "mae": 0.7541137308545078,
          "bias": -0.12594605770548975,
          "hit_1c": 0.75,
          "bucket_hit": 0.5833333333333334,
          "rank_avg": 3.25
        },
        "UKMO": {
          "n": 12,
          "mae": 0.4108556144762267,
          "bias": -0.2832056283555791,
          "hit_1c": 0.8333333333333334,
          "bucket_hit": 0.75,
          "rank_avg": 2.1666666666666665
        },
        "ECMWF": {
          "n": 12,
          "mae": 0.9218604015546249,
          "bias": -0.5785289790844854,
          "hit_1c": 0.6666666666666666,
          "bucket_hit": 0.3333333333333333,
          "rank_avg": 3.8333333333333335
        }
      },
      "consensus": {
        "n": 12,
        "mae": 0.5294654277159792,
        "bias": -0.1912984271964442,
        "hit_1c": 0.9166666666666666,
        "bucket_hit": 0.5,
        "rank_avg": null
      },
      "days_measured": 12
    }
  },
  "global": {
    "models": {
      "MeteoFrance": {
        "n": 24,
        "mae": 0.7807424423431617,
        "bias": 0.3048977244229254,
        "hit_1c": 0.625,
        "bucket_hit": 0.4166666666666667,
        "rank_avg": 3.2083333333333335
      },
      "ICON": {
        "n": 24,
        "mae": 0.6076404421304036,
        "bias": -0.04674689872168725,
        "hit_1c": 0.7916666666666666,
        "bucket_hit": 0.5833333333333334,
        "rank_avg": 2.9583333333333335
      },
      "GFS": {
        "n": 24,
        "mae": 0.7800838502485865,
        "bias": -0.091134712934465,
        "hit_1c": 0.7916666666666666,
        "bucket_hit": 0.4583333333333333,
        "rank_avg": 3.0833333333333335
      },
      "UKMO": {
        "n": 24,
        "mae": 0.5378304892903361,
        "bias": -0.12714080829263655,
        "hit_1c": 0.75,
        "bucket_hit": 0.5833333333333334,
        "rank_avg": 2.0416666666666665
      },
      "ECMWF": {
        "n": 24,
        "mae": 0.9677685847863141,
        "bias": -0.23743947201174365,
        "hit_1c": 0.625,
        "bucket_hit": 0.3333333333333333,
        "rank_avg": 3.7083333333333335
      }
    },
    "consensus": {
      "n": 24,
      "mae": 0.6328003110759218,
      "bias": -0.039512833507520995,
      "hit_1c": 0.875,
      "bucket_hit": 0.5,
      "rank_avg": null
    },
    "days_measured": 24
  },
  "last_update": "2026-05-17T21:25:39.165172+03:00",
  "hit_window_c": 1.0
}