{
  "per_city": {
    "london": {
      "models": {
        "MeteoFrance": {
          "n": 13,
          "mae": 1.0895298697121283,
          "bias": -0.06419824748534134,
          "hit_1c": 0.46153846153846156,
          "bucket_hit": 0.3076923076923077,
          "rank_avg": 3.5384615384615383
        },
        "ICON": {
          "n": 13,
          "mae": 0.7763381954556279,
          "bias": -0.0885435533115503,
          "hit_1c": 0.6923076923076923,
          "bucket_hit": 0.38461538461538464,
          "rank_avg": 3.0
        },
        "GFS": {
          "n": 13,
          "mae": 0.8907583981968655,
          "bias": -0.19869938144681185,
          "hit_1c": 0.6923076923076923,
          "bucket_hit": 0.23076923076923078,
          "rank_avg": 3.0
        },
        "UKMO": {
          "n": 13,
          "mae": 0.7830562868141744,
          "bias": -0.24731134764867577,
          "hit_1c": 0.5384615384615384,
          "bucket_hit": 0.38461538461538464,
          "rank_avg": 2.076923076923077
        },
        "ECMWF": {
          "n": 13,
          "mae": 1.0363387801362065,
          "bias": -0.07933363291236194,
          "hit_1c": 0.6153846153846154,
          "bucket_hit": 0.23076923076923078,
          "rank_avg": 3.3846153846153846
        }
      },
      "consensus": {
        "n": 13,
        "mae": 0.8437799282711862,
        "bias": -0.13561723256094788,
        "hit_1c": 0.6923076923076923,
        "bucket_hit": 0.38461538461538464,
        "rank_avg": null
      },
      "days_measured": 13
    },
    "paris": {
      "models": {
        "MeteoFrance": {
          "n": 12,
          "mae": 0.6063887237999358,
          "bias": 0.20186734679023624,
          "hit_1c": 0.75,
          "bucket_hit": 0.5,
          "rank_avg": 3.1666666666666665
        },
        "ICON": {
          "n": 12,
          "mae": 0.469037960327749,
          "bias": -0.2783318233188794,
          "hit_1c": 0.8333333333333334,
          "bucket_hit": 0.75,
          "rank_avg": 2.5
        },
        "GFS": {
          "n": 12,
          "mae": 0.5772180977881565,
          "bias": -0.3818506811542595,
          "hit_1c": 0.8333333333333334,
          "bucket_hit": 0.6666666666666666,
          "rank_avg": 3.1666666666666665
        },
        "UKMO": {
          "n": 12,
          "mae": 0.40960265940804375,
          "bias": -0.3227762736789906,
          "hit_1c": 0.8333333333333334,
          "bucket_hit": 0.75,
          "rank_avg": 2.4166666666666665
        },
        "ECMWF": {
          "n": 12,
          "mae": 0.9321712690902747,
          "bias": -0.6562293691937297,
          "hit_1c": 0.5833333333333334,
          "bucket_hit": 0.3333333333333333,
          "rank_avg": 3.75
        }
      },
      "consensus": {
        "n": 12,
        "mae": 0.5143967048785473,
        "bias": -0.28746416011112413,
        "hit_1c": 0.9166666666666666,
        "bucket_hit": 0.5833333333333334,
        "rank_avg": null
      },
      "days_measured": 12
    }
  },
  "global": {
    "models": {
      "MeteoFrance": {
        "n": 25,
        "mae": 0.8576221196742759,
        "bias": 0.0635132377669359,
        "hit_1c": 0.6,
        "bucket_hit": 0.4,
        "rank_avg": 3.36
      },
      "ICON": {
        "n": 25,
        "mae": 0.628834082594246,
        "bias": -0.17964192291506825,
        "hit_1c": 0.76,
        "bucket_hit": 0.56,
        "rank_avg": 2.76
      },
      "GFS": {
        "n": 25,
        "mae": 0.7402590540006853,
        "bias": -0.28661200530638675,
        "hit_1c": 0.76,
        "bucket_hit": 0.44,
        "rank_avg": 3.08
      },
      "UKMO": {
        "n": 25,
        "mae": 0.6037985456592316,
        "bias": -0.2835345121432269,
        "hit_1c": 0.68,
        "bucket_hit": 0.56,
        "rank_avg": 2.24
      },
      "ECMWF": {
        "n": 25,
        "mae": 0.9863383748341592,
        "bias": -0.3562435863274185,
        "hit_1c": 0.6,
        "bucket_hit": 0.28,
        "rank_avg": 3.56
      }
    },
    "consensus": {
      "n": 25,
      "mae": 0.6856759810427195,
      "bias": -0.2085037577850325,
      "hit_1c": 0.8,
      "bucket_hit": 0.48,
      "rank_avg": null
    },
    "days_measured": 25
  },
  "last_update": "2026-05-19T13:10:44.665329+03:00",
  "hit_window_c": 1.0
}