{
  "per_city": {
    "london": {
      "models": {
        "MeteoFrance": {
          "n": 14,
          "mae": 0.8634553397657729,
          "bias": 0.5619088936108562,
          "hit_1c": 0.6428571428571429,
          "bucket_hit": 0.35714285714285715,
          "rank_avg": 3.357142857142857
        },
        "ICON": {
          "n": 14,
          "mae": 0.8038085745492906,
          "bias": 0.34655974585845734,
          "hit_1c": 0.7857142857142857,
          "bucket_hit": 0.35714285714285715,
          "rank_avg": 3.357142857142857
        },
        "GFS": {
          "n": 14,
          "mae": 0.7902518793816445,
          "bias": 0.24407700768130258,
          "hit_1c": 0.8571428571428571,
          "bucket_hit": 0.42857142857142855,
          "rank_avg": 3.142857142857143
        },
        "UKMO": {
          "n": 14,
          "mae": 0.6204319008646919,
          "bias": 0.3741411951667815,
          "hit_1c": 0.7857142857142857,
          "bucket_hit": 0.5,
          "rank_avg": 2.2142857142857144
        },
        "ECMWF": {
          "n": 14,
          "mae": 0.772944995919196,
          "bias": 0.42331029075607646,
          "hit_1c": 0.7142857142857143,
          "bucket_hit": 0.42857142857142855,
          "rank_avg": 2.9285714285714284
        }
      },
      "consensus": {
        "n": 14,
        "mae": 0.6580069691908772,
        "bias": 0.3899994266146951,
        "hit_1c": 0.8571428571428571,
        "bucket_hit": 0.5714285714285714,
        "rank_avg": null
      },
      "days_measured": 14
    },
    "paris": {
      "models": {
        "MeteoFrance": {
          "n": 14,
          "mae": 0.5794854421587657,
          "bias": 0.4192556408181076,
          "hit_1c": 0.8571428571428571,
          "bucket_hit": 0.5714285714285714,
          "rank_avg": 3.0
        },
        "ICON": {
          "n": 14,
          "mae": 0.32975877187874253,
          "bias": -0.06901914369063787,
          "hit_1c": 1.0,
          "bucket_hit": 0.8571428571428571,
          "rank_avg": 2.2857142857142856
        },
        "GFS": {
          "n": 14,
          "mae": 1.0241596069703847,
          "bias": -0.12314629391166841,
          "hit_1c": 0.5,
          "bucket_hit": 0.35714285714285715,
          "rank_avg": 3.9285714285714284
        },
        "UKMO": {
          "n": 14,
          "mae": 0.3719016325773472,
          "bias": -0.09814997924903082,
          "hit_1c": 0.8571428571428571,
          "bucket_hit": 0.7857142857142857,
          "rank_avg": 2.2857142857142856
        },
        "ECMWF": {
          "n": 14,
          "mae": 0.5641595761812859,
          "bias": -0.20558978549259496,
          "hit_1c": 0.8571428571428571,
          "bucket_hit": 0.5714285714285714,
          "rank_avg": 3.5
        }
      },
      "consensus": {
        "n": 14,
        "mae": 0.3994413095758773,
        "bias": -0.01532991230516499,
        "hit_1c": 0.9285714285714286,
        "bucket_hit": 0.5714285714285714,
        "rank_avg": null
      },
      "days_measured": 14
    }
  },
  "global": {
    "models": {
      "MeteoFrance": {
        "n": 28,
        "mae": 0.7214703909622694,
        "bias": 0.4905822672144819,
        "hit_1c": 0.75,
        "bucket_hit": 0.4642857142857143,
        "rank_avg": 3.1785714285714284
      },
      "ICON": {
        "n": 28,
        "mae": 0.5667836732140165,
        "bias": 0.13877030108390973,
        "hit_1c": 0.8928571428571429,
        "bucket_hit": 0.6071428571428571,
        "rank_avg": 2.8214285714285716
      },
      "GFS": {
        "n": 28,
        "mae": 0.9072057431760143,
        "bias": 0.060465356884817086,
        "hit_1c": 0.6785714285714286,
        "bucket_hit": 0.39285714285714285,
        "rank_avg": 3.5357142857142856
      },
      "UKMO": {
        "n": 28,
        "mae": 0.49616676672101956,
        "bias": 0.13799560795887533,
        "hit_1c": 0.8214285714285714,
        "bucket_hit": 0.6428571428571429,
        "rank_avg": 2.25
      },
      "ECMWF": {
        "n": 28,
        "mae": 0.6685522860502408,
        "bias": 0.10886025263174075,
        "hit_1c": 0.7857142857142857,
        "bucket_hit": 0.5,
        "rank_avg": 3.2142857142857144
      }
    },
    "consensus": {
      "n": 28,
      "mae": 0.5287241393833773,
      "bias": 0.18733475715476505,
      "hit_1c": 0.8928571428571429,
      "bucket_hit": 0.5714285714285714,
      "rank_avg": null
    },
    "days_measured": 28
  },
  "last_update": "2026-05-12T17:17:47.348874+03:00",
  "hit_window_c": 1.0
}