{
  "per_city": {
    "london": {
      "models": {
        "MeteoFrance": {
          "n": 11,
          "mae": 0.6253015922295346,
          "bias": 0.2203332070793306,
          "hit_1c": 0.7272727272727273,
          "bucket_hit": 0.45454545454545453,
          "rank_avg": 2.909090909090909
        },
        "ICON": {
          "n": 11,
          "mae": 0.6764758218558985,
          "bias": 0.15778728477314663,
          "hit_1c": 0.9090909090909091,
          "bucket_hit": 0.45454545454545453,
          "rank_avg": 3.4545454545454546
        },
        "GFS": {
          "n": 11,
          "mae": 0.5865633374343706,
          "bias": 0.08991934232013434,
          "hit_1c": 0.9090909090909091,
          "bucket_hit": 0.6363636363636364,
          "rank_avg": 2.8181818181818183
        },
        "UKMO": {
          "n": 11,
          "mae": 0.5980708098006612,
          "bias": 0.26512046908536196,
          "hit_1c": 0.8181818181818182,
          "bucket_hit": 0.5454545454545454,
          "rank_avg": 3.0
        },
        "ECMWF": {
          "n": 11,
          "mae": 0.60418862570695,
          "bias": 0.2590054289221006,
          "hit_1c": 0.7272727272727273,
          "bucket_hit": 0.5454545454545454,
          "rank_avg": 2.8181818181818183
        }
      },
      "consensus": {
        "n": 11,
        "mae": 0.5114448454807711,
        "bias": 0.19843314643601478,
        "hit_1c": 0.9090909090909091,
        "bucket_hit": 0.6363636363636364,
        "rank_avg": null
      },
      "days_measured": 11
    },
    "paris": {
      "models": {
        "MeteoFrance": {
          "n": 11,
          "mae": 0.43424110827359913,
          "bias": 0.13247677236817346,
          "hit_1c": 0.9090909090909091,
          "bucket_hit": 0.7272727272727273,
          "rank_avg": 2.3636363636363638
        },
        "ICON": {
          "n": 11,
          "mae": 0.4116925996921212,
          "bias": -0.12416542999836447,
          "hit_1c": 1.0,
          "bucket_hit": 0.7272727272727273,
          "rank_avg": 2.6363636363636362
        },
        "GFS": {
          "n": 11,
          "mae": 1.1676312037801688,
          "bias": -0.19717946489000357,
          "hit_1c": 0.36363636363636365,
          "bucket_hit": 0.18181818181818182,
          "rank_avg": 4.181818181818182
        },
        "UKMO": {
          "n": 11,
          "mae": 0.5210801029960647,
          "bias": -0.134795396075363,
          "hit_1c": 0.8181818181818182,
          "bucket_hit": 0.45454545454545453,
          "rank_avg": 2.727272727272727
        },
        "ECMWF": {
          "n": 11,
          "mae": 0.5232379139882041,
          "bias": -0.2039428504014255,
          "hit_1c": 0.9090909090909091,
          "bucket_hit": 0.7272727272727273,
          "rank_avg": 3.090909090909091
        }
      },
      "consensus": {
        "n": 11,
        "mae": 0.48884053577428366,
        "bias": -0.10552127379939691,
        "hit_1c": 0.9090909090909091,
        "bucket_hit": 0.36363636363636365,
        "rank_avg": null
      },
      "days_measured": 11
    }
  },
  "global": {
    "models": {
      "MeteoFrance": {
        "n": 22,
        "mae": 0.5297713502515669,
        "bias": 0.17640498972375204,
        "hit_1c": 0.8181818181818182,
        "bucket_hit": 0.5909090909090909,
        "rank_avg": 2.6363636363636362
      },
      "ICON": {
        "n": 22,
        "mae": 0.5440842107740098,
        "bias": 0.016810927387391074,
        "hit_1c": 0.9545454545454546,
        "bucket_hit": 0.5909090909090909,
        "rank_avg": 3.0454545454545454
      },
      "GFS": {
        "n": 22,
        "mae": 0.8770972706072697,
        "bias": -0.05363006128493461,
        "hit_1c": 0.6363636363636364,
        "bucket_hit": 0.4090909090909091,
        "rank_avg": 3.5
      },
      "UKMO": {
        "n": 22,
        "mae": 0.5595754563983629,
        "bias": 0.06516253650499948,
        "hit_1c": 0.8181818181818182,
        "bucket_hit": 0.5,
        "rank_avg": 2.8636363636363638
      },
      "ECMWF": {
        "n": 22,
        "mae": 0.563713269847577,
        "bias": 0.027531289260337533,
        "hit_1c": 0.8181818181818182,
        "bucket_hit": 0.6363636363636364,
        "rank_avg": 2.9545454545454546
      }
    },
    "consensus": {
      "n": 22,
      "mae": 0.5001426906275274,
      "bias": 0.04645593631830894,
      "hit_1c": 0.9090909090909091,
      "bucket_hit": 0.5,
      "rank_avg": null
    },
    "days_measured": 22
  },
  "last_update": "2026-05-06T20:27:56.098670+03:00",
  "hit_window_c": 1.0
}