{
  "per_city": {
    "london": {
      "models": {
        "MeteoFrance": {
          "n": 9,
          "mae": 0.6476190476190473,
          "bias": -0.24444444444444435,
          "hit_1c": 0.7777777777777778,
          "bucket_hit": 0.4444444444444444,
          "rank_avg": 2.7777777777777777
        },
        "ICON": {
          "n": 9,
          "mae": 0.6087301587301592,
          "bias": -0.1277777777777782,
          "hit_1c": 0.7777777777777778,
          "bucket_hit": 0.3333333333333333,
          "rank_avg": 3.2222222222222223
        },
        "GFS": {
          "n": 9,
          "mae": 0.6414682539682544,
          "bias": -0.10138888888888904,
          "hit_1c": 0.6666666666666666,
          "bucket_hit": 0.5555555555555556,
          "rank_avg": 2.6666666666666665
        },
        "UKMO": {
          "n": 9,
          "mae": 0.5359788359788351,
          "bias": 0.28888888888888864,
          "hit_1c": 0.7777777777777778,
          "bucket_hit": 0.6666666666666666,
          "rank_avg": 3.0
        },
        "ECMWF": {
          "n": 9,
          "mae": 0.6102513227513232,
          "bias": 0.5430555555555556,
          "hit_1c": 0.6666666666666666,
          "bucket_hit": 0.5555555555555556,
          "rank_avg": 3.3333333333333335
        }
      },
      "consensus": {
        "n": 9,
        "mae": 0.5421428571428576,
        "bias": 0.07166666666666623,
        "hit_1c": 0.8888888888888888,
        "bucket_hit": 0.5555555555555556,
        "rank_avg": null
      },
      "days_measured": 9
    },
    "paris": {
      "models": {
        "MeteoFrance": {
          "n": 10,
          "mae": 0.5876190476190475,
          "bias": 0.3166666666666666,
          "hit_1c": 0.9,
          "bucket_hit": 0.5,
          "rank_avg": 3.0
        },
        "ICON": {
          "n": 10,
          "mae": 0.3873412698412695,
          "bias": -0.0855555555555556,
          "hit_1c": 1.0,
          "bucket_hit": 0.8,
          "rank_avg": 2.2
        },
        "GFS": {
          "n": 10,
          "mae": 1.0275,
          "bias": -0.9400000000000001,
          "hit_1c": 0.6,
          "bucket_hit": 0.3,
          "rank_avg": 3.5
        },
        "UKMO": {
          "n": 10,
          "mae": 0.4838095238095246,
          "bias": -0.19000000000000022,
          "hit_1c": 1.0,
          "bucket_hit": 0.5,
          "rank_avg": 2.8
        },
        "ECMWF": {
          "n": 10,
          "mae": 0.8603571428571428,
          "bias": -0.6,
          "hit_1c": 0.7,
          "bucket_hit": 0.3,
          "rank_avg": 3.5
        }
      },
      "consensus": {
        "n": 10,
        "mae": 0.4214920634920631,
        "bias": -0.25727777777777733,
        "hit_1c": 1.0,
        "bucket_hit": 0.5,
        "rank_avg": null
      },
      "days_measured": 10
    }
  },
  "global": {
    "models": {
      "MeteoFrance": {
        "n": 19,
        "mae": 0.6160401002506264,
        "bias": 0.050877192982456146,
        "hit_1c": 0.8421052631578947,
        "bucket_hit": 0.47368421052631576,
        "rank_avg": 2.8947368421052633
      },
      "ICON": {
        "n": 19,
        "mae": 0.4922096908939015,
        "bias": -0.10555555555555579,
        "hit_1c": 0.8947368421052632,
        "bucket_hit": 0.5789473684210527,
        "rank_avg": 2.6842105263157894
      },
      "GFS": {
        "n": 19,
        "mae": 0.8446428571428573,
        "bias": -0.542763157894737,
        "hit_1c": 0.631578947368421,
        "bucket_hit": 0.42105263157894735,
        "rank_avg": 3.1052631578947367
      },
      "UKMO": {
        "n": 19,
        "mae": 0.5085213032581454,
        "bias": 0.03684210526315767,
        "hit_1c": 0.8947368421052632,
        "bucket_hit": 0.5789473684210527,
        "rank_avg": 2.8947368421052633
      },
      "ECMWF": {
        "n": 19,
        "mae": 0.7418859649122809,
        "bias": -0.058552631578947315,
        "hit_1c": 0.6842105263157895,
        "bucket_hit": 0.42105263157894735,
        "rank_avg": 3.4210526315789473
      }
    },
    "consensus": {
      "n": 19,
      "mae": 0.4786424394319131,
      "bias": -0.10146198830409353,
      "hit_1c": 0.9473684210526315,
      "bucket_hit": 0.5263157894736842,
      "rank_avg": null
    },
    "days_measured": 19
  },
  "last_update": "2026-04-28T01:37:43.714089+03:00",
  "hit_window_c": 1.0
}