{
  "per_city": {
    "london": {
      "models": {
        "MeteoFrance": {
          "n": 11,
          "mae": 0.6566893217893214,
          "bias": -0.3330818181818183,
          "hit_1c": 0.8181818181818182,
          "bucket_hit": 0.36363636363636365,
          "rank_avg": 3.3636363636363638
        },
        "ICON": {
          "n": 11,
          "mae": 0.6132474025974027,
          "bias": -0.13871363636363637,
          "hit_1c": 0.9090909090909091,
          "bucket_hit": 0.36363636363636365,
          "rank_avg": 3.4545454545454546
        },
        "GFS": {
          "n": 11,
          "mae": 0.521093116883117,
          "bias": -0.22791909090909115,
          "hit_1c": 0.8181818181818182,
          "bucket_hit": 0.6363636363636364,
          "rank_avg": 2.6363636363636362
        },
        "UKMO": {
          "n": 11,
          "mae": 0.5041643001442995,
          "bias": 0.209074545454545,
          "hit_1c": 0.9090909090909091,
          "bucket_hit": 0.7272727272727273,
          "rank_avg": 2.909090909090909
        },
        "ECMWF": {
          "n": 11,
          "mae": 0.46507572871572833,
          "bias": 0.3456581818181819,
          "hit_1c": 0.8181818181818182,
          "bucket_hit": 0.6363636363636364,
          "rank_avg": 2.6363636363636362
        }
      },
      "consensus": {
        "n": 11,
        "mae": 0.4458708225108221,
        "bias": -0.02899636363636385,
        "hit_1c": 1.0,
        "bucket_hit": 0.6363636363636364,
        "rank_avg": null
      },
      "days_measured": 11
    },
    "paris": {
      "models": {
        "MeteoFrance": {
          "n": 10,
          "mae": 0.46801738095238116,
          "bias": 0.3570650000000004,
          "hit_1c": 0.9,
          "bucket_hit": 0.7,
          "rank_avg": 2.6
        },
        "ICON": {
          "n": 10,
          "mae": 0.32998982539682514,
          "bias": -0.04769299999999958,
          "hit_1c": 1.0,
          "bucket_hit": 0.8,
          "rank_avg": 2.3
        },
        "GFS": {
          "n": 10,
          "mae": 1.084554,
          "bias": -0.7690539999999999,
          "hit_1c": 0.4,
          "bucket_hit": 0.2,
          "rank_avg": 4.2
        },
        "UKMO": {
          "n": 10,
          "mae": 0.4412105238095251,
          "bias": 0.12138100000000022,
          "hit_1c": 1.0,
          "bucket_hit": 0.5,
          "rank_avg": 2.9
        },
        "ECMWF": {
          "n": 10,
          "mae": 0.5547071428571428,
          "bias": -0.20435000000000017,
          "hit_1c": 0.9,
          "bucket_hit": 0.7,
          "rank_avg": 3.0
        }
      },
      "consensus": {
        "n": 10,
        "mae": 0.40470004126984127,
        "bias": -0.10853020000000022,
        "hit_1c": 1.0,
        "bucket_hit": 0.4,
        "rank_avg": null
      },
      "days_measured": 10
    }
  },
  "global": {
    "models": {
      "MeteoFrance": {
        "n": 21,
        "mae": 0.5668455404383975,
        "bias": -0.004440476190476076,
        "hit_1c": 0.8571428571428571,
        "bucket_hit": 0.5238095238095238,
        "rank_avg": 3.0
      },
      "ICON": {
        "n": 21,
        "mae": 0.4783628420256991,
        "bias": -0.095370476190476,
        "hit_1c": 0.9523809523809523,
        "bucket_hit": 0.5714285714285714,
        "rank_avg": 2.9047619047619047
      },
      "GFS": {
        "n": 21,
        "mae": 0.7894078231292518,
        "bias": -0.485602380952381,
        "hit_1c": 0.6190476190476191,
        "bucket_hit": 0.42857142857142855,
        "rank_avg": 3.380952380952381
      },
      "UKMO": {
        "n": 21,
        "mae": 0.47418631141345446,
        "bias": 0.16731571428571415,
        "hit_1c": 0.9523809523809523,
        "bucket_hit": 0.6190476190476191,
        "rank_avg": 2.9047619047619047
      },
      "ECMWF": {
        "n": 21,
        "mae": 0.5077573544973543,
        "bias": 0.08374952380952379,
        "hit_1c": 0.8571428571428571,
        "bucket_hit": 0.6666666666666666,
        "rank_avg": 2.8095238095238093
      }
    },
    "consensus": {
      "n": 21,
      "mae": 0.4262656885865455,
      "bias": -0.06686961904761926,
      "hit_1c": 1.0,
      "bucket_hit": 0.5238095238095238,
      "rank_avg": null
    },
    "days_measured": 21
  },
  "last_update": "2026-05-02T12:38:11.627302+03:00",
  "hit_window_c": 1.0
}