{
  "per_city": {
    "london": {
      "models": {
        "MeteoFrance": {
          "n": 11,
          "mae": 1.176848122643684,
          "bias": -0.26834286268222224,
          "hit_1c": 0.45454545454545453,
          "bucket_hit": 0.2727272727272727,
          "rank_avg": 4.0
        },
        "ICON": {
          "n": 11,
          "mae": 0.631690711350481,
          "bias": -0.42936523772981805,
          "hit_1c": 0.8181818181818182,
          "bucket_hit": 0.45454545454545453,
          "rank_avg": 2.5454545454545454
        },
        "GFS": {
          "n": 11,
          "mae": 1.0478446562533237,
          "bias": -0.2764030529730784,
          "hit_1c": 0.36363636363636365,
          "bucket_hit": 0.2727272727272727,
          "rank_avg": 3.3636363636363638
        },
        "UKMO": {
          "n": 11,
          "mae": 0.5125984055335718,
          "bias": -0.09709756899633604,
          "hit_1c": 0.7272727272727273,
          "bucket_hit": 0.7272727272727273,
          "rank_avg": 2.4545454545454546
        },
        "ECMWF": {
          "n": 11,
          "mae": 0.7276823915783452,
          "bias": 0.2341919833109329,
          "hit_1c": 0.8181818181818182,
          "bucket_hit": 0.5454545454545454,
          "rank_avg": 2.6363636363636362
        }
      },
      "consensus": {
        "n": 11,
        "mae": 0.7051858162854551,
        "bias": -0.16740334781410304,
        "hit_1c": 0.6363636363636364,
        "bucket_hit": 0.45454545454545453,
        "rank_avg": null
      },
      "days_measured": 11
    },
    "paris": {
      "models": {
        "MeteoFrance": {
          "n": 11,
          "mae": 0.7755243151219474,
          "bias": 0.6067643822910923,
          "hit_1c": 0.6363636363636364,
          "bucket_hit": 0.45454545454545453,
          "rank_avg": 3.727272727272727
        },
        "ICON": {
          "n": 11,
          "mae": 0.28298067905270924,
          "bias": 0.13549219058647452,
          "hit_1c": 1.0,
          "bucket_hit": 0.9090909090909091,
          "rank_avg": 1.6363636363636365
        },
        "GFS": {
          "n": 11,
          "mae": 0.7044389109210226,
          "bias": -0.6016312495119022,
          "hit_1c": 0.7272727272727273,
          "bucket_hit": 0.36363636363636365,
          "rank_avg": 3.727272727272727
        },
        "UKMO": {
          "n": 11,
          "mae": 0.46326048730177954,
          "bias": 0.20176691230994334,
          "hit_1c": 0.9090909090909091,
          "bucket_hit": 0.7272727272727273,
          "rank_avg": 2.4545454545454546
        },
        "ECMWF": {
          "n": 11,
          "mae": 0.80052141274663,
          "bias": -0.6256884775078034,
          "hit_1c": 0.6363636363636364,
          "bucket_hit": 0.36363636363636365,
          "rank_avg": 3.4545454545454546
        }
      },
      "consensus": {
        "n": 11,
        "mae": 0.2502958747590789,
        "bias": -0.056659248366438805,
        "hit_1c": 1.0,
        "bucket_hit": 0.8181818181818182,
        "rank_avg": null
      },
      "days_measured": 11
    }
  },
  "global": {
    "models": {
      "MeteoFrance": {
        "n": 22,
        "mae": 0.9761862188828156,
        "bias": 0.169210759804435,
        "hit_1c": 0.5454545454545454,
        "bucket_hit": 0.36363636363636365,
        "rank_avg": 3.8636363636363638
      },
      "ICON": {
        "n": 22,
        "mae": 0.4573356952015951,
        "bias": -0.14693652357167178,
        "hit_1c": 0.9090909090909091,
        "bucket_hit": 0.6818181818181818,
        "rank_avg": 2.090909090909091
      },
      "GFS": {
        "n": 22,
        "mae": 0.8761417835871732,
        "bias": -0.4390171512424903,
        "hit_1c": 0.5454545454545454,
        "bucket_hit": 0.3181818181818182,
        "rank_avg": 3.5454545454545454
      },
      "UKMO": {
        "n": 22,
        "mae": 0.4879294464176757,
        "bias": 0.05233467165680365,
        "hit_1c": 0.8181818181818182,
        "bucket_hit": 0.7272727272727273,
        "rank_avg": 2.4545454545454546
      },
      "ECMWF": {
        "n": 22,
        "mae": 0.7641019021624877,
        "bias": -0.19574824709843525,
        "hit_1c": 0.7272727272727273,
        "bucket_hit": 0.45454545454545453,
        "rank_avg": 3.0454545454545454
      }
    },
    "consensus": {
      "n": 22,
      "mae": 0.477740845522267,
      "bias": -0.11203129809027092,
      "hit_1c": 0.8181818181818182,
      "bucket_hit": 0.6363636363636364,
      "rank_avg": null
    },
    "days_measured": 22
  },
  "last_update": "2026-05-28T05:03:11.944120+03:00",
  "hit_window_c": 1.0
}