{
  "per_city": {
    "london": {
      "models": {
        "MeteoFrance": {
          "n": 11,
          "mae": 0.8964115634073075,
          "bias": 0.05948161949472144,
          "hit_1c": 0.6363636363636364,
          "bucket_hit": 0.45454545454545453,
          "rank_avg": 3.5454545454545454
        },
        "ICON": {
          "n": 11,
          "mae": 0.4935437145753948,
          "bias": -0.27530882669767043,
          "hit_1c": 0.9090909090909091,
          "bucket_hit": 0.5454545454545454,
          "rank_avg": 2.6363636363636362
        },
        "GFS": {
          "n": 11,
          "mae": 0.9091778375747442,
          "bias": -0.06310650574508549,
          "hit_1c": 0.5454545454545454,
          "bucket_hit": 0.45454545454545453,
          "rank_avg": 3.3636363636363638
        },
        "UKMO": {
          "n": 11,
          "mae": 0.31983547210553004,
          "bias": 0.12546807801696727,
          "hit_1c": 0.9090909090909091,
          "bucket_hit": 0.8181818181818182,
          "rank_avg": 2.1818181818181817
        },
        "ECMWF": {
          "n": 11,
          "mae": 0.7398897830546987,
          "bias": 0.3634419387737473,
          "hit_1c": 0.7272727272727273,
          "bucket_hit": 0.5454545454545454,
          "rank_avg": 3.272727272727273
        }
      },
      "consensus": {
        "n": 11,
        "mae": 0.5026165436936462,
        "bias": 0.04199526076853679,
        "hit_1c": 0.8181818181818182,
        "bucket_hit": 0.6363636363636364,
        "rank_avg": null
      },
      "days_measured": 11
    },
    "paris": {
      "models": {
        "MeteoFrance": {
          "n": 11,
          "mae": 0.8090511885055108,
          "bias": 0.7169463915854988,
          "hit_1c": 0.6363636363636364,
          "bucket_hit": 0.36363636363636365,
          "rank_avg": 3.727272727272727
        },
        "ICON": {
          "n": 11,
          "mae": 0.3067267583520396,
          "bias": 0.10983178980238086,
          "hit_1c": 1.0,
          "bucket_hit": 0.9090909090909091,
          "rank_avg": 1.7272727272727273
        },
        "GFS": {
          "n": 11,
          "mae": 0.7670261251229925,
          "bias": -0.6320544130320868,
          "hit_1c": 0.7272727272727273,
          "bucket_hit": 0.2727272727272727,
          "rank_avg": 3.727272727272727
        },
        "UKMO": {
          "n": 11,
          "mae": 0.4612930861976538,
          "bias": 0.2867119423767278,
          "hit_1c": 0.9090909090909091,
          "bucket_hit": 0.7272727272727273,
          "rank_avg": 2.272727272727273
        },
        "ECMWF": {
          "n": 11,
          "mae": 0.8238849504520949,
          "bias": -0.5641004091414346,
          "hit_1c": 0.7272727272727273,
          "bucket_hit": 0.36363636363636365,
          "rank_avg": 3.5454545454545454
        }
      },
      "consensus": {
        "n": 11,
        "mae": 0.26232840115522277,
        "bias": -0.016532939681782176,
        "hit_1c": 1.0,
        "bucket_hit": 0.8181818181818182,
        "rank_avg": null
      },
      "days_measured": 11
    }
  },
  "global": {
    "models": {
      "MeteoFrance": {
        "n": 22,
        "mae": 0.8527313759564091,
        "bias": 0.38821400554011015,
        "hit_1c": 0.6363636363636364,
        "bucket_hit": 0.4090909090909091,
        "rank_avg": 3.6363636363636362
      },
      "ICON": {
        "n": 22,
        "mae": 0.40013523646371724,
        "bias": -0.0827385184476448,
        "hit_1c": 0.9545454545454546,
        "bucket_hit": 0.7272727272727273,
        "rank_avg": 2.1818181818181817
      },
      "GFS": {
        "n": 22,
        "mae": 0.8381019813488685,
        "bias": -0.3475804593885861,
        "hit_1c": 0.6363636363636364,
        "bucket_hit": 0.36363636363636365,
        "rank_avg": 3.5454545454545454
      },
      "UKMO": {
        "n": 22,
        "mae": 0.3905642791515919,
        "bias": 0.20609001019684756,
        "hit_1c": 0.9090909090909091,
        "bucket_hit": 0.7727272727272727,
        "rank_avg": 2.227272727272727
      },
      "ECMWF": {
        "n": 22,
        "mae": 0.7818873667533968,
        "bias": -0.10032923518384364,
        "hit_1c": 0.7272727272727273,
        "bucket_hit": 0.45454545454545453,
        "rank_avg": 3.409090909090909
      }
    },
    "consensus": {
      "n": 22,
      "mae": 0.38247247242443444,
      "bias": 0.012731160543377307,
      "hit_1c": 0.9090909090909091,
      "bucket_hit": 0.7272727272727273,
      "rank_avg": null
    },
    "days_measured": 22
  },
  "last_update": "2026-05-30T03:25:39.028033+03:00",
  "hit_window_c": 1.0
}