{
  "per_city": {
    "london": {
      "models": {
        "MeteoFrance": {
          "n": 5,
          "mae": 0.43999999999999984,
          "bias": -0.16000000000000014,
          "hit_1c": 1.0,
          "bucket_hit": 0.6,
          "rank_avg": 2.2
        },
        "ICON": {
          "n": 5,
          "mae": 0.5800000000000001,
          "bias": 0.21999999999999992,
          "hit_1c": 0.8,
          "bucket_hit": 0.4,
          "rank_avg": 3.2
        },
        "GFS": {
          "n": 5,
          "mae": 0.6399999999999999,
          "bias": -0.039999999999999855,
          "hit_1c": 0.6,
          "bucket_hit": 0.6,
          "rank_avg": 3.0
        },
        "UKMO": {
          "n": 5,
          "mae": 0.5799999999999997,
          "bias": 0.33999999999999986,
          "hit_1c": 0.8,
          "bucket_hit": 0.6,
          "rank_avg": 2.8
        },
        "ECMWF": {
          "n": 5,
          "mae": 0.7400000000000002,
          "bias": 0.7400000000000002,
          "hit_1c": 0.6,
          "bucket_hit": 0.4,
          "rank_avg": 3.8
        }
      },
      "consensus": {
        "n": 5,
        "mae": 0.4920000000000009,
        "bias": 0.22000000000000028,
        "hit_1c": 0.8,
        "bucket_hit": 0.6,
        "rank_avg": null
      },
      "days_measured": 5
    },
    "paris": {
      "models": {
        "MeteoFrance": {
          "n": 6,
          "mae": 0.6833333333333332,
          "bias": 0.41666666666666635,
          "hit_1c": 1.0,
          "bucket_hit": 0.3333333333333333,
          "rank_avg": 3.5
        },
        "ICON": {
          "n": 6,
          "mae": 0.2999999999999998,
          "bias": -0.06666666666666672,
          "hit_1c": 1.0,
          "bucket_hit": 1.0,
          "rank_avg": 1.5
        },
        "GFS": {
          "n": 6,
          "mae": 1.2499999999999998,
          "bias": -1.2499999999999998,
          "hit_1c": 0.5,
          "bucket_hit": 0.3333333333333333,
          "rank_avg": 3.3333333333333335
        },
        "UKMO": {
          "n": 6,
          "mae": 0.5000000000000006,
          "bias": -0.2333333333333337,
          "hit_1c": 1.0,
          "bucket_hit": 0.6666666666666666,
          "rank_avg": 2.6666666666666665
        },
        "ECMWF": {
          "n": 6,
          "mae": 1.0999999999999996,
          "bias": -1.0999999999999996,
          "hit_1c": 0.5,
          "bucket_hit": 0.0,
          "rank_avg": 4.0
        }
      },
      "consensus": {
        "n": 6,
        "mae": 0.3891666666666662,
        "bias": -0.3758333333333332,
        "hit_1c": 1.0,
        "bucket_hit": 0.6666666666666666,
        "rank_avg": null
      },
      "days_measured": 6
    }
  },
  "global": {
    "models": {
      "MeteoFrance": {
        "n": 11,
        "mae": 0.5727272727272726,
        "bias": 0.15454545454545432,
        "hit_1c": 1.0,
        "bucket_hit": 0.45454545454545453,
        "rank_avg": 2.909090909090909
      },
      "ICON": {
        "n": 11,
        "mae": 0.4272727272727272,
        "bias": 0.06363636363636357,
        "hit_1c": 0.9090909090909091,
        "bucket_hit": 0.7272727272727273,
        "rank_avg": 2.272727272727273
      },
      "GFS": {
        "n": 11,
        "mae": 0.9727272727272726,
        "bias": -0.6999999999999997,
        "hit_1c": 0.5454545454545454,
        "bucket_hit": 0.45454545454545453,
        "rank_avg": 3.1818181818181817
      },
      "UKMO": {
        "n": 11,
        "mae": 0.5363636363636366,
        "bias": 0.027272727272727015,
        "hit_1c": 0.9090909090909091,
        "bucket_hit": 0.6363636363636364,
        "rank_avg": 2.727272727272727
      },
      "ECMWF": {
        "n": 11,
        "mae": 0.9363636363636363,
        "bias": -0.26363636363636334,
        "hit_1c": 0.5454545454545454,
        "bucket_hit": 0.18181818181818182,
        "rank_avg": 3.909090909090909
      }
    },
    "consensus": {
      "n": 11,
      "mae": 0.4359090909090911,
      "bias": -0.10499999999999977,
      "hit_1c": 0.9090909090909091,
      "bucket_hit": 0.6363636363636364,
      "rank_avg": null
    },
    "days_measured": 11
  },
  "last_update": "2026-04-24T01:57:51.772536+03:00",
  "hit_window_c": 1.0
}