{
  "per_city": {
    "london": {
      "models": {
        "MeteoFrance": {
          "n": 13,
          "mae": 1.0003717200144933,
          "bias": 0.43224275353640695,
          "hit_1c": 0.46153846153846156,
          "bucket_hit": 0.3076923076923077,
          "rank_avg": 3.4615384615384617
        },
        "ICON": {
          "n": 13,
          "mae": 0.8241385468015342,
          "bias": 0.2243777640649293,
          "hit_1c": 0.6923076923076923,
          "bucket_hit": 0.38461538461538464,
          "rank_avg": 3.076923076923077
        },
        "GFS": {
          "n": 13,
          "mae": 0.9573331812951421,
          "bias": 0.051621004772647354,
          "hit_1c": 0.7692307692307693,
          "bucket_hit": 0.3076923076923077,
          "rank_avg": 3.230769230769231
        },
        "UKMO": {
          "n": 13,
          "mae": 0.7036554625897999,
          "bias": 0.16574804253811196,
          "hit_1c": 0.6923076923076923,
          "bucket_hit": 0.38461538461538464,
          "rank_avg": 2.0
        },
        "ECMWF": {
          "n": 13,
          "mae": 0.921300994233804,
          "bias": 0.14094999825409674,
          "hit_1c": 0.5384615384615384,
          "bucket_hit": 0.38461538461538464,
          "rank_avg": 3.230769230769231
        }
      },
      "consensus": {
        "n": 13,
        "mae": 0.7978394879778907,
        "bias": 0.20298791263323857,
        "hit_1c": 0.7692307692307693,
        "bucket_hit": 0.46153846153846156,
        "rank_avg": null
      },
      "days_measured": 13
    },
    "paris": {
      "models": {
        "MeteoFrance": {
          "n": 14,
          "mae": 0.6144127739405797,
          "bias": 0.18263783284581742,
          "hit_1c": 0.7857142857142857,
          "bucket_hit": 0.5,
          "rank_avg": 2.857142857142857
        },
        "ICON": {
          "n": 14,
          "mae": 0.5214137426641042,
          "bias": -0.303896336698222,
          "hit_1c": 0.8571428571428571,
          "bucket_hit": 0.7142857142857143,
          "rank_avg": 2.5
        },
        "GFS": {
          "n": 14,
          "mae": 0.8581699013385485,
          "bias": -0.12001373113697524,
          "hit_1c": 0.6428571428571429,
          "bucket_hit": 0.42857142857142855,
          "rank_avg": 3.2857142857142856
        },
        "UKMO": {
          "n": 14,
          "mae": 0.5169865677568403,
          "bias": -0.4005206287142386,
          "hit_1c": 0.7142857142857143,
          "bucket_hit": 0.6428571428571429,
          "rank_avg": 2.4285714285714284
        },
        "ECMWF": {
          "n": 14,
          "mae": 0.9456953544651673,
          "bias": -0.6514112780621906,
          "hit_1c": 0.6428571428571429,
          "bucket_hit": 0.35714285714285715,
          "rank_avg": 3.9285714285714284
        }
      },
      "consensus": {
        "n": 14,
        "mae": 0.5484982573699061,
        "bias": -0.2586408283531618,
        "hit_1c": 0.8571428571428571,
        "bucket_hit": 0.5,
        "rank_avg": null
      },
      "days_measured": 14
    }
  },
  "global": {
    "models": {
      "MeteoFrance": {
        "n": 27,
        "mae": 0.8002448590872788,
        "bias": 0.30281797984499015,
        "hit_1c": 0.6296296296296297,
        "bucket_hit": 0.4074074074074074,
        "rank_avg": 3.1481481481481484
      },
      "ICON": {
        "n": 27,
        "mae": 0.6671701298413852,
        "bias": -0.04954214003448249,
        "hit_1c": 0.7777777777777778,
        "bucket_hit": 0.5555555555555556,
        "rank_avg": 2.7777777777777777
      },
      "GFS": {
        "n": 27,
        "mae": 0.9059151842806119,
        "bias": -0.037374784217527324,
        "hit_1c": 0.7037037037037037,
        "bucket_hit": 0.37037037037037035,
        "rank_avg": 3.259259259259259
      },
      "UKMO": {
        "n": 27,
        "mae": 0.6068641837875246,
        "bias": -0.12787274996310685,
        "hit_1c": 0.7037037037037037,
        "bucket_hit": 0.5185185185185185,
        "rank_avg": 2.2222222222222223
      },
      "ECMWF": {
        "n": 27,
        "mae": 0.9339499217611776,
        "bias": -0.26990399687286704,
        "hit_1c": 0.5925925925925926,
        "bucket_hit": 0.37037037037037035,
        "rank_avg": 3.5925925925925926
      }
    },
    "consensus": {
      "n": 27,
      "mae": 0.6685514424774541,
      "bias": -0.03637513824859867,
      "hit_1c": 0.8148148148148148,
      "bucket_hit": 0.48148148148148145,
      "rank_avg": null
    },
    "days_measured": 27
  },
  "last_update": "2026-05-15T01:01:49.889487+03:00",
  "hit_window_c": 1.0
}