{
  "per_city": {
    "london": {
      "models": {
        "MeteoFrance": {
          "n": 10,
          "mae": 1.2061824798248755,
          "bias": -0.24912252602260915,
          "hit_1c": 0.4,
          "bucket_hit": 0.3,
          "rank_avg": 3.9
        },
        "ICON": {
          "n": 10,
          "mae": 0.581942636792362,
          "bias": -0.39923076976204064,
          "hit_1c": 0.9,
          "bucket_hit": 0.4,
          "rank_avg": 2.6
        },
        "GFS": {
          "n": 10,
          "mae": 0.9854415982860549,
          "bias": -0.13685583467778512,
          "hit_1c": 0.4,
          "bucket_hit": 0.2,
          "rank_avg": 3.2
        },
        "UKMO": {
          "n": 10,
          "mae": 0.5351244346144547,
          "bias": -0.20781615022269334,
          "hit_1c": 0.7,
          "bucket_hit": 0.7,
          "rank_avg": 2.3
        },
        "ECMWF": {
          "n": 10,
          "mae": 0.7996954739509,
          "bias": 0.34262869263816215,
          "hit_1c": 0.8,
          "bucket_hit": 0.5,
          "rank_avg": 3.0
        }
      },
      "consensus": {
        "n": 10,
        "mae": 0.715624169406001,
        "bias": -0.13007931760939223,
        "hit_1c": 0.6,
        "bucket_hit": 0.5,
        "rank_avg": null
      },
      "days_measured": 10
    },
    "paris": {
      "models": {
        "MeteoFrance": {
          "n": 11,
          "mae": 0.7018282538719103,
          "bias": 0.5330683210410552,
          "hit_1c": 0.6363636363636364,
          "bucket_hit": 0.5454545454545454,
          "rank_avg": 3.4545454545454546
        },
        "ICON": {
          "n": 11,
          "mae": 0.23469207059379632,
          "bias": 0.08720358212756162,
          "hit_1c": 1.0,
          "bucket_hit": 1.0,
          "rank_avg": 1.5454545454545454
        },
        "GFS": {
          "n": 11,
          "mae": 0.6686060287643649,
          "bias": -0.5657983673552445,
          "hit_1c": 0.7272727272727273,
          "bucket_hit": 0.45454545454545453,
          "rank_avg": 3.6363636363636362
        },
        "UKMO": {
          "n": 11,
          "mae": 0.4426682764557235,
          "bias": 0.18117470146388728,
          "hit_1c": 0.9090909090909091,
          "bucket_hit": 0.7272727272727273,
          "rank_avg": 2.5454545454545454
        },
        "ECMWF": {
          "n": 11,
          "mae": 0.8348374032683851,
          "bias": -0.6600044680295585,
          "hit_1c": 0.6363636363636364,
          "bucket_hit": 0.2727272727272727,
          "rank_avg": 3.8181818181818183
        }
      },
      "consensus": {
        "n": 11,
        "mae": 0.2537957163404563,
        "bias": -0.08487124615045939,
        "hit_1c": 1.0,
        "bucket_hit": 0.8181818181818182,
        "rank_avg": null
      },
      "days_measured": 11
    }
  },
  "global": {
    "models": {
      "MeteoFrance": {
        "n": 21,
        "mae": 0.9419969328971317,
        "bias": 0.16059648910597693,
        "hit_1c": 0.5238095238095238,
        "bucket_hit": 0.42857142857142855,
        "rank_avg": 3.6666666666666665
      },
      "ICON": {
        "n": 21,
        "mae": 0.4000494830693038,
        "bias": -0.14443182353415374,
        "hit_1c": 0.9523809523809523,
        "bucket_hit": 0.7142857142857143,
        "rank_avg": 2.0476190476190474
      },
      "GFS": {
        "n": 21,
        "mae": 0.8194801094889793,
        "bias": -0.3615400184612162,
        "hit_1c": 0.5714285714285714,
        "bucket_hit": 0.3333333333333333,
        "rank_avg": 3.4285714285714284
      },
      "UKMO": {
        "n": 21,
        "mae": 0.4866950184360717,
        "bias": -0.004059037434484446,
        "hit_1c": 0.8095238095238095,
        "bucket_hit": 0.7142857142857143,
        "rank_avg": 2.4285714285714284
      },
      "ECMWF": {
        "n": 21,
        "mae": 0.8181031512124399,
        "bias": -0.18256010580683435,
        "hit_1c": 0.7142857142857143,
        "bucket_hit": 0.38095238095238093,
        "rank_avg": 3.4285714285714284
      }
    },
    "consensus": {
      "n": 21,
      "mae": 0.47371402732404905,
      "bias": -0.1063988992261417,
      "hit_1c": 0.8095238095238095,
      "bucket_hit": 0.6666666666666666,
      "rank_avg": null
    },
    "days_measured": 21
  },
  "last_update": "2026-05-27T01:42:32.378420+03:00",
  "hit_window_c": 1.0
}