{
  "per_city": {
    "london": {
      "models": {
        "MeteoFrance": {
          "n": 12,
          "mae": 0.6929736701926782,
          "bias": -0.09213623841723055,
          "hit_1c": 0.75,
          "bucket_hit": 0.4166666666666667,
          "rank_avg": 3.0833333333333335
        },
        "ICON": {
          "n": 12,
          "mae": 0.7070666711387791,
          "bias": -0.051731154520410584,
          "hit_1c": 0.8333333333333334,
          "bucket_hit": 0.4166666666666667,
          "rank_avg": 3.5
        },
        "GFS": {
          "n": 12,
          "mae": 0.6352737862688275,
          "bias": -0.015164663160531186,
          "hit_1c": 0.8333333333333334,
          "bucket_hit": 0.5833333333333334,
          "rank_avg": 2.9166666666666665
        },
        "UKMO": {
          "n": 12,
          "mae": 0.5401731742056528,
          "bias": 0.16830202854996212,
          "hit_1c": 0.8333333333333334,
          "bucket_hit": 0.6666666666666666,
          "rank_avg": 2.8333333333333335
        },
        "ECMWF": {
          "n": 12,
          "mae": 0.5316095156603415,
          "bias": 0.18185825194089636,
          "hit_1c": 0.75,
          "bucket_hit": 0.5833333333333334,
          "rank_avg": 2.6666666666666665
        }
      },
      "consensus": {
        "n": 12,
        "mae": 0.5312641467806749,
        "bias": 0.03822564487853697,
        "hit_1c": 0.9166666666666666,
        "bucket_hit": 0.5833333333333334,
        "rank_avg": null
      },
      "days_measured": 12
    },
    "paris": {
      "models": {
        "MeteoFrance": {
          "n": 11,
          "mae": 0.4226600977034487,
          "bias": 0.1440577829383239,
          "hit_1c": 0.9090909090909091,
          "bucket_hit": 0.7272727272727273,
          "rank_avg": 2.3636363636363638
        },
        "ICON": {
          "n": 11,
          "mae": 0.37200332941955755,
          "bias": -0.16991530633153443,
          "hit_1c": 1.0,
          "bucket_hit": 0.7272727272727273,
          "rank_avg": 2.4545454545454546
        },
        "GFS": {
          "n": 11,
          "mae": 1.0029132572911685,
          "bias": -0.46189741137900403,
          "hit_1c": 0.45454545454545453,
          "bucket_hit": 0.18181818181818182,
          "rank_avg": 4.181818181818182
        },
        "UKMO": {
          "n": 11,
          "mae": 0.5109338967218616,
          "bias": -0.14494160234956607,
          "hit_1c": 0.8181818181818182,
          "bucket_hit": 0.45454545454545453,
          "rank_avg": 2.8181818181818183
        },
        "ECMWF": {
          "n": 11,
          "mae": 0.5228436289480615,
          "bias": -0.20433713544156812,
          "hit_1c": 0.9090909090909091,
          "bucket_hit": 0.7272727272727273,
          "rank_avg": 3.1818181818181817
        }
      },
      "consensus": {
        "n": 11,
        "mae": 0.4293793174852528,
        "bias": -0.16740673451266988,
        "hit_1c": 0.9090909090909091,
        "bucket_hit": 0.45454545454545453,
        "rank_avg": null
      },
      "days_measured": 11
    }
  },
  "global": {
    "models": {
      "MeteoFrance": {
        "n": 23,
        "mae": 0.563693265958699,
        "bias": 0.020826119622382445,
        "hit_1c": 0.8260869565217391,
        "bucket_hit": 0.5652173913043478,
        "rank_avg": 2.739130434782609
      },
      "ICON": {
        "n": 23,
        "mae": 0.5468189859687166,
        "bias": -0.10825400973442634,
        "hit_1c": 0.9130434782608695,
        "bucket_hit": 0.5652173913043478,
        "rank_avg": 3.0
      },
      "GFS": {
        "n": 23,
        "mae": 0.8111013593664688,
        "bias": -0.22881945578675733,
        "hit_1c": 0.6521739130434783,
        "bucket_hit": 0.391304347826087,
        "rank_avg": 3.5217391304347827
      },
      "UKMO": {
        "n": 23,
        "mae": 0.5261891719307962,
        "bias": 0.018489857250187768,
        "hit_1c": 0.8260869565217391,
        "bucket_hit": 0.5652173913043478,
        "rank_avg": 2.8260869565217392
      },
      "ECMWF": {
        "n": 23,
        "mae": 0.5274171350588163,
        "bias": -0.0028438898507170793,
        "hit_1c": 0.8260869565217391,
        "bucket_hit": 0.6521739130434783,
        "rank_avg": 2.9130434782608696
      }
    },
    "consensus": {
      "n": 23,
      "mae": 0.4825366197263426,
      "bias": -0.06012027569986631,
      "hit_1c": 0.9130434782608695,
      "bucket_hit": 0.5217391304347826,
      "rank_avg": null
    },
    "days_measured": 23
  },
  "last_update": "2026-05-05T14:36:48.311457+03:00",
  "hit_window_c": 1.0
}