{
  "per_city": {
    "london": {
      "models": {
        "MeteoFrance": {
          "n": 13,
          "mae": 1.0163844996304237,
          "bias": 0.16986509268037453,
          "hit_1c": 0.46153846153846156,
          "bucket_hit": 0.3076923076923077,
          "rank_avg": 3.5384615384615383
        },
        "ICON": {
          "n": 13,
          "mae": 0.7174000139681808,
          "bias": 0.07138447229121028,
          "hit_1c": 0.7692307692307693,
          "bucket_hit": 0.38461538461538464,
          "rank_avg": 3.0
        },
        "GFS": {
          "n": 13,
          "mae": 0.8243326359652724,
          "bias": -0.13227361921521877,
          "hit_1c": 0.7692307692307693,
          "bucket_hit": 0.3076923076923077,
          "rank_avg": 2.923076923076923
        },
        "UKMO": {
          "n": 13,
          "mae": 0.723583721617204,
          "bias": -0.08321814388666414,
          "hit_1c": 0.6153846153846154,
          "bucket_hit": 0.38461538461538464,
          "rank_avg": 2.076923076923077
        },
        "ECMWF": {
          "n": 13,
          "mae": 1.0052131731751568,
          "bias": 0.026165414282383007,
          "hit_1c": 0.6153846153846154,
          "bucket_hit": 0.3076923076923077,
          "rank_avg": 3.4615384615384617
        }
      },
      "consensus": {
        "n": 13,
        "mae": 0.7727611610316748,
        "bias": 0.010384643230417477,
        "hit_1c": 0.7692307692307693,
        "bucket_hit": 0.46153846153846156,
        "rank_avg": null
      },
      "days_measured": 13
    },
    "paris": {
      "models": {
        "MeteoFrance": {
          "n": 12,
          "mae": 0.6325464822456587,
          "bias": 0.253630126283151,
          "hit_1c": 0.75,
          "bucket_hit": 0.5,
          "rank_avg": 3.1666666666666665
        },
        "ICON": {
          "n": 12,
          "mae": 0.49948011048070223,
          "bias": -0.31052876816619895,
          "hit_1c": 0.8333333333333334,
          "bucket_hit": 0.75,
          "rank_avg": 2.5833333333333335
        },
        "GFS": {
          "n": 12,
          "mae": 0.5967934417641333,
          "bias": -0.3622753371782827,
          "hit_1c": 0.8333333333333334,
          "bucket_hit": 0.6666666666666666,
          "rank_avg": 3.1666666666666665
        },
        "UKMO": {
          "n": 12,
          "mae": 0.4085100119174645,
          "bias": -0.32168362618841134,
          "hit_1c": 0.8333333333333334,
          "bucket_hit": 0.75,
          "rank_avg": 2.0833333333333335
        },
        "ECMWF": {
          "n": 12,
          "mae": 0.9732882253441205,
          "bias": -0.6973463254475756,
          "hit_1c": 0.5833333333333334,
          "bucket_hit": 0.25,
          "rank_avg": 4.0
        }
      },
      "consensus": {
        "n": 12,
        "mae": 0.5145733309068862,
        "bias": -0.287640786139463,
        "hit_1c": 0.9166666666666666,
        "bucket_hit": 0.5833333333333334,
        "rank_avg": null
      },
      "days_measured": 12
    }
  },
  "global": {
    "models": {
      "MeteoFrance": {
        "n": 25,
        "mae": 0.8321422512857366,
        "bias": 0.21007230880970723,
        "hit_1c": 0.6,
        "bucket_hit": 0.4,
        "rank_avg": 3.36
      },
      "ICON": {
        "n": 25,
        "mae": 0.612798460294191,
        "bias": -0.11193388312834614,
        "hit_1c": 0.8,
        "bucket_hit": 0.56,
        "rank_avg": 2.8
      },
      "GFS": {
        "n": 25,
        "mae": 0.7151138227487257,
        "bias": -0.24267444383748946,
        "hit_1c": 0.8,
        "bucket_hit": 0.48,
        "rank_avg": 3.04
      },
      "UKMO": {
        "n": 25,
        "mae": 0.572348340961329,
        "bias": -0.1976815753915028,
        "hit_1c": 0.72,
        "bucket_hit": 0.56,
        "rank_avg": 2.08
      },
      "ECMWF": {
        "n": 25,
        "mae": 0.9898891982162595,
        "bias": -0.3211202207879971,
        "hit_1c": 0.6,
        "bucket_hit": 0.28,
        "rank_avg": 3.72
      }
    },
    "consensus": {
      "n": 25,
      "mae": 0.6488310025717763,
      "bias": -0.13266756286712514,
      "hit_1c": 0.84,
      "bucket_hit": 0.52,
      "rank_avg": null
    },
    "days_measured": 25
  },
  "last_update": "2026-05-18T14:11:54.180204+03:00",
  "hit_window_c": 1.0
}