{
  "per_city": {
    "london": {
      "models": {
        "MeteoFrance": {
          "n": 11,
          "mae": 0.7107927593598042,
          "bias": 0.31145207983730605,
          "hit_1c": 0.7272727272727273,
          "bucket_hit": 0.36363636363636365,
          "rank_avg": 3.4545454545454546
        },
        "ICON": {
          "n": 11,
          "mae": 0.6608385953368283,
          "bias": 0.2720201881242064,
          "hit_1c": 0.9090909090909091,
          "bucket_hit": 0.45454545454545453,
          "rank_avg": 3.4545454545454546
        },
        "GFS": {
          "n": 11,
          "mae": 0.6482449864059645,
          "bias": 0.15939319908393623,
          "hit_1c": 0.9090909090909091,
          "bucket_hit": 0.5454545454545454,
          "rank_avg": 3.1818181818181817
        },
        "UKMO": {
          "n": 11,
          "mae": 0.53036814543655,
          "bias": 0.20592403977932314,
          "hit_1c": 0.9090909090909091,
          "bucket_hit": 0.5454545454545454,
          "rank_avg": 2.5454545454545454
        },
        "ECMWF": {
          "n": 11,
          "mae": 0.5209403399318039,
          "bias": 0.19437186176167354,
          "hit_1c": 0.8181818181818182,
          "bucket_hit": 0.5454545454545454,
          "rank_avg": 2.3636363636363638
        }
      },
      "consensus": {
        "n": 11,
        "mae": 0.5051937563118291,
        "bias": 0.22863227371728942,
        "hit_1c": 0.9090909090909091,
        "bucket_hit": 0.6363636363636364,
        "rank_avg": null
      },
      "days_measured": 11
    },
    "paris": {
      "models": {
        "MeteoFrance": {
          "n": 11,
          "mae": 0.46089508048360933,
          "bias": 0.20545109089852964,
          "hit_1c": 0.9090909090909091,
          "bucket_hit": 0.7272727272727273,
          "rank_avg": 2.4545454545454546
        },
        "ICON": {
          "n": 11,
          "mae": 0.33990218071168904,
          "bias": -0.1994529330958542,
          "hit_1c": 1.0,
          "bucket_hit": 0.8181818181818182,
          "rank_avg": 2.3636363636363638
        },
        "GFS": {
          "n": 11,
          "mae": 1.1088269018371113,
          "bias": -0.12752435114876318,
          "hit_1c": 0.45454545454545453,
          "bucket_hit": 0.2727272727272727,
          "rank_avg": 4.2727272727272725
        },
        "UKMO": {
          "n": 11,
          "mae": 0.4490632711703126,
          "bias": -0.16018116165220872,
          "hit_1c": 0.8181818181818182,
          "bucket_hit": 0.6363636363636364,
          "rank_avg": 2.4545454545454546
        },
        "ECMWF": {
          "n": 11,
          "mae": 0.5088139482160556,
          "bias": -0.35347992359031627,
          "hit_1c": 0.9090909090909091,
          "bucket_hit": 0.7272727272727273,
          "rank_avg": 3.4545454545454546
        }
      },
      "consensus": {
        "n": 11,
        "mae": 0.38354992312186814,
        "bias": -0.12703745571772274,
        "hit_1c": 0.9090909090909091,
        "bucket_hit": 0.5454545454545454,
        "rank_avg": null
      },
      "days_measured": 11
    }
  },
  "global": {
    "models": {
      "MeteoFrance": {
        "n": 22,
        "mae": 0.5858439199217068,
        "bias": 0.25845158536791785,
        "hit_1c": 0.8181818181818182,
        "bucket_hit": 0.5454545454545454,
        "rank_avg": 2.9545454545454546
      },
      "ICON": {
        "n": 22,
        "mae": 0.5003703880242587,
        "bias": 0.036283627514176124,
        "hit_1c": 0.9545454545454546,
        "bucket_hit": 0.6363636363636364,
        "rank_avg": 2.909090909090909
      },
      "GFS": {
        "n": 22,
        "mae": 0.8785359441215377,
        "bias": 0.015934423967586528,
        "hit_1c": 0.6818181818181818,
        "bucket_hit": 0.4090909090909091,
        "rank_avg": 3.727272727272727
      },
      "UKMO": {
        "n": 22,
        "mae": 0.4897157083034313,
        "bias": 0.022871439063557212,
        "hit_1c": 0.8636363636363636,
        "bucket_hit": 0.5909090909090909,
        "rank_avg": 2.5
      },
      "ECMWF": {
        "n": 22,
        "mae": 0.5148771440739298,
        "bias": -0.07955403091432135,
        "hit_1c": 0.8636363636363636,
        "bucket_hit": 0.6363636363636364,
        "rank_avg": 2.909090909090909
      }
    },
    "consensus": {
      "n": 22,
      "mae": 0.44437183971684857,
      "bias": 0.050797408999783335,
      "hit_1c": 0.9090909090909091,
      "bucket_hit": 0.5909090909090909,
      "rank_avg": null
    },
    "days_measured": 22
  },
  "last_update": "2026-05-08T20:15:52.184558+03:00",
  "hit_window_c": 1.0
}