{
  "per_city": {
    "london": {
      "models": {
        "MeteoFrance": {
          "n": 11,
          "mae": 0.6159200505646784,
          "bias": -0.24056348610067665,
          "hit_1c": 0.8181818181818182,
          "bucket_hit": 0.45454545454545453,
          "rank_avg": 3.090909090909091
        },
        "ICON": {
          "n": 11,
          "mae": 0.6057020607491684,
          "bias": -0.222077385424493,
          "hit_1c": 0.9090909090909091,
          "bucket_hit": 0.45454545454545453,
          "rank_avg": 3.4545454545454546
        },
        "GFS": {
          "n": 11,
          "mae": 0.5013716217666631,
          "bias": -0.20819759579263722,
          "hit_1c": 0.9090909090909091,
          "bucket_hit": 0.6363636363636364,
          "rank_avg": 2.727272727272727
        },
        "UKMO": {
          "n": 11,
          "mae": 0.4776400477025262,
          "bias": 0.07196243425995454,
          "hit_1c": 0.9090909090909091,
          "bucket_hit": 0.7272727272727273,
          "rank_avg": 3.0
        },
        "ECMWF": {
          "n": 11,
          "mae": 0.4597767354775616,
          "bias": 0.07822990232907595,
          "hit_1c": 0.8181818181818182,
          "bucket_hit": 0.6363636363636364,
          "rank_avg": 2.727272727272727
        }
      },
      "consensus": {
        "n": 11,
        "mae": 0.43373095774748616,
        "bias": -0.10412922614575525,
        "hit_1c": 1.0,
        "bucket_hit": 0.6363636363636364,
        "rank_avg": null
      },
      "days_measured": 11
    },
    "paris": {
      "models": {
        "MeteoFrance": {
          "n": 12,
          "mae": 0.4707717562281613,
          "bias": 0.2153863010267969,
          "hit_1c": 0.9166666666666666,
          "bucket_hit": 0.6666666666666666,
          "rank_avg": 2.5
        },
        "ICON": {
          "n": 12,
          "mae": 0.3660030519679278,
          "bias": -0.13075569747057317,
          "hit_1c": 1.0,
          "bucket_hit": 0.75,
          "rank_avg": 2.3333333333333335
        },
        "GFS": {
          "n": 12,
          "mae": 1.0193371525169044,
          "bias": -0.5234059604307536,
          "hit_1c": 0.4166666666666667,
          "bucket_hit": 0.16666666666666666,
          "rank_avg": 4.25
        },
        "UKMO": {
          "n": 12,
          "mae": 0.5350227386617066,
          "bias": -0.0661964688204355,
          "hit_1c": 0.8333333333333334,
          "bucket_hit": 0.4166666666666667,
          "rank_avg": 2.8333333333333335
        },
        "ECMWF": {
          "n": 12,
          "mae": 0.5376066598690562,
          "bias": -0.24564237415477072,
          "hit_1c": 0.9166666666666666,
          "bucket_hit": 0.6666666666666666,
          "rank_avg": 3.0833333333333335
        }
      },
      "consensus": {
        "n": 12,
        "mae": 0.39693104102814836,
        "bias": -0.15012283996994746,
        "hit_1c": 0.9166666666666666,
        "bucket_hit": 0.5,
        "rank_avg": null
      },
      "days_measured": 12
    }
  },
  "global": {
    "models": {
      "MeteoFrance": {
        "n": 23,
        "mae": 0.5401905056934521,
        "bias": -0.0026766406428643686,
        "hit_1c": 0.8695652173913043,
        "bucket_hit": 0.5652173913043478,
        "rank_avg": 2.782608695652174
      },
      "ICON": {
        "n": 23,
        "mae": 0.48064170834156467,
        "bias": -0.1744312873615783,
        "hit_1c": 0.9565217391304348,
        "bucket_hit": 0.6086956521739131,
        "rank_avg": 2.869565217391304
      },
      "GFS": {
        "n": 23,
        "mae": 0.7716145073754845,
        "bias": -0.372654133864698,
        "hit_1c": 0.6521739130434783,
        "bucket_hit": 0.391304347826087,
        "rank_avg": 3.5217391304347827
      },
      "UKMO": {
        "n": 23,
        "mae": 0.5075788429855769,
        "bias": -0.00012047169503156975,
        "hit_1c": 0.8695652173913043,
        "bucket_hit": 0.5652173913043478,
        "rank_avg": 2.9130434782608696
      },
      "ECMWF": {
        "n": 23,
        "mae": 0.5003836525513848,
        "bias": -0.0907469375755397,
        "hit_1c": 0.8695652173913043,
        "bucket_hit": 0.6521739130434783,
        "rank_avg": 2.9130434782608696
      }
    },
    "consensus": {
      "n": 23,
      "mae": 0.4145310011982664,
      "bias": -0.1281258942279425,
      "hit_1c": 0.9565217391304348,
      "bucket_hit": 0.5652173913043478,
      "rank_avg": null
    },
    "days_measured": 23
  },
  "last_update": "2026-05-05T01:57:52.139116+03:00",
  "hit_window_c": 1.0
}