{
  "per_city": {
    "london": {
      "models": {
        "MeteoFrance": {
          "n": 11,
          "mae": 0.9739097472817062,
          "bias": -0.500411667768081,
          "hit_1c": 0.5454545454545454,
          "bucket_hit": 0.36363636363636365,
          "rank_avg": 3.5454545454545454
        },
        "ICON": {
          "n": 11,
          "mae": 0.5105720681319373,
          "bias": -0.42219971311114307,
          "hit_1c": 0.9090909090909091,
          "bucket_hit": 0.5454545454545454,
          "rank_avg": 2.8181818181818183
        },
        "GFS": {
          "n": 11,
          "mae": 0.786934771084963,
          "bias": -0.30492530164121007,
          "hit_1c": 0.5454545454545454,
          "bucket_hit": 0.36363636363636365,
          "rank_avg": 3.0
        },
        "UKMO": {
          "n": 11,
          "mae": 0.47543313507563895,
          "bias": -0.3937397679650616,
          "hit_1c": 0.7272727272727273,
          "bucket_hit": 0.7272727272727273,
          "rank_avg": 2.3636363636363638
        },
        "ECMWF": {
          "n": 11,
          "mae": 0.8350030960145699,
          "bias": 0.030224204229517812,
          "hit_1c": 0.8181818181818182,
          "bucket_hit": 0.45454545454545453,
          "rank_avg": 3.272727272727273
        }
      },
      "consensus": {
        "n": 11,
        "mae": 0.6038814321506607,
        "bias": -0.31821044925119485,
        "hit_1c": 0.7272727272727273,
        "bucket_hit": 0.5454545454545454,
        "rank_avg": null
      },
      "days_measured": 11
    },
    "paris": {
      "models": {
        "MeteoFrance": {
          "n": 11,
          "mae": 0.6530055858700035,
          "bias": 0.28792853698094445,
          "hit_1c": 0.6363636363636364,
          "bucket_hit": 0.5454545454545454,
          "rank_avg": 3.3636363636363638
        },
        "ICON": {
          "n": 11,
          "mae": 0.3661338831828202,
          "bias": -0.10502231215594743,
          "hit_1c": 0.9090909090909091,
          "bucket_hit": 0.9090909090909091,
          "rank_avg": 2.090909090909091
        },
        "GFS": {
          "n": 11,
          "mae": 0.6889409673959661,
          "bias": -0.5861333059868457,
          "hit_1c": 0.6363636363636364,
          "bucket_hit": 0.45454545454545453,
          "rank_avg": 3.6363636363636362
        },
        "UKMO": {
          "n": 11,
          "mae": 0.39656010725861957,
          "bias": -0.0028420344048198324,
          "hit_1c": 0.9090909090909091,
          "bucket_hit": 0.8181818181818182,
          "rank_avg": 2.272727272727273
        },
        "ECMWF": {
          "n": 11,
          "mae": 0.8124326009009978,
          "bias": -0.6375996656621712,
          "hit_1c": 0.6363636363636364,
          "bucket_hit": 0.2727272727272727,
          "rank_avg": 3.6363636363636362
        }
      },
      "consensus": {
        "n": 11,
        "mae": 0.303364548524574,
        "bias": -0.20873375624576743,
        "hit_1c": 0.9090909090909091,
        "bucket_hit": 0.8181818181818182,
        "rank_avg": null
      },
      "days_measured": 11
    }
  },
  "global": {
    "models": {
      "MeteoFrance": {
        "n": 22,
        "mae": 0.8134576665758548,
        "bias": -0.1062415653935683,
        "hit_1c": 0.5909090909090909,
        "bucket_hit": 0.45454545454545453,
        "rank_avg": 3.4545454545454546
      },
      "ICON": {
        "n": 22,
        "mae": 0.4383529756573788,
        "bias": -0.26361101263354525,
        "hit_1c": 0.9090909090909091,
        "bucket_hit": 0.7272727272727273,
        "rank_avg": 2.4545454545454546
      },
      "GFS": {
        "n": 22,
        "mae": 0.7379378692404646,
        "bias": -0.44552930381402783,
        "hit_1c": 0.5909090909090909,
        "bucket_hit": 0.4090909090909091,
        "rank_avg": 3.3181818181818183
      },
      "UKMO": {
        "n": 22,
        "mae": 0.43599662116712923,
        "bias": -0.19829090118494072,
        "hit_1c": 0.8181818181818182,
        "bucket_hit": 0.7727272727272727,
        "rank_avg": 2.3181818181818183
      },
      "ECMWF": {
        "n": 22,
        "mae": 0.8237178484577838,
        "bias": -0.30368773071632665,
        "hit_1c": 0.7272727272727273,
        "bucket_hit": 0.36363636363636365,
        "rank_avg": 3.4545454545454546
      }
    },
    "consensus": {
      "n": 22,
      "mae": 0.4536229903376174,
      "bias": -0.26347210274848115,
      "hit_1c": 0.8181818181818182,
      "bucket_hit": 0.6818181818181818,
      "rank_avg": null
    },
    "days_measured": 22
  },
  "last_update": "2026-05-25T08:35:32.393568+03:00",
  "hit_window_c": 1.0
}