{
  "per_city": {
    "london": {
      "models": {
        "MeteoFrance": {
          "n": 4,
          "mae": 0.5,
          "bias": -0.15000000000000036,
          "hit_1c": 1.0,
          "bucket_hit": 0.5,
          "rank_avg": 2.25
        },
        "ICON": {
          "n": 4,
          "mae": 0.6000000000000001,
          "bias": 0.1499999999999999,
          "hit_1c": 0.75,
          "bucket_hit": 0.5,
          "rank_avg": 3.25
        },
        "GFS": {
          "n": 4,
          "mae": 0.7749999999999999,
          "bias": -0.02499999999999991,
          "hit_1c": 0.5,
          "bucket_hit": 0.5,
          "rank_avg": 3.5
        },
        "UKMO": {
          "n": 4,
          "mae": 0.49999999999999956,
          "bias": 0.19999999999999973,
          "hit_1c": 0.75,
          "bucket_hit": 0.75,
          "rank_avg": 2.5
        },
        "ECMWF": {
          "n": 4,
          "mae": 0.6000000000000001,
          "bias": 0.6000000000000001,
          "hit_1c": 0.75,
          "bucket_hit": 0.5,
          "rank_avg": 3.5
        }
      },
      "consensus": {
        "n": 4,
        "mae": 0.495000000000001,
        "bias": 0.15500000000000025,
        "hit_1c": 0.75,
        "bucket_hit": 0.5,
        "rank_avg": null
      },
      "days_measured": 4
    },
    "paris": {
      "models": {
        "MeteoFrance": {
          "n": 5,
          "mae": 0.6199999999999999,
          "bias": 0.29999999999999966,
          "hit_1c": 1.0,
          "bucket_hit": 0.4,
          "rank_avg": 3.4
        },
        "ICON": {
          "n": 5,
          "mae": 0.29999999999999966,
          "bias": -0.1400000000000002,
          "hit_1c": 1.0,
          "bucket_hit": 1.0,
          "rank_avg": 1.6
        },
        "GFS": {
          "n": 5,
          "mae": 1.2599999999999998,
          "bias": -1.2599999999999998,
          "hit_1c": 0.6,
          "bucket_hit": 0.4,
          "rank_avg": 3.0
        },
        "UKMO": {
          "n": 5,
          "mae": 0.44000000000000056,
          "bias": -0.44000000000000056,
          "hit_1c": 1.0,
          "bucket_hit": 0.8,
          "rank_avg": 2.6
        },
        "ECMWF": {
          "n": 5,
          "mae": 1.1799999999999997,
          "bias": -1.1799999999999997,
          "hit_1c": 0.4,
          "bucket_hit": 0.0,
          "rank_avg": 4.4
        }
      },
      "consensus": {
        "n": 5,
        "mae": 0.45899999999999963,
        "bias": -0.45899999999999963,
        "hit_1c": 1.0,
        "bucket_hit": 0.6,
        "rank_avg": null
      },
      "days_measured": 5
    }
  },
  "global": {
    "models": {
      "MeteoFrance": {
        "n": 9,
        "mae": 0.5666666666666667,
        "bias": 0.09999999999999964,
        "hit_1c": 1.0,
        "bucket_hit": 0.4444444444444444,
        "rank_avg": 2.888888888888889
      },
      "ICON": {
        "n": 9,
        "mae": 0.4333333333333332,
        "bias": -0.01111111111111127,
        "hit_1c": 0.8888888888888888,
        "bucket_hit": 0.7777777777777778,
        "rank_avg": 2.3333333333333335
      },
      "GFS": {
        "n": 9,
        "mae": 1.0444444444444443,
        "bias": -0.7111111111111109,
        "hit_1c": 0.5555555555555556,
        "bucket_hit": 0.4444444444444444,
        "rank_avg": 3.2222222222222223
      },
      "UKMO": {
        "n": 9,
        "mae": 0.4666666666666668,
        "bias": -0.155555555555556,
        "hit_1c": 0.8888888888888888,
        "bucket_hit": 0.7777777777777778,
        "rank_avg": 2.5555555555555554
      },
      "ECMWF": {
        "n": 9,
        "mae": 0.922222222222222,
        "bias": -0.3888888888888887,
        "hit_1c": 0.5555555555555556,
        "bucket_hit": 0.2222222222222222,
        "rank_avg": 4.0
      }
    },
    "consensus": {
      "n": 9,
      "mae": 0.47500000000000026,
      "bias": -0.18611111111111078,
      "hit_1c": 0.8888888888888888,
      "bucket_hit": 0.5555555555555556,
      "rank_avg": null
    },
    "days_measured": 9
  },
  "last_update": "2026-04-23T01:32:54.760349+03:00",
  "hit_window_c": 1.0
}