{
  "per_city": {
    "london": {
      "models": {
        "MeteoFrance": {
          "n": 12,
          "mae": 0.7779037218100416,
          "bias": 0.42609953462930533,
          "hit_1c": 0.6666666666666666,
          "bucket_hit": 0.3333333333333333,
          "rank_avg": 3.4166666666666665
        },
        "ICON": {
          "n": 12,
          "mae": 0.6523949598514158,
          "bias": 0.1189379930454438,
          "hit_1c": 0.9166666666666666,
          "bucket_hit": 0.4166666666666667,
          "rank_avg": 3.25
        },
        "GFS": {
          "n": 12,
          "mae": 0.7464517350686416,
          "bias": 0.23934716802536174,
          "hit_1c": 0.8333333333333334,
          "bucket_hit": 0.4166666666666667,
          "rank_avg": 3.4166666666666665
        },
        "UKMO": {
          "n": 12,
          "mae": 0.44466364073188336,
          "bias": 0.15732448408432123,
          "hit_1c": 0.9166666666666666,
          "bucket_hit": 0.5833333333333334,
          "rank_avg": 2.0
        },
        "ECMWF": {
          "n": 12,
          "mae": 0.6005790344308995,
          "bias": 0.13000434311716136,
          "hit_1c": 0.8333333333333334,
          "bucket_hit": 0.5,
          "rank_avg": 2.9166666666666665
        }
      },
      "consensus": {
        "n": 12,
        "mae": 0.5270181709191982,
        "bias": 0.2143427045803191,
        "hit_1c": 0.9166666666666666,
        "bucket_hit": 0.5833333333333334,
        "rank_avg": null
      },
      "days_measured": 12
    },
    "paris": {
      "models": {
        "MeteoFrance": {
          "n": 12,
          "mae": 0.4142197252315915,
          "bias": 0.22728495700082366,
          "hit_1c": 0.9166666666666666,
          "bucket_hit": 0.75,
          "rank_avg": 2.8333333333333335
        },
        "ICON": {
          "n": 12,
          "mae": 0.33606838865228683,
          "bias": -0.1291725128453236,
          "hit_1c": 1.0,
          "bucket_hit": 0.8333333333333334,
          "rank_avg": 2.4166666666666665
        },
        "GFS": {
          "n": 12,
          "mae": 1.01673816069057,
          "bias": -0.26885285891788097,
          "hit_1c": 0.5,
          "bucket_hit": 0.4166666666666667,
          "rank_avg": 3.8333333333333335
        },
        "UKMO": {
          "n": 12,
          "mae": 0.3454679626385995,
          "bias": -0.17416057965028178,
          "hit_1c": 0.8333333333333334,
          "bucket_hit": 0.8333333333333334,
          "rank_avg": 2.4166666666666665
        },
        "ECMWF": {
          "n": 12,
          "mae": 0.5219872555683457,
          "bias": -0.3760536663845153,
          "hit_1c": 0.8333333333333334,
          "bucket_hit": 0.6666666666666666,
          "rank_avg": 3.5
        }
      },
      "consensus": {
        "n": 12,
        "mae": 0.33970882670178043,
        "bias": -0.1441909321594356,
        "hit_1c": 0.9166666666666666,
        "bucket_hit": 0.6666666666666666,
        "rank_avg": null
      },
      "days_measured": 12
    }
  },
  "global": {
    "models": {
      "MeteoFrance": {
        "n": 24,
        "mae": 0.5960617235208165,
        "bias": 0.3266922458150645,
        "hit_1c": 0.7916666666666666,
        "bucket_hit": 0.5416666666666666,
        "rank_avg": 3.125
      },
      "ICON": {
        "n": 24,
        "mae": 0.4942316742518513,
        "bias": -0.005117259899939904,
        "hit_1c": 0.9583333333333334,
        "bucket_hit": 0.625,
        "rank_avg": 2.8333333333333335
      },
      "GFS": {
        "n": 24,
        "mae": 0.881594947879606,
        "bias": -0.014752845446259618,
        "hit_1c": 0.6666666666666666,
        "bucket_hit": 0.4166666666666667,
        "rank_avg": 3.625
      },
      "UKMO": {
        "n": 24,
        "mae": 0.39506580168524147,
        "bias": -0.008418047782980276,
        "hit_1c": 0.875,
        "bucket_hit": 0.7083333333333334,
        "rank_avg": 2.2083333333333335
      },
      "ECMWF": {
        "n": 24,
        "mae": 0.5612831449996226,
        "bias": -0.12302466163367698,
        "hit_1c": 0.8333333333333334,
        "bucket_hit": 0.5833333333333334,
        "rank_avg": 3.2083333333333335
      }
    },
    "consensus": {
      "n": 24,
      "mae": 0.4333634988104893,
      "bias": 0.03507588621044174,
      "hit_1c": 0.9166666666666666,
      "bucket_hit": 0.625,
      "rank_avg": null
    },
    "days_measured": 24
  },
  "last_update": "2026-05-11T03:13:23.384596+03:00",
  "hit_window_c": 1.0
}