{
  "per_city": {
    "london": {
      "models": {
        "MeteoFrance": {
          "n": 12,
          "mae": 1.0421330860021005,
          "bias": 0.2521060403204907,
          "hit_1c": 0.5833333333333334,
          "bucket_hit": 0.4166666666666667,
          "rank_avg": 3.6666666666666665
        },
        "ICON": {
          "n": 12,
          "mae": 0.5516024939147686,
          "bias": -0.24261767442634183,
          "hit_1c": 0.8333333333333334,
          "bucket_hit": 0.4166666666666667,
          "rank_avg": 2.5
        },
        "GFS": {
          "n": 12,
          "mae": 0.9398901310935127,
          "bias": -0.020586541902498052,
          "hit_1c": 0.5,
          "bucket_hit": 0.5,
          "rank_avg": 3.0833333333333335
        },
        "UKMO": {
          "n": 12,
          "mae": 0.36472722929385853,
          "bias": 0.06484010936302465,
          "hit_1c": 0.8333333333333334,
          "bucket_hit": 0.75,
          "rank_avg": 2.1666666666666665
        },
        "ECMWF": {
          "n": 12,
          "mae": 0.9152423701914513,
          "bias": 0.368193205222705,
          "hit_1c": 0.5833333333333334,
          "bucket_hit": 0.4166666666666667,
          "rank_avg": 3.5833333333333335
        }
      },
      "consensus": {
        "n": 12,
        "mae": 0.6400643714518152,
        "bias": 0.08438702771547686,
        "hit_1c": 0.6666666666666666,
        "bucket_hit": 0.5,
        "rank_avg": null
      },
      "days_measured": 12
    },
    "paris": {
      "models": {
        "MeteoFrance": {
          "n": 12,
          "mae": 0.8834621019971826,
          "bias": 0.6605643855157316,
          "hit_1c": 0.5833333333333334,
          "bucket_hit": 0.25,
          "rank_avg": 3.6666666666666665
        },
        "ICON": {
          "n": 12,
          "mae": 0.3244418494786944,
          "bias": 0.05885121803458956,
          "hit_1c": 1.0,
          "bucket_hit": 0.8333333333333334,
          "rank_avg": 1.6666666666666667
        },
        "GFS": {
          "n": 12,
          "mae": 0.8543743066475787,
          "bias": -0.5834094168224615,
          "hit_1c": 0.75,
          "bucket_hit": 0.25,
          "rank_avg": 3.75
        },
        "UKMO": {
          "n": 12,
          "mae": 0.584885547389811,
          "bias": 0.4710567866074638,
          "hit_1c": 0.8333333333333334,
          "bucket_hit": 0.5833333333333334,
          "rank_avg": 2.5
        },
        "ECMWF": {
          "n": 12,
          "mae": 0.8576047175569874,
          "bias": -0.7428182183920121,
          "hit_1c": 0.6666666666666666,
          "bucket_hit": 0.4166666666666667,
          "rank_avg": 3.4166666666666665
        }
      },
      "consensus": {
        "n": 12,
        "mae": 0.404705467748367,
        "bias": -0.06557085312086712,
        "hit_1c": 0.9166666666666666,
        "bucket_hit": 0.6666666666666666,
        "rank_avg": null
      },
      "days_measured": 12
    }
  },
  "global": {
    "models": {
      "MeteoFrance": {
        "n": 24,
        "mae": 0.9627975939996416,
        "bias": 0.45633521291811113,
        "hit_1c": 0.5833333333333334,
        "bucket_hit": 0.3333333333333333,
        "rank_avg": 3.6666666666666665
      },
      "ICON": {
        "n": 24,
        "mae": 0.43802217169673147,
        "bias": -0.09188322819587613,
        "hit_1c": 0.9166666666666666,
        "bucket_hit": 0.625,
        "rank_avg": 2.0833333333333335
      },
      "GFS": {
        "n": 24,
        "mae": 0.8971322188705457,
        "bias": -0.3019979793624798,
        "hit_1c": 0.625,
        "bucket_hit": 0.375,
        "rank_avg": 3.4166666666666665
      },
      "UKMO": {
        "n": 24,
        "mae": 0.47480638834183475,
        "bias": 0.26794844798524425,
        "hit_1c": 0.8333333333333334,
        "bucket_hit": 0.6666666666666666,
        "rank_avg": 2.3333333333333335
      },
      "ECMWF": {
        "n": 24,
        "mae": 0.8864235438742193,
        "bias": -0.18731250658465357,
        "hit_1c": 0.625,
        "bucket_hit": 0.4166666666666667,
        "rank_avg": 3.5
      }
    },
    "consensus": {
      "n": 24,
      "mae": 0.522384919600091,
      "bias": 0.009408087297304876,
      "hit_1c": 0.7916666666666666,
      "bucket_hit": 0.5833333333333334,
      "rank_avg": null
    },
    "days_measured": 24
  },
  "last_update": "2026-06-01T02:37:52.504253+03:00",
  "hit_window_c": 1.0
}