{
  "per_city": {
    "london": {
      "models": {
        "MeteoFrance": {
          "n": 11,
          "mae": 0.9307187220446466,
          "bias": -0.8108474777926148,
          "hit_1c": 0.5454545454545454,
          "bucket_hit": 0.36363636363636365,
          "rank_avg": 3.6363636363636362
        },
        "ICON": {
          "n": 11,
          "mae": 0.519939354550225,
          "bias": -0.44458107719049295,
          "hit_1c": 0.9090909090909091,
          "bucket_hit": 0.5454545454545454,
          "rank_avg": 2.8181818181818183
        },
        "GFS": {
          "n": 11,
          "mae": 0.6994746850090036,
          "bias": -0.5680546765360245,
          "hit_1c": 0.6363636363636364,
          "bucket_hit": 0.36363636363636365,
          "rank_avg": 2.909090909090909
        },
        "UKMO": {
          "n": 11,
          "mae": 0.5645064276729211,
          "bias": -0.509704726170741,
          "hit_1c": 0.6363636363636364,
          "bucket_hit": 0.6363636363636364,
          "rank_avg": 2.4545454545454546
        },
        "ECMWF": {
          "n": 11,
          "mae": 0.7427195478277224,
          "bias": -0.27481616179525775,
          "hit_1c": 0.8181818181818182,
          "bucket_hit": 0.45454545454545453,
          "rank_avg": 3.1818181818181817
        }
      },
      "consensus": {
        "n": 11,
        "mae": 0.578982616053801,
        "bias": -0.5216008238970254,
        "hit_1c": 0.8181818181818182,
        "bucket_hit": 0.5454545454545454,
        "rank_avg": null
      },
      "days_measured": 11
    },
    "paris": {
      "models": {
        "MeteoFrance": {
          "n": 10,
          "mae": 0.5868307434213416,
          "bias": 0.1852459896433766,
          "hit_1c": 0.7,
          "bucket_hit": 0.6,
          "rank_avg": 3.2
        },
        "ICON": {
          "n": 10,
          "mae": 0.3565778777931531,
          "bias": -0.16169393707949134,
          "hit_1c": 0.9,
          "bucket_hit": 0.9,
          "rank_avg": 2.1
        },
        "GFS": {
          "n": 10,
          "mae": 0.6628069126450662,
          "bias": -0.5497184850950336,
          "hit_1c": 0.6,
          "bucket_hit": 0.5,
          "rank_avg": 3.7
        },
        "UKMO": {
          "n": 10,
          "mae": 0.43586875822389254,
          "bias": -0.003473597605890788,
          "hit_1c": 0.9,
          "bucket_hit": 0.8,
          "rank_avg": 2.4
        },
        "ECMWF": {
          "n": 10,
          "mae": 0.7716047090164742,
          "bias": -0.5792884802537648,
          "hit_1c": 0.7,
          "bucket_hit": 0.3,
          "rank_avg": 3.6
        }
      },
      "consensus": {
        "n": 10,
        "mae": 0.3258795735848475,
        "bias": -0.22178570207816026,
        "hit_1c": 0.9,
        "bucket_hit": 0.8,
        "rank_avg": null
      },
      "days_measured": 10
    }
  },
  "global": {
    "models": {
      "MeteoFrance": {
        "n": 21,
        "mae": 0.7669625417478346,
        "bias": -0.33651725520404746,
        "hit_1c": 0.6190476190476191,
        "bucket_hit": 0.47619047619047616,
        "rank_avg": 3.4285714285714284
      },
      "ICON": {
        "n": 21,
        "mae": 0.4421481751420955,
        "bias": -0.30987291523287314,
        "hit_1c": 0.9047619047619048,
        "bucket_hit": 0.7142857142857143,
        "rank_avg": 2.4761904761904763
      },
      "GFS": {
        "n": 21,
        "mae": 0.6820138410261762,
        "bias": -0.5593231568022193,
        "hit_1c": 0.6190476190476191,
        "bucket_hit": 0.42857142857142855,
        "rank_avg": 3.2857142857142856
      },
      "UKMO": {
        "n": 21,
        "mae": 0.5032503946019551,
        "bias": -0.26864228399700285,
        "hit_1c": 0.7619047619047619,
        "bucket_hit": 0.7142857142857143,
        "rank_avg": 2.4285714285714284
      },
      "ECMWF": {
        "n": 21,
        "mae": 0.7564743864890328,
        "bias": -0.41980298010883255,
        "hit_1c": 0.7619047619047619,
        "bucket_hit": 0.38095238095238093,
        "rank_avg": 3.380952380952381
      }
    },
    "consensus": {
      "n": 21,
      "mae": 0.4584573577352517,
      "bias": -0.3788317182689944,
      "hit_1c": 0.8571428571428571,
      "bucket_hit": 0.6666666666666666,
      "rank_avg": null
    },
    "days_measured": 21
  },
  "last_update": "2026-05-24T09:40:37.329098+03:00",
  "hit_window_c": 1.0
}